number	value	datetime_start	datetime_complete	params_loss.adversarial_temperature	params_loss.margin	params_model.embedding_dim	params_model.scoring_fct_norm	params_negative_sampler.num_negs_per_pos	params_optimizer.lr	params_regularizer.weight	params_training.batch_size	user_attrs_avg.adjusted_mean_rank	user_attrs_avg.hits_at_1	user_attrs_avg.hits_at_10	user_attrs_avg.hits_at_3	user_attrs_avg.hits_at_5	user_attrs_avg.mean_rank	user_attrs_avg.mean_reciprocal_rank	user_attrs_best.hits_at_1	user_attrs_best.hits_at_10	user_attrs_best.hits_at_3	user_attrs_best.hits_at_5	user_attrs_best.mean_rank	user_attrs_best.mean_reciprocal_rank	user_attrs_random_seed	user_attrs_stopped_epoch	user_attrs_worst.hits_at_1	user_attrs_worst.hits_at_10	user_attrs_worst.hits_at_3	user_attrs_worst.hits_at_5	user_attrs_worst.mean_rank	user_attrs_worst.mean_reciprocal_rank	system_attrs__number	state
0	0.09269662921348315	2020-03-09 09:14:47.244464	2020-03-09 09:15:15.074763	0.3945258328234915	24.003125955405824	128	1	66	0.0029454020400781493	0.05772172954590769	512	1.0171074710144532	0.0	0.09269662921348315	0.018726591760299626	0.04400749063670412	49.059925093632955	0.04336444825566746	0.0	0.09269662921348315	0.018726591760299626	0.04400749063670412	49.059925093632955	0.04336444825566746	2989428855	150.0	0.0	0.09269662921348315	0.018726591760299626	0.04400749063670412	49.059925093632955	0.04336444825566746	0	COMPLETE
1	0.09410112359550561	2020-03-09 09:15:15.093547	2020-03-09 09:15:59.738776	0.39183673747930103	26.528193227213524	128	1	14	0.0020863368312343967	0.053276706635815574	256	0.9868029905116876	0.0	0.09410112359550561	0.02762172284644195	0.046348314606741575	47.67649812734082	0.04597222392963947	0.0	0.09410112359550561	0.02762172284644195	0.046348314606741575	47.67649812734082	0.04597222392963947	3418033734	150.0	0.0	0.09410112359550561	0.02762172284644195	0.046348314606741575	47.67649812734082	0.04597222392963947	1	COMPLETE
2	0.1306179775280899	2020-03-09 09:15:59.757324	2020-03-09 09:21:30.776891	0.29161463171143165	12.276944506592436	256	2	18	0.007894270611959223	0.050910593806650126	256	0.9236763663326603	0.011235955056179775	0.1306179775280899	0.040262172284644196	0.06367041198501873	44.55383895131086	0.06109764230076953	0.011235955056179775	0.1306179775280899	0.040262172284644196	0.06367041198501873	44.55383895131086	0.06109764230076953	1764140199	750.0	0.011235955056179775	0.1306179775280899	0.040262172284644196	0.06367041198501873	44.55383895131086	0.06109764230076953	2	COMPLETE
3	0.09597378277153558	2020-03-09 09:21:30.795825	2020-03-09 09:23:00.041961	0.5380049738637344	26.605170170799006	128	2	63	0.008593382454259696	0.05299697529537222	128	1.0104996806938438	0.0	0.09597378277153558	0.018258426966292134	0.03838951310861423	48.7560861423221	0.043285183600823146	0.0	0.09597378277153558	0.018258426966292134	0.03838951310861423	48.7560861423221	0.043285183600823146	1222251180	150.0	0.0	0.09597378277153558	0.018258426966292134	0.03838951310861423	48.7560861423221	0.043285183600823146	3	COMPLETE
4	0.08848314606741572	2020-03-09 09:23:00.054180	2020-03-09 09:24:18.133205	0.23850030200181355	27.123693152524446	256	1	58	0.02966388139473533	0.02196454194673122	256	1.0420049655526764	0.005149812734082397	0.08848314606741572	0.025280898876404494	0.040262172284644196	50.27387640449438	0.04561449988986806	0.005149812734082397	0.08848314606741572	0.025280898876404494	0.040262172284644196	50.27387640449438	0.04561449988986806	1929689614	200.0	0.005149812734082397	0.08848314606741572	0.025280898876404494	0.040262172284644196	50.27387640449438	0.04561449988986806	4	COMPLETE
5	0.09129213483146068	2020-03-09 09:24:18.146206	2020-03-09 09:25:53.149069	0.7697515565141339	20.76284495902474	256	1	77	0.02362857965294522	0.010580992618740764	128	1.0131352255478403	0.007022471910112359	0.09129213483146068	0.024344569288389514	0.0449438202247191	48.92977528089887	0.04812547970409723	0.007022471910112359	0.09129213483146068	0.024344569288389514	0.0449438202247191	48.92977528089887	0.04812547970409723	2876471851	150.0	0.007022471910112359	0.09129213483146068	0.024344569288389514	0.0449438202247191	48.92977528089887	0.04812547970409723	5	COMPLETE
6	0.09691011235955056	2020-03-09 09:25:53.161768	2020-03-09 09:26:46.614495	0.944263917404677	12.4468082117679	128	2	47	0.03848257610929289	0.024702024984801008	512	0.990957939844711	0.0009363295880149813	0.09691011235955056	0.025280898876404494	0.048220973782771535	47.831460674157306	0.04688633230517952	0.0009363295880149813	0.09691011235955056	0.025280898876404494	0.048220973782771535	47.831460674157306	0.04688633230517952	3975887194	250.0	0.0009363295880149813	0.09691011235955056	0.025280898876404494	0.048220973782771535	47.831460674157306	0.04688633230517952	6	COMPLETE
7	0.0852059925093633	2020-03-09 09:26:46.627081	2020-03-09 09:27:47.671145	0.7265000072105025	15.746988948066251	64	2	1	0.03363941802806753	0.01100011518429398	128	1.0434511915103912	0.007958801498127341	0.0852059925093633	0.02153558052434457	0.039794007490636704	50.3623595505618	0.046429814759102406	0.007958801498127341	0.0852059925093633	0.02153558052434457	0.039794007490636704	50.3623595505618	0.046429814759102406	2756149850	150.0	0.007958801498127341	0.0852059925093633	0.02153558052434457	0.039794007490636704	50.3623595505618	0.046429814759102406	7	COMPLETE
8	0.175561797752809	2020-03-09 09:27:47.683898	2020-03-09 09:31:39.614881	0.9814582754604815	1.8854797328887476	64	2	64	0.044753034209129426	0.03977446286809019	512	0.8152042513439425	0.013108614232209739	0.175561797752809	0.0650749063670412	0.0997191011235955	39.25983146067416	0.07787658825944195	0.013108614232209739	0.175561797752809	0.0650749063670412	0.0997191011235955	39.25983146067416	0.07787658825944195	3101237074	900.0	0.013108614232209739	0.175561797752809	0.0650749063670412	0.0997191011235955	39.25983146067416	0.07787658825944195	8	COMPLETE
9	0.09129213483146068	2020-03-09 09:31:39.633441	2020-03-09 09:33:47.043697	0.7889414302813011	26.07871968238961	64	2	33	0.018023503336684073	0.04754210475682853	128	1.0305700969449785	0.010299625468164793	0.09129213483146068	0.031835205992509365	0.04915730337078652	49.754447565543074	0.0510414769104733	0.010299625468164793	0.09129213483146068	0.031835205992509365	0.04915730337078652	49.75421348314607	0.0510417702468104	251015087	200.0	0.010299625468164793	0.09129213483146068	0.031835205992509365	0.04915730337078652	49.754681647940075	0.051041193689182314	9	COMPLETE
10	0.19241573033707865	2020-03-09 09:33:47.056148	2020-03-09 09:37:34.789602	0.7916040161369623	2.103593906991753	64	2	13	0.07627358800970963	0.1936473970208008	512	0.7960088858293711	0.017322097378277154	0.19241573033707865	0.06413857677902622	0.10767790262172285	38.337078651685395	0.08281374168392813	0.017322097378277154	0.19241573033707865	0.06413857677902622	0.10767790262172285	38.337078651685395	0.08281374168392813	1408058150	900.0	0.017322097378277154	0.19241573033707865	0.06413857677902622	0.10767790262172285	38.337078651685395	0.08281374168392813	10	COMPLETE
11	0.09737827715355805	2020-03-09 09:37:34.808291	2020-03-09 09:38:41.737135	0.9006384937966637	24.954455282194605	128	2	75	0.001533596463803826	0.11487117264729858	256	1.012640213433388	0.0	0.09737827715355805	0.02294007490636704	0.042134831460674156	48.842696629213485	0.04352079358956273	0.0	0.09737827715355805	0.02294007490636704	0.042134831460674156	48.842696629213485	0.04352079358956273	319114187	150.0	0.0	0.09737827715355805	0.02294007490636704	0.042134831460674156	48.842696629213485	0.04352079358956273	11	COMPLETE
12	0.1750936329588015	2020-03-09 09:38:41.749347	2020-03-09 09:46:07.441051	0.8490192044238023	5.3475781367737785	128	1	36	0.007410063831239152	0.05594910087636435	256	0.8313296883469901	0.019194756554307114	0.1750936329588015	0.05383895131086142	0.09597378277153558	40.09925093632959	0.07830732289192383	0.019194756554307114	0.1750936329588015	0.05383895131086142	0.09597378277153558	40.09925093632959	0.07830732289192383	3238374699		0.019194756554307114	0.1750936329588015	0.05383895131086142	0.09597378277153558	40.09925093632959	0.07830732289192383	12	COMPLETE
13	0.22191011235955055	2020-03-09 09:46:07.453218	2020-03-09 09:53:52.908130	0.1454503695642526	9.504571360144976	256	2	54	0.060884758744839056	0.043843160059614195	128	0.7595598684983111	0.030430711610486893	0.22191011235955055	0.0800561797752809	0.12172284644194757	36.574438202247194	0.09818824617518997	0.030430711610486893	0.22191011235955055	0.0800561797752809	0.12172284644194757	36.573970037453186	0.09818839019939977	3896739805	550.0	0.030430711610486893	0.22191011235955055	0.0800561797752809	0.12172284644194757	36.5749063670412	0.09818810465427785	13	COMPLETE
14	0.17462546816479402	2020-03-09 09:53:52.924361	2020-03-09 10:04:22.864859	0.23783996532914248	8.124176819290616	64	1	50	0.049313118646111355	0.032431193189776074	128	0.788824213980889	0.017790262172284643	0.17462546816479402	0.054775280898876406	0.10018726591760299	37.991573033707866	0.07907365378718151	0.017790262172284643	0.17462546816479402	0.054775280898876406	0.10018726591760299	37.99110486891386	0.07908668647773306	4153955381	750.0	0.017790262172284643	0.17462546816479402	0.054775280898876406	0.10018726591760299	37.99204119850187	0.07906322231772762	14	COMPLETE
15	0.10393258426966293	2020-03-09 10:04:22.877219	2020-03-09 10:07:36.575250	0.8274993574737494	1.7862305401807403	64	1	30	0.0021016040942040803	0.08258909777652121	128	0.9969177235498647	0.00046816479400749064	0.10393258426966293	0.020131086142322098	0.04353932584269663	48.12078651685393	0.04554451987597084	0.00046816479400749064	0.10393258426966293	0.020131086142322098	0.04353932584269663	48.12078651685393	0.04554451987597084	120026192	250.0	0.00046816479400749064	0.10393258426966293	0.020131086142322098	0.04353932584269663	48.12078651685393	0.04554451987597084	15	COMPLETE
16	0.09784644194756555	2020-03-09 10:07:36.587539	2020-03-09 10:08:31.439730	0.2396725602585795	1.3384958292701652	64	2	61	0.008322387202877996	0.2362453341728409	256	1.0232006150266428	0.0	0.09784644194756555	0.023408239700374533	0.04400749063670412	49.34878277153558	0.044471093897006514	0.0	0.09784644194756555	0.023408239700374533	0.04400749063670412	49.34878277153558	0.044471093897006514	998447832	150.0	0.0	0.09784644194756555	0.023408239700374533	0.04400749063670412	49.34878277153558	0.044471093897006514	16	COMPLETE
17	0.10440074906367042	2020-03-09 10:08:31.452457	2020-03-09 10:09:59.759800	0.618552707358242	17.379510744113528	64	2	59	0.0029830052570245813	0.03119387184425093	256	0.9972158659333259	0.0	0.10440074906367042	0.020599250936329586	0.047752808988764044	48.03651685393258	0.04533419838898862	0.0	0.10440074906367042	0.020599250936329586	0.047752808988764044	48.03651685393258	0.04533419838898862	4201474985	200.0	0.0	0.10440074906367042	0.020599250936329586	0.047752808988764044	48.03651685393258	0.04533419838898862	17	COMPLETE
18	0.19428838951310862	2020-03-09 10:09:59.772652	2020-03-09 10:20:20.412519	0.3268643913691567	8.43918749422421	128	1	63	0.037722500331734944	0.017286671752695285	128	0.775102190731777	0.019662921348314606	0.19428838951310862	0.06647940074906367	0.10720973782771535	37.34199438202247	0.0850832997314932	0.019662921348314606	0.19428838951310862	0.06647940074906367	0.10720973782771535	37.34176029962547	0.08508369783080785	1885083880	750.0	0.019662921348314606	0.19428838951310862	0.06647940074906367	0.10720973782771535	37.34222846441948	0.08508291755615117	18	COMPLETE
19	0.09644194756554307	2020-03-09 10:20:20.425209	2020-03-09 10:21:06.606039	0.4309636751013952	11.012295800764086	128	2	36	0.0039314778221748465	0.024708174709702345	256	1.0189013953446253	0.0	0.09644194756554307	0.023876404494382022	0.04541198501872659	49.18258426966292	0.04448709360117101	0.0	0.09644194756554307	0.023876404494382022	0.04541198501872659	49.18258426966292	0.04448709360117101	1209838158	150.0	0.0	0.09644194756554307	0.023876404494382022	0.04541198501872659	49.18258426966292	0.04448709360117101	19	COMPLETE
20	0.09644194756554307	2020-03-09 10:21:06.618787	2020-03-09 10:21:37.261657	0.23502528168904768	29.178758250569906	128	1	97	0.0022974955931378996	0.06961493251280854	512	0.9996065195625445	0.0	0.09644194756554307	0.020599250936329586	0.04119850187265917	48.21910112359551	0.04405749142738918	0.0	0.09644194756554307	0.020599250936329586	0.04119850187265917	48.21910112359551	0.04405749142738918	281043240	150.0	0.0	0.09644194756554307	0.020599250936329586	0.04119850187265917	48.21910112359551	0.04405749142738918	20	COMPLETE
21	0.08661048689138577	2020-03-09 10:21:37.274298	2020-03-09 10:23:01.967339	0.3244015056329327	15.692249511510402	256	2	20	0.0026211903480242538	0.10248275383417163	128	1.0103139375067884	0.0	0.08661048689138577	0.016853932584269662	0.03604868913857678	48.73642322097378	0.04138236899127819	0.0	0.08661048689138577	0.016853932584269662	0.03604868913857678	48.73642322097378	0.04138236899127819	148308852	150.0	0.0	0.08661048689138577	0.016853932584269662	0.03604868913857678	48.73642322097378	0.04138236899127819	21	COMPLETE
22	0.18820224719101122	2020-03-09 10:23:01.979794	2020-03-09 10:27:37.747097	0.8473409597574831	4.290775064176514	128	2	52	0.043560497225276024	0.08891994173376991	256	0.7996140253853946	0.020599250936329586	0.18820224719101122	0.07911985018726592	0.11657303370786516	38.51123595505618	0.0881733228518777	0.020599250936329586	0.18820224719101122	0.07911985018726592	0.11657303370786516	38.51123595505618	0.0881733228518777	1755879660	650.0	0.020599250936329586	0.18820224719101122	0.07911985018726592	0.11657303370786516	38.51123595505618	0.0881733228518777	22	COMPLETE
23	0.12593632958801498	2020-03-09 10:27:37.759765	2020-03-09 10:31:57.813003	0.6095958105937457	1.1171509386157057	64	2	52	0.016668869916275274	0.02918521207725691	256	0.920553398747625	0.009831460674157303	0.12593632958801498	0.03698501872659176	0.0599250936329588	44.3625936329588	0.05909868243161901	0.009831460674157303	0.12593632958801498	0.03698501872659176	0.0599250936329588	44.3623595505618	0.05909899769410656	1514184614	600.0	0.009831460674157303	0.12593632958801498	0.03698501872659176	0.0599250936329588	44.362827715355806	0.05909837842850602	23	COMPLETE
24	0.09597378277153558	2020-03-09 10:31:57.825771	2020-03-09 10:33:11.083575	0.9738820311234037	19.322758440036914	64	2	79	0.0019433317502344622	0.04223976309965602	256	1.0259910617930612	0.0	0.09597378277153558	0.020599250936329586	0.03745318352059925	49.50374531835206	0.042634228836749166	0.0	0.09597378277153558	0.020599250936329586	0.03745318352059925	49.50374531835206	0.042634228836749166	51586798	200.0	0.0	0.09597378277153558	0.020599250936329586	0.03745318352059925	49.50374531835206	0.042634228836749166	24	COMPLETE
25	0.09644194756554307	2020-03-09 10:33:11.096749	2020-03-09 10:33:55.434866	0.8448817868820054	25.455062168977005	128	2	78	0.06966201626857141	0.08605681469337138	512	1.0257202804085104	0.006554307116104869	0.09644194756554307	0.026685393258426966	0.04447565543071161	49.52691947565543	0.048652696003536555	0.006554307116104869	0.09644194756554307	0.026685393258426966	0.04447565543071161	49.526685393258425	0.04865282714213433	926426256	200.0	0.006554307116104869	0.09644194756554307	0.026685393258426966	0.04447565543071161	49.52715355805243	0.048652567914673636	25	COMPLETE
26	0.10346441947565543	2020-03-09 10:33:55.446893	2020-03-09 10:34:27.256366	0.885616557994418	8.09153085853962	64	1	62	0.004080411689484875	0.1280192325996635	512	0.9972683070506552	0.0	0.10346441947565543	0.02855805243445693	0.05149812734082397	48.15121722846442	0.046763639237062865	0.0	0.10346441947565543	0.02855805243445693	0.05149812734082397	48.15121722846442	0.046763639237062865	3777886498	150.0	0.0	0.10346441947565543	0.02855805243445693	0.05149812734082397	48.15121722846442	0.046763639237062865	26	COMPLETE
27	0.16666666666666666	2020-03-09 10:34:27.267719	2020-03-09 10:42:12.676733	0.4692862911989798	4.812102800028834	128	2	21	0.009812858390459018	0.1001592906652918	256	0.8400563447847823	0.019662921348314606	0.16666666666666666	0.05711610486891386	0.08801498127340825	40.49438202247191	0.07684311485301569	0.019662921348314606	0.16666666666666666	0.05711610486891386	0.08801498127340825	40.49438202247191	0.07684311485301569	3196827636		0.019662921348314606	0.16666666666666666	0.05711610486891386	0.08801498127340825	40.49438202247191	0.07684311485301569	27	COMPLETE
28	0.10440074906367042	2020-03-09 10:42:12.689283	2020-03-09 10:42:44.606158	0.854814877432565	14.67723677366641	128	2	99	0.02039101726205062	0.014384042515163597	512	1.0027525963990735	0.0	0.10440074906367042	0.020599250936329586	0.04588014981273408	48.34878277153558	0.04499016760786307	0.0	0.10440074906367042	0.020599250936329586	0.04588014981273408	48.34878277153558	0.04499016760786307	3630535961	150.0	0.0	0.10440074906367042	0.020599250936329586	0.04588014981273408	48.34878277153558	0.04499016760786307	28	COMPLETE
29	0.09878277153558053	2020-03-09 10:42:44.618739	2020-03-09 10:44:44.926911	0.36631307109274214	11.85824943261139	64	2	15	0.03908137346163767	0.03097868909618339	256	1.0195889896957364	0.008895131086142321	0.09878277153558053	0.026685393258426966	0.04962546816479401	49.21535580524345	0.050707423120779346	0.008895131086142321	0.09878277153558053	0.026685393258426966	0.04962546816479401	49.21535580524345	0.050707423120779346	2982756848	300.0	0.008895131086142321	0.09878277153558053	0.026685393258426966	0.04962546816479401	49.21535580524345	0.050707423120779346	29	COMPLETE
30	0.09176029962546817	2020-03-09 10:44:44.941836	2020-03-09 10:45:15.658906	0.8419094821828412	1.716475499187533	256	2	34	0.003574893722291338	0.24628425525093284	512	1.0307715811386482	0.0	0.09176029962546817	0.019662921348314606	0.03932584269662921	49.74063670411985	0.04288130566581067	0.0	0.09176029962546817	0.019662921348314606	0.03932584269662921	49.74063670411985	0.04288130566581067	2262675375	150.0	0.0	0.09176029962546817	0.019662921348314606	0.03932584269662921	49.74063670411985	0.04288130566581067	30	COMPLETE
31	0.0847378277153558	2020-03-09 10:45:15.670949	2020-03-09 10:45:43.224291	0.18553562682267938	25.784251378947108	128	1	13	0.0011830103369472455	0.24399774294087168	512	1.0202772881092734	0.0	0.0847378277153558	0.02200374531835206	0.042134831460674156	49.20037453183521	0.04223187155254252	0.0	0.0847378277153558	0.02200374531835206	0.042134831460674156	49.20037453183521	0.04223187155254252	36359368	150.0	0.0	0.0847378277153558	0.02200374531835206	0.042134831460674156	49.20037453183521	0.04223187155254252	31	COMPLETE
32	0.20880149812734083	2020-03-09 10:45:43.236420	2020-03-09 10:48:59.846446	0.6049591235973437	7.9940139548122255	256	1	19	0.061121929157872776	0.048965223891903886	512	0.7732730619879684	0.02762172284644195	0.20880149812734083	0.06741573033707865	0.11235955056179775	37.24882958801498	0.09101703429315137	0.02762172284644195	0.20880149812734083	0.06741573033707865	0.11235955056179775	37.24859550561798	0.09101707455500155	1874649340	750.0	0.02762172284644195	0.20880149812734083	0.06741573033707865	0.11235955056179775	37.249063670411985	0.09101699455418234	32	COMPLETE
33	0.21161048689138576	2020-03-09 10:48:59.859494	2020-03-09 11:03:20.686990	0.6614814117760771	1.8851785002732018	64	2	87	0.030302878796650407	0.049505648556867114	128	0.7521887994127188	0.027153558052434457	0.21161048689138576	0.07350187265917603	0.11891385767790262	36.265917602996254	0.09445343600801756	0.027153558052434457	0.21161048689138576	0.07350187265917603	0.11891385767790262	36.265917602996254	0.09445343600801756	162017240		0.027153558052434457	0.21161048689138576	0.07350187265917603	0.11891385767790262	36.265917602996254	0.09445343600801756	33	COMPLETE
34	0.20271535580524344	2020-03-09 11:03:20.699250	2020-03-09 11:16:19.662435	0.9655413429782823	5.201047373013151	256	1	72	0.009430565800291462	0.03257747859147124	128	0.7825079957539501	0.025280898876404494	0.20271535580524344	0.07116104868913857	0.11423220973782772	37.70177902621723	0.09111858577009892	0.025280898876404494	0.20271535580524344	0.07116104868913857	0.11423220973782772	37.70177902621723	0.09111858577009892	2951591866	900.0	0.025280898876404494	0.20271535580524344	0.07116104868913857	0.11423220973782772	37.70177902621723	0.09111858577009892	34	COMPLETE
35	0.08192883895131087	2020-03-09 11:16:19.674881	2020-03-09 11:16:49.335557	0.24135261928135	27.784321660293646	128	1	86	0.0010372503308356837	0.05226760673917574	512	1.0320197492140286	0.0	0.08192883895131087	0.017322097378277154	0.03089887640449438	49.79447565543071	0.040419343646925114	0.0	0.08192883895131087	0.017322097378277154	0.03089887640449438	49.79447565543071	0.040419343646925114	3390935449	150.0	0.0	0.08192883895131087	0.017322097378277154	0.03089887640449438	49.79447565543071	0.040419343646925114	35	COMPLETE
36	0.09550561797752809	2020-03-09 11:16:49.347718	2020-03-09 11:17:15.091307	0.6403608704224559	3.762268787926881	64	2	3	0.07387815040431953	0.04258800650774103	512	0.9695238043730277	0.0009363295880149813	0.09550561797752809	0.02855805243445693	0.04962546816479401	46.846676029962545	0.047830475382042485	0.0009363295880149813	0.09550561797752809	0.02855805243445693	0.04962546816479401	46.846441947565545	0.047830842570116223	1632979418	150.0	0.0009363295880149813	0.09550561797752809	0.02855805243445693	0.04962546816479401	46.84691011235955	0.047830122316586975	36	COMPLETE
37	0.0945692883895131	2020-03-09 11:17:15.103955	2020-03-09 11:17:49.007679	0.6476499005551789	13.525021343431664	256	1	49	0.0012376075886455565	0.22257497819941113	512	1.0019565209631254	0.0	0.0945692883895131	0.02294007490636704	0.04260299625468165	48.416666666666664	0.04445340528227665	0.0	0.0945692883895131	0.02294007490636704	0.04260299625468165	48.416666666666664	0.04445340528227665	970716442	150.0	0.0	0.0945692883895131	0.02294007490636704	0.04260299625468165	48.416666666666664	0.04445340528227665	37	COMPLETE
38	0.09925093632958802	2020-03-09 11:17:49.020333	2020-03-09 11:19:17.674621	0.692227364236093	22.832799638667336	256	2	58	0.04992168380545781	0.24493955609710183	256	1.0407400611318884	0.004213483146067416	0.09925093632958802	0.02294007490636704	0.0449438202247191	50.24859550561798	0.046402950267734056	0.004213483146067416	0.09925093632958802	0.02294007490636704	0.0449438202247191	50.24859550561798	0.046402950267734056	2415535441	200.0	0.004213483146067416	0.09925093632958802	0.02294007490636704	0.0449438202247191	50.24859550561798	0.046402950267734056	38	COMPLETE
39	0.09831460674157304	2020-03-09 11:19:17.687307	2020-03-09 11:21:02.826122	0.7482671940733255	16.234369992022838	256	1	50	0.0013673760370936303	0.18357283432644056	128	0.9882597964089573	0.0	0.09831460674157304	0.020131086142322098	0.042134831460674156	47.74063670411985	0.04460695987441829	0.0	0.09831460674157304	0.020131086142322098	0.042134831460674156	47.74063670411985	0.04460695987441829	286747109	150.0	0.0	0.09831460674157304	0.020131086142322098	0.042134831460674156	47.74063670411985	0.04460695987441829	39	COMPLETE
40	0.09597378277153558	2020-03-09 11:21:02.838992	2020-03-09 11:21:36.890117	0.49226928182878105	28.688454490296724	128	2	100	0.0029007441274978645	0.04529951953492813	512	1.0123620044705126	0.0	0.09597378277153558	0.02247191011235955	0.04353932584269663	48.81226591760299	0.044574962867307735	0.0	0.09597378277153558	0.02247191011235955	0.04353932584269663	48.81226591760299	0.044574962867307735	1012394313	150.0	0.0	0.09597378277153558	0.02247191011235955	0.04353932584269663	48.81226591760299	0.044574962867307735	40	COMPLETE
41	0.09737827715355805	2020-03-09 11:21:36.902766	2020-03-09 11:22:23.173365	0.3622921905290384	28.901196307096743	128	2	65	0.02802389085274305	0.030727604317024544	512	1.0011542364553816	0.0	0.09737827715355805	0.01544943820224719	0.04073033707865169	48.33005617977528	0.04328220012231628	0.0	0.09737827715355805	0.01544943820224719	0.04073033707865169	48.33005617977528	0.04328220012231628	1156915987	200.0	0.0	0.09737827715355805	0.01544943820224719	0.04073033707865169	48.33005617977528	0.04328220012231628	41	COMPLETE
42	0.09644194756554307	2020-03-09 11:22:23.186074	2020-03-09 11:23:18.358013	0.14635366341450215	29.192970011423704	64	2	88	0.02349127586582622	0.09015202206228498	256	1.0062907592137083	0.0032771535580524347	0.09644194756554307	0.023876404494382022	0.04353932584269663	48.543305243445694	0.04663669691543835	0.0032771535580524347	0.09644194756554307	0.023876404494382022	0.04353932584269663	48.54307116104869	0.046636811241395376	4196528130	150.0	0.0032771535580524347	0.09644194756554307	0.023876404494382022	0.04353932584269663	48.543539325842694	0.046636585074828214	42	COMPLETE
43	0.19101123595505617	2020-03-09 11:23:18.370169	2020-03-09 11:30:44.282472	0.7567703897028711	12.847860755607382	128	2	14	0.07201470123367358	0.20756458149290027	256	0.7866505365714096	0.023408239700374533	0.19101123595505617	0.06835205992509363	0.10580524344569288	37.87148876404494	0.08678646944708632	0.023408239700374533	0.19101123595505617	0.06835205992509363	0.10580524344569288	37.87125468164794	0.0867865057952846	2727523189	950.0	0.023408239700374533	0.19101123595505617	0.06835205992509363	0.10580524344569288	37.87172284644195	0.08678643354763121	43	COMPLETE
44	0.10440074906367042	2020-03-09 11:30:44.295221	2020-03-09 11:33:04.664481	0.9236451861902517	15.355664889338009	128	2	41	0.01037711644223496	0.025689649602299983	128	1.0276096775248815	0.006086142322097378	0.10440074906367042	0.023876404494382022	0.04915730337078652	49.609082397003746	0.048594007597234354	0.006086142322097378	0.10440074906367042	0.023876404494382022	0.04915730337078652	49.609082397003746	0.048594007597234354	2947697216	200.0	0.006086142322097378	0.10440074906367042	0.023876404494382022	0.04915730337078652	49.609082397003746	0.048594007597234354	44	COMPLETE
45	0.0945692883895131	2020-03-09 11:33:04.680852	2020-03-09 11:33:31.644905	0.6760903623938371	25.484536238986284	256	2	21	0.004917299448685849	0.09386465840815585	512	1.013100777873037	0.0	0.0945692883895131	0.02153558052434457	0.041666666666666664	48.87734082397004	0.04411035604872111	0.0	0.0945692883895131	0.02153558052434457	0.041666666666666664	48.87734082397004	0.04411035604872111	3865893298	150.0	0.0	0.0945692883895131	0.02153558052434457	0.041666666666666664	48.87734082397004	0.04411035604872111	45	COMPLETE
46	0.09737827715355805	2020-03-09 11:33:31.657286	2020-03-09 11:33:57.199986	0.3490660263715113	15.045626689965513	64	1	18	0.0021910809504286245	0.012858022628672205	512	1.003158213427702	0.0	0.09737827715355805	0.02294007490636704	0.040262172284644196	48.41198501872659	0.04452227797996314	0.0	0.09737827715355805	0.02294007490636704	0.040262172284644196	48.41198501872659	0.04452227797996314	4059766714	150.0	0.0	0.09737827715355805	0.02294007490636704	0.040262172284644196	48.41198501872659	0.04452227797996314	46	COMPLETE
47	0.09925093632958802	2020-03-09 11:33:57.212948	2020-03-09 11:34:43.115525	0.7644116979780816	24.69137067405925	64	1	7	0.006061702872265959	0.059288665015866764	256	1.0093488646863022	0.0	0.09925093632958802	0.026685393258426966	0.05056179775280899	48.7125468164794	0.04643488033400964	0.0	0.09925093632958802	0.026685393258426966	0.05056179775280899	48.7125468164794	0.04643488033400964	3695525807	150.0	0.0	0.09925093632958802	0.026685393258426966	0.05056179775280899	48.7125468164794	0.04643488033400964	47	COMPLETE
48	0.08941947565543071	2020-03-09 11:34:43.127958	2020-03-09 11:36:08.982328	0.4794341537309369	29.10949770724081	256	2	11	0.001008775567003877	0.019037935901345324	128	1.045008607461616	0.0	0.08941947565543071	0.02294007490636704	0.046348314606741575	50.49040262172284	0.042996203875796904	0.0	0.08941947565543071	0.02294007490636704	0.046348314606741575	50.49016853932584	0.042996248719167976	3776323283	150.0	0.0	0.08941947565543071	0.02294007490636704	0.046348314606741575	50.49063670411985	0.04299615964671858	48	COMPLETE
49	0.08801498127340825	2020-03-09 11:36:08.994681	2020-03-09 11:39:03.753879	0.6654943254903611	25.67628213757296	64	1	89	0.0023692869168377797	0.24152406333024531	128	1.0025707678686242	0.0014044943820224719	0.08801498127340825	0.016853932584269662	0.03604868913857678	48.38576779026217	0.04295004278692756	0.0014044943820224719	0.08801498127340825	0.016853932584269662	0.03604868913857678	48.38576779026217	0.04295004278692756	97622968	250.0	0.0014044943820224719	0.08801498127340825	0.016853932584269662	0.03604868913857678	48.38576779026217	0.04295004278692756	49	COMPLETE
50	0.09644194756554307	2020-03-09 11:39:03.766551	2020-03-09 11:40:30.817722	0.7045015095984678	15.308732911780558	128	1	90	0.0032783768602729756	0.021179333276812026	128	1.0012158099875859	0.0	0.09644194756554307	0.024344569288389514	0.04588014981273408	48.36048689138577	0.045606285052385925	0.0	0.09644194756554307	0.024344569288389514	0.04588014981273408	48.36048689138577	0.045606285052385925	164669726	150.0	0.0	0.09644194756554307	0.024344569288389514	0.04588014981273408	48.36048689138577	0.045606285052385925	50	COMPLETE
51	0.10252808988764045	2020-03-09 11:40:30.830596	2020-03-09 11:42:40.771523	0.9613090408746695	16.647600518927682	256	1	30	0.008069967843570173	0.13083655541194306	128	0.9891074518734164	0.00046816479400749064	0.10252808988764045	0.023408239700374533	0.047752808988764044	47.7874531835206	0.0461425036430721	0.00046816479400749064	0.10252808988764045	0.023408239700374533	0.047752808988764044	47.7874531835206	0.0461425036430721	95313696	200.0	0.00046816479400749064	0.10252808988764045	0.023408239700374533	0.047752808988764044	47.7874531835206	0.0461425036430721	51	COMPLETE
52	0.10440074906367042	2020-03-09 11:42:40.787979	2020-03-09 11:45:03.392569	0.7640738524597585	23.641988214256	256	2	19	0.003020252105317457	0.03430281423414691	128	0.9892641658518003	0.0	0.10440074906367042	0.02294007490636704	0.046348314606741575	47.69873595505618	0.04587139498613423	0.0	0.10440074906367042	0.02294007490636704	0.046348314606741575	47.69850187265918	0.045871793085448864	2756880676	200.0	0.0	0.10440074906367042	0.02294007490636704	0.046348314606741575	47.698970037453186	0.045871012810792186	52	COMPLETE
53	0.09316479400749064	2020-03-09 11:45:03.405228	2020-03-09 11:45:52.635391	0.5358916921559338	16.07032099140272	128	2	17	0.022251368969946818	0.02076194208895266	256	1.0152647759842124	0.0	0.09316479400749064	0.025749063670411985	0.04260299625468165	48.98033707865169	0.04456594875653448	0.0	0.09316479400749064	0.025749063670411985	0.04260299625468165	48.98033707865169	0.04456594875653448	2886915749	150.0	0.0	0.09316479400749064	0.025749063670411985	0.04260299625468165	48.98033707865169	0.04456594875653448	53	COMPLETE
54	0.08614232209737828	2020-03-09 11:45:52.648164	2020-03-09 11:47:25.192893	0.5697546521640847	21.005025723127957	64	1	11	0.007383290113979902	0.05073529934878773	128	1.0356906565910813	0.0014044943820224719	0.08614232209737828	0.020599250936329586	0.03698501872659176	49.949438202247194	0.04279678214482205	0.0014044943820224719	0.08614232209737828	0.020599250936329586	0.03698501872659176	49.949438202247194	0.04279678214482205	1184202538	150.0	0.0014044943820224719	0.08614232209737828	0.020599250936329586	0.03698501872659176	49.949438202247194	0.04279678214482205	54	COMPLETE
55	0.08286516853932584	2020-03-09 11:47:25.205719	2020-03-09 11:49:26.608837	0.8050501036998485	29.451482306495127	128	2	21	0.02976265330776513	0.05661559571522318	256	1.0653747823333528	0.004213483146067416	0.08286516853932584	0.02153558052434457	0.040262172284644196	51.422050561797754	0.04354319884347867	0.004213483146067416	0.08286516853932584	0.02153558052434457	0.040262172284644196	51.421816479400746	0.04354323910532886	760490467	300.0	0.004213483146067416	0.08286516853932584	0.02153558052434457	0.040262172284644196	51.422284644194754	0.043543159104509656	55	COMPLETE
56	0.11329588014981273	2020-03-09 11:49:26.621138	2020-03-09 11:51:13.569924	0.1209340398103147	10.627678991079257	256	2	24	0.0015428897335722969	0.014280100462769585	256	0.986510922031805	0.0	0.11329588014981273	0.023408239700374533	0.04588014981273408	47.58941947565543	0.04596869199423208	0.0	0.11329588014981273	0.023408239700374533	0.04588014981273408	47.58941947565543	0.04596869199423208	4138698847	250.0	0.0	0.11329588014981273	0.023408239700374533	0.04588014981273408	47.58941947565543	0.04596869199423208	56	COMPLETE
57	0.09597378277153558	2020-03-09 11:51:13.582491	2020-03-09 11:53:00.567752	0.8141736633376324	7.6911964698453925	128	2	77	0.0018398971971979694	0.17794086289862782	128	1.0066458424152143	0.0	0.09597378277153558	0.020599250936329586	0.041666666666666664	48.64185393258427	0.043567002757467214	0.0	0.09597378277153558	0.020599250936329586	0.041666666666666664	48.64185393258427	0.043567002757467214	3801184358	150.0	0.0	0.09597378277153558	0.020599250936329586	0.041666666666666664	48.64185393258427	0.043567002757467214	57	COMPLETE
58	0.09316479400749064	2020-03-09 11:53:00.580700	2020-03-09 11:53:44.920835	0.8320259691090769	18.32019294632571	128	1	4	0.004297206479992257	0.21940836180564385	256	1.0016981179246938	0.0	0.09316479400749064	0.02247191011235955	0.04260299625468165	48.34925093632959	0.04498507374595497	0.0	0.09316479400749064	0.02247191011235955	0.04260299625468165	48.34925093632959	0.04498507374595497	3915160265	150.0	0.0	0.09316479400749064	0.02247191011235955	0.04260299625468165	48.34925093632959	0.04498507374595497	58	COMPLETE
59	0.08754681647940075	2020-03-09 11:53:44.933440	2020-03-09 11:54:10.168032	0.3843332679895056	26.478946411827163	128	2	13	0.020223912230865917	0.05371728933103901	512	1.0221834418726632	0.0	0.08754681647940075	0.020131086142322098	0.03838951310861423	49.28651685393258	0.04263141777488989	0.0	0.08754681647940075	0.020131086142322098	0.03838951310861423	49.28651685393258	0.04263141777488989	1597583802	150.0	0.0	0.08754681647940075	0.020131086142322098	0.03838951310861423	49.28651685393258	0.04263141777488989	59	COMPLETE
60	0.21254681647940074	2020-03-09 11:54:10.180988	2020-03-09 12:02:25.460867	0.450339929454178	3.76648519035833	256	2	60	0.024893159956153026	0.06236093542695273	128	0.7652791724296126	0.0351123595505618	0.21254681647940074	0.08333333333333333	0.12593632958801498	36.895833333333336	0.10127749365289061	0.0351123595505618	0.21254681647940074	0.08333333333333333	0.12593632958801498	36.89559925093633	0.10127753391474081	3139439823	600.0	0.0351123595505618	0.21254681647940074	0.08333333333333333	0.12593632958801498	36.896067415730336	0.1012774539139216	60	COMPLETE
61	0.10159176029962547	2020-03-09 12:02:25.473395	2020-03-09 12:04:37.347551	0.596076108672655	18.97147928004818	128	2	89	0.05874251605978099	0.012111523908561399	512	1.0498072224048276	0.007022471910112359	0.10159176029962547	0.023876404494382022	0.047752808988764044	50.690074906367045	0.048473157160666636	0.007022471910112359	0.10159176029962547	0.023876404494382022	0.047752808988764044	50.690074906367045	0.048473157160666636	3846218331	400.0	0.007022471910112359	0.10159176029962547	0.023876404494382022	0.047752808988764044	50.690074906367045	0.048473157160666636	61	COMPLETE
62	0.09691011235955056	2020-03-09 12:04:37.360363	2020-03-09 12:05:23.224311	0.7007929487058289	20.753488074897174	128	1	56	0.018702158188715547	0.03501861230955528	256	0.9899566890985778	0.0	0.09691011235955056	0.019194756554307114	0.04073033707865169	47.78511235955056	0.043814296559599016	0.0	0.09691011235955056	0.019194756554307114	0.04073033707865169	47.78511235955056	0.043814296559599016	3924597760	150.0	0.0	0.09691011235955056	0.019194756554307114	0.04073033707865169	47.78511235955056	0.043814296559599016	62	COMPLETE
63	0.09737827715355805	2020-03-09 12:05:23.236940	2020-03-09 12:06:10.386925	0.8436760852007039	28.20302719358962	128	1	68	0.004525777473932249	0.15967813521455995	256	0.9911350340666145	0.0	0.09737827715355805	0.018258426966292134	0.04119850187265917	47.88295880149813	0.04364616129732355	0.0	0.09737827715355805	0.018258426966292134	0.04119850187265917	47.88295880149813	0.04364616129732355	166529605	150.0	0.0	0.09737827715355805	0.018258426966292134	0.04119850187265917	47.88295880149813	0.04364616129732355	63	COMPLETE
64	0.09784644194756555	2020-03-09 12:06:10.399622	2020-03-09 12:06:57.918682	0.23969598735652195	16.78186907339624	128	2	6	0.0016074960273162846	0.02437010009828461	256	0.9984298029701725	0.0	0.09784644194756555	0.023876404494382022	0.04400749063670412	48.18211610486891	0.04426587057068921	0.0	0.09784644194756555	0.023876404494382022	0.04400749063670412	48.18211610486891	0.04426587057068921	1820391667	150.0	0.0	0.09784644194756555	0.023876404494382022	0.04400749063670412	48.18211610486891	0.04426587057068921	64	COMPLETE
65	0.08754681647940075	2020-03-09 12:06:57.931454	2020-03-09 12:08:14.292990	0.5708670982404324	13.320374817907084	64	2	93	0.017648287775289883	0.12312674262771382	256	1.0165812068624067	0.0046816479400749065	0.08754681647940075	0.02294007490636704	0.0449438202247191	49.07748127340824	0.04648003480858471	0.0046816479400749065	0.08754681647940075	0.02294007490636704	0.0449438202247191	49.07724719101124	0.046480131317509464	2579327390	200.0	0.0046816479400749065	0.08754681647940075	0.02294007490636704	0.0449438202247191	49.077715355805246	0.04647994022983845	65	COMPLETE
66	0.18679775280898878	2020-03-09 12:08:14.305407	2020-03-09 12:11:42.471431	0.4436555641325549	7.24098265776919	256	1	15	0.038490768717171456	0.058189586156263226	512	0.781910089603259	0.026217228464419477	0.18679775280898878	0.07350187265917603	0.11235955056179775	37.664794007490634	0.0905643588826738	0.026217228464419477	0.18679775280898878	0.07350187265917603	0.11235955056179775	37.664794007490634	0.0905643588826738	2733974475	850.0	0.026217228464419477	0.18679775280898878	0.07350187265917603	0.11235955056179775	37.664794007490634	0.0905643588826738	66	COMPLETE
67	0.0898876404494382	2020-03-09 12:11:42.484601	2020-03-09 12:13:36.448283	0.45198207419641556	6.050801736744379	64	1	30	0.011187908619934697	0.06756687065630083	256	1.0334916647378884	0.005149812734082397	0.0898876404494382	0.021067415730337078	0.04353932584269663	49.80945692883895	0.04551165403051358	0.005149812734082397	0.0898876404494382	0.021067415730337078	0.04353932584269663	49.80945692883895	0.04551165403051358	856711472	300.0	0.005149812734082397	0.0898876404494382	0.021067415730337078	0.04353932584269663	49.80945692883895	0.04551165403051358	67	COMPLETE
68	0.08614232209737828	2020-03-09 12:13:36.461162	2020-03-09 12:14:18.678941	0.21468907588411873	20.349661937740283	256	2	33	0.009037713105781772	0.07781434472937494	512	1.016594356327049	0.0	0.08614232209737828	0.021067415730337078	0.03745318352059925	49.008426966292134	0.04222269267459825	0.0	0.08614232209737828	0.021067415730337078	0.03745318352059925	49.008426966292134	0.04222269267459825	2976413905	200.0	0.0	0.08614232209737828	0.021067415730337078	0.03745318352059925	49.008426966292134	0.04222269267459825	68	COMPLETE
69	0.09550561797752809	2020-03-09 12:14:18.693681	2020-03-09 12:14:45.925891	0.41334399642135344	9.95435883443779	64	1	85	0.007198000259459765	0.1698857672889903	512	1.0155501034972345	0.0	0.09550561797752809	0.023408239700374533	0.04681647940074907	48.97612359550562	0.04440904611968555	0.0	0.09550561797752809	0.023408239700374533	0.04681647940074907	48.97612359550562	0.04440904611968555	1093633059	150.0	0.0	0.09550561797752809	0.023408239700374533	0.04681647940074907	48.97612359550562	0.04440904611968555	69	COMPLETE
70	0.08848314606741572	2020-03-09 12:14:45.937985	2020-03-09 12:15:54.696949	0.8676788730285009	11.525199395603456	128	2	16	0.022495017212303934	0.14422316828455564	256	1.0230891251402876	0.0023408239700374533	0.08848314606741572	0.020599250936329586	0.041666666666666664	49.33637640449438	0.04476550901281832	0.0023408239700374533	0.08848314606741572	0.020599250936329586	0.041666666666666664	49.33614232209738	0.04476560552174307	1553028167	200.0	0.0023408239700374533	0.08848314606741572	0.020599250936329586	0.041666666666666664	49.33661048689139	0.04476541443407205	70	COMPLETE
71	0.09550561797752809	2020-03-09 12:15:54.709727	2020-03-09 12:16:45.361979	0.557981248044251	6.978577940706691	64	2	41	0.03264921967955372	0.0875076979242294	512	1.023700076487606	0.0023408239700374533	0.09550561797752809	0.018726591760299626	0.04119850187265917	49.39536516853933	0.04509622325938495	0.0023408239700374533	0.09550561797752809	0.018726591760299626	0.04119850187265917	49.39513108614232	0.04509627069249477	2295575216	250.0	0.0023408239700374533	0.09550561797752809	0.018726591760299626	0.04119850187265917	49.39559925093633	0.04509617649434708	71	COMPLETE
72	0.10861423220973783	2020-03-09 12:16:45.374245	2020-03-09 12:18:10.671836	0.6375681430087925	13.926855977370437	256	1	71	0.018365560241425997	0.27563832544073685	512	0.958566689514991	0.0	0.10861423220973783	0.02949438202247191	0.0552434456928839	46.18539325842696	0.049516411007040795	0.0	0.10861423220973783	0.02949438202247191	0.0552434456928839	46.18539325842696	0.049516411007040795	340673162	300.0	0.0	0.10861423220973783	0.02949438202247191	0.0552434456928839	46.18539325842696	0.049516411007040795	72	COMPLETE
73	0.08801498127340825	2020-03-09 12:18:10.682336	2020-03-09 12:20:21.826432	0.3200665298065323	22.766473217378827	256	1	25	0.03625100593428073	0.07854971836572293	128	1.0626712819144535	0.006086142322097378	0.08801498127340825	0.019662921348314606	0.035580524344569285	51.29236891385768	0.044467503351833845	0.006086142322097378	0.08801498127340825	0.019662921348314606	0.035580524344569285	51.29119850187266	0.04446871309960366	505323260	200.0	0.006086142322097378	0.08801498127340825	0.019662921348314606	0.035580524344569285	51.293539325842694	0.04446634788421987	73	COMPLETE
74	0.07865168539325842	2020-03-09 12:20:21.839623	2020-03-09 12:21:48.105176	0.8904301729243134	28.71874985092664	256	1	29	0.03144692925504578	0.014458179546452368	128	1.0789390618595458	0.006554307116104869	0.07865168539325842	0.018258426966292134	0.03604868913857678	52.06999063670412	0.04267803757603991	0.006554307116104869	0.07865168539325842	0.018258426966292134	0.03604868913857678	52.06975655430712	0.04267814701147563	789993623	150.0	0.006554307116104869	0.07865168539325842	0.018258426966292134	0.03604868913857678	52.07022471910113	0.042677930469017716	74	COMPLETE
75	0.09878277153558053	2020-03-09 12:21:48.117393	2020-03-09 12:24:23.168602	0.9797953435171535	16.875751735754953	256	2	78	0.007852230532218299	0.03645259591666064	256	0.9914243988943904	0.0	0.09878277153558053	0.023876404494382022	0.04915730337078652	47.83848314606742	0.04632439991768478	0.0	0.09878277153558053	0.023876404494382022	0.04915730337078652	47.83848314606742	0.04632439991768478	4188922908	350.0	0.0	0.09878277153558053	0.023876404494382022	0.04915730337078652	47.83848314606742	0.04632439991768478	75	COMPLETE
76	0.09691011235955056	2020-03-09 12:24:23.188024	2020-03-09 12:25:13.681574	0.3606362409560838	14.067638084107198	128	2	39	0.07807150500252741	0.039275283948579376	512	1.0117069128726361	0.009363295880149813	0.09691011235955056	0.03136704119850187	0.05196629213483146	48.817181647940075	0.052211698147895655	0.009363295880149813	0.09691011235955056	0.03136704119850187	0.05196629213483146	48.816947565543074	0.05221187629279444	2746447985	200.0	0.009363295880149813	0.09691011235955056	0.03136704119850187	0.05196629213483146	48.81741573033708	0.05221152481772386	76	COMPLETE
77	0.2205056179775281	2020-03-09 12:25:13.693739	2020-03-09 12:31:27.992364	0.47746038756056475	3.4432382837388973	256	2	66	0.0689469323854611	0.03030023065996768	512	0.765590423374517	0.03885767790262172	0.2205056179775281	0.08286516853932584	0.12172284644194757	36.91011235955056	0.10398130608360111	0.03885767790262172	0.2205056179775281	0.08286516853932584	0.12172284644194757	36.91011235955056	0.10398130608360111	3546898562		0.03885767790262172	0.2205056179775281	0.08286516853932584	0.12172284644194757	36.91011235955056	0.10398130608360111	77	COMPLETE
78	0.08848314606741572	2020-03-09 12:31:28.004920	2020-03-09 12:31:55.606545	0.38290276476862994	22.933300115388676	64	2	93	0.001074457637840254	0.11000804649580162	512	1.0204159233872587	0.0	0.08848314606741572	0.017322097378277154	0.03745318352059925	49.24765917602996	0.04159578013592957	0.0	0.08848314606741572	0.017322097378277154	0.03745318352059925	49.24765917602996	0.04159578013592957	1871692489	150.0	0.0	0.08848314606741572	0.017322097378277154	0.03745318352059925	49.24765917602996	0.04159578013592957	78	COMPLETE
79	0.10627340823970037	2020-03-09 12:31:55.619316	2020-03-09 12:32:41.829488	0.20225418007385965	24.607286892846552	64	1	55	0.0022248763219208903	0.014927677812491673	256	1.010289308478993	0.0	0.10627340823970037	0.02762172284644195	0.05056179775280899	48.700842696629216	0.046573431506708333	0.0	0.10627340823970037	0.02762172284644195	0.05056179775280899	48.700842696629216	0.046573431506708333	3939306133	150.0	0.0	0.10627340823970037	0.02762172284644195	0.05056179775280899	48.700842696629216	0.046573431506708333	79	COMPLETE
80	0.0950374531835206	2020-03-09 12:32:41.842462	2020-03-09 12:33:07.326761	0.5205931223348227	11.85529680002955	64	2	23	0.0024730624399323313	0.019398959271931106	512	1.039295876442284	0.0	0.0950374531835206	0.023876404494382022	0.04307116104868914	50.11750936329588	0.044293453515869004	0.0	0.0950374531835206	0.023876404494382022	0.04307116104868914	50.11750936329588	0.044293453515869004	1393327859	150.0	0.0	0.0950374531835206	0.023876404494382022	0.04307116104868914	50.11750936329588	0.044293453515869004	80	COMPLETE
81	0.09597378277153558	2020-03-09 12:33:07.339569	2020-03-09 12:34:14.278957	0.35169007398305696	15.929204396483867	64	2	7	0.0456090964852894	0.020519150804414476	256	1.0349669280690437	0.006554307116104869	0.09597378277153558	0.026217228464419477	0.04868913857677903	49.94709737827716	0.04876376822249207	0.006554307116104869	0.09597378277153558	0.026685393258426966	0.04868913857677903	49.94662921348315	0.048786221785749886	2046356142	200.0	0.006554307116104869	0.09597378277153558	0.026217228464419477	0.04868913857677903	49.947565543071164	0.048746892152245216	81	COMPLETE
82	0.11610486891385768	2020-03-09 12:34:14.291779	2020-03-09 12:35:58.680428	0.7669903551902332	3.834190138782613	256	2	18	0.014288402116824875	0.04346382261371033	512	0.9414759199797744	0.0	0.11610486891385768	0.03089887640449438	0.054307116104868915	45.36001872659176	0.050902269010716567	0.0	0.11610486891385768	0.03089887640449438	0.054307116104868915	45.36001872659176	0.050902269010716567	1850212894	450.0	0.0	0.11610486891385768	0.03089887640449438	0.054307116104868915	45.36001872659176	0.050902269010716567	82	COMPLETE
83	0.08941947565543071	2020-03-09 12:35:58.693280	2020-03-09 12:39:00.292205	0.18430949849912337	16.117474579173248	128	2	1	0.006686048206722073	0.061602303928072366	128	1.038170653619465	0.007958801498127341	0.08941947565543071	0.02902621722846442	0.04728464419475655	50.05196629213483	0.04925457425166174	0.007958801498127341	0.08941947565543071	0.02902621722846442	0.04728464419475655	50.05196629213483	0.04925457425166174	724729029	350.0	0.007958801498127341	0.08941947565543071	0.02902621722846442	0.04728464419475655	50.05196629213483	0.04925457425166174	83	COMPLETE
84	0.0898876404494382	2020-03-09 12:39:00.305150	2020-03-09 12:39:48.395602	0.5304657434345508	11.046783687849224	64	2	21	0.0027050583952580596	0.25370061988987735	256	1.023939515223329	0.0	0.0898876404494382	0.020131086142322098	0.03932584269662921	49.337078651685395	0.04249425898491755	0.0	0.0898876404494382	0.020131086142322098	0.03932584269662921	49.337078651685395	0.04249425898491755	3943325538	150.0	0.0	0.0898876404494382	0.020131086142322098	0.03932584269662921	49.337078651685395	0.04249425898491755	84	COMPLETE
85	0.10486891385767791	2020-03-09 12:39:48.407916	2020-03-09 12:40:38.970472	0.2040272119881541	16.62572573838453	256	2	3	0.05564655465356398	0.0246635432222248	256	0.9923762728465365	0.009363295880149813	0.10486891385767791	0.030430711610486893	0.05290262172284644	47.90472846441948	0.0536188011243244	0.009363295880149813	0.10486891385767791	0.030430711610486893	0.05290262172284644	47.90449438202247	0.053619074744893656	3733347440	200.0	0.009363295880149813	0.10486891385767791	0.030430711610486893	0.05290262172284644	47.90496254681648	0.053618536624440785	85	COMPLETE
86	0.09878277153558053	2020-03-09 12:40:38.983345	2020-03-09 12:42:06.427294	0.7694007874750088	8.71819565944774	64	2	93	0.004741753098469536	0.06056165975341239	128	1.0166221773016444	0.00046816479400749064	0.09878277153558053	0.02200374531835206	0.04447565543071161	49.05524344569288	0.04463798770282265	0.00046816479400749064	0.09878277153558053	0.02200374531835206	0.04447565543071161	49.05524344569288	0.04463798770282265	101643407	150.0	0.00046816479400749064	0.09878277153558053	0.02200374531835206	0.04447565543071161	49.05524344569288	0.04463798770282265	86	COMPLETE
87	0.08146067415730338	2020-03-09 12:42:06.440058	2020-03-09 12:43:42.115567	0.8197713175181984	15.647521212011998	128	2	66	0.0035882382518020303	0.05651531440885528	256	1.0150802292885461	0.0	0.08146067415730338	0.021067415730337078	0.0351123595505618	48.95786516853933	0.041934005371080184	0.0	0.08146067415730338	0.021067415730337078	0.0351123595505618	48.95786516853933	0.041934005371080184	1947878858	250.0	0.0	0.08146067415730338	0.021067415730337078	0.0351123595505618	48.95786516853933	0.041934005371080184	87	COMPLETE
88	0.09410112359550561	2020-03-09 12:43:42.127172	2020-03-09 12:45:09.195033	0.9807768138639411	15.126646326913466	128	1	57	0.009354982587630456	0.273250225525765	128	1.0104315086749247	0.0	0.09410112359550561	0.02153558052434457	0.04260299625468165	48.731039325842694	0.04343302972181233	0.0	0.09410112359550561	0.02153558052434457	0.04260299625468165	48.730805243445694	0.043434590271125686	3439709627	150.0	0.0	0.09410112359550561	0.02153558052434457	0.04260299625468165	48.7312734082397	0.043431589214753846	88	COMPLETE
89	0.09269662921348315	2020-03-09 12:45:09.207101	2020-03-09 12:45:36.077750	0.505839593024922	2.59482974185405	256	1	7	0.0026662193980444573	0.028769545307783143	512	1.0161057025829001	0.0	0.09269662921348315	0.020599250936329586	0.037921348314606744	49.01661985018727	0.04266366066912722	0.0	0.09269662921348315	0.020599250936329586	0.037921348314606744	49.01638576779026	0.04266370948205538	3425744568	150.0	0.0	0.09269662921348315	0.020599250936329586	0.037921348314606744	49.01685393258427	0.0426636125535266	89	COMPLETE
90	0.09410112359550561	2020-03-09 12:45:36.090505	2020-03-09 12:46:06.437747	0.17883565772874205	28.017008577726802	256	2	19	0.03204255742650841	0.15792424671884095	512	0.9877464238812359	0.0	0.09410112359550561	0.019194756554307114	0.04307116104868914	47.62874531835206	0.04453546627359636	0.0	0.09410112359550561	0.019194756554307114	0.04307116104868914	47.62874531835206	0.04453546627359636	1996151813	150.0	0.0	0.09410112359550561	0.019194756554307114	0.04307116104868914	47.62874531835206	0.04453546627359636	90	COMPLETE
91	0.09222846441947566	2020-03-09 12:46:06.450317	2020-03-09 12:47:03.724306	0.7920891952129243	27.156447971282542	256	1	79	0.012466983826477453	0.012177784833152499	256	1.0161695431426083	0.0	0.09222846441947566	0.02294007490636704	0.04119850187265917	49.058052434456926	0.04397108348321007	0.0	0.09222846441947566	0.02294007490636704	0.04119850187265917	49.058052434456926	0.04397108348321007	3218786270	150.0	0.0	0.09222846441947566	0.02294007490636704	0.04119850187265917	49.058052434456926	0.04397108348321007	91	COMPLETE
92	0.0852059925093633	2020-03-09 12:47:03.736896	2020-03-09 12:47:30.601551	0.9162972312695769	28.314905460706687	64	2	93	0.05147906283256633	0.0484252441244929	512	1.0118127051690307	0.0046816479400749065	0.0852059925093633	0.024812734082397005	0.04260299625468165	48.857677902621724	0.04634542953275683	0.0046816479400749065	0.0852059925093633	0.024812734082397005	0.04260299625468165	48.857677902621724	0.04634542953275683	991952215	150.0	0.0046816479400749065	0.0852059925093633	0.024812734082397005	0.04260299625468165	48.857677902621724	0.04634542953275683	92	COMPLETE
93	0.10486891385767791	2020-03-09 12:47:30.615277	2020-03-09 12:48:23.787906	0.754322195405188	13.612510296359542	256	1	27	0.016699493282067632	0.04524016142560332	512	0.9952888443459118	0.0	0.10486891385767791	0.021067415730337078	0.04541198501872659	48.03183520599251	0.04509265658566896	0.0	0.10486891385767791	0.021067415730337078	0.04541198501872659	48.03183520599251	0.04509265658566896	2805778369	250.0	0.0	0.10486891385767791	0.021067415730337078	0.04541198501872659	48.03183520599251	0.04509265658566896	93	COMPLETE
94	0.09925093632958802	2020-03-09 12:48:23.800823	2020-03-09 12:49:47.656434	0.40291936930459726	17.897575957750107	64	2	9	0.005585373765564187	0.16798980947879966	128	0.983804409603208	0.0009363295880149813	0.09925093632958802	0.019662921348314606	0.04073033707865169	47.52762172284644	0.04578043130860079	0.0009363295880149813	0.09925093632958802	0.019662921348314606	0.04073033707865169	47.52762172284644	0.04578043130860079	3068561807	150.0	0.0009363295880149813	0.09925093632958802	0.019662921348314606	0.04073033707865169	47.52762172284644	0.04578043130860079	94	COMPLETE
95	0.11282771535580524	2020-03-09 12:49:47.669289	2020-03-09 12:50:59.219134	0.1972264814591776	12.686405010960566	128	1	40	0.051282979682555185	0.012823627399247459	256	0.9631468812029893	0.010299625468164793	0.11282771535580524	0.03698501872659176	0.05758426966292135	46.401451310861425	0.056364208557599965	0.010299625468164793	0.11282771535580524	0.03698501872659176	0.05758426966292135	46.40121722846442	0.05636424490579825	989378930	200.0	0.010299625468164793	0.11282771535580524	0.03698501872659176	0.05758426966292135	46.401685393258425	0.056364172658144855	95	COMPLETE
96	0.0945692883895131	2020-03-09 12:50:59.232030	2020-03-09 12:51:31.514275	0.9777232233479081	16.00864324222332	128	1	68	0.08243986795847369	0.1776874154425544	512	0.9996214931776698	0.0018726591760299626	0.0945692883895131	0.02247191011235955	0.04588014981273408	48.219569288389515	0.0448802043971553	0.0018726591760299626	0.0945692883895131	0.02247191011235955	0.04588014981273408	48.219569288389515	0.0448802043971553	3154174626	150.0	0.0018726591760299626	0.0945692883895131	0.02247191011235955	0.04588014981273408	48.219569288389515	0.0448802043971553	96	COMPLETE
97	0.10205992509363296	2020-03-09 12:51:31.526982	2020-03-09 12:54:33.572208	0.9842139574636867	20.364588658652035	256	1	56	0.017179003461730204	0.030322775357162064	128	1.006592357110874	0.008426966292134831	0.10205992509363296	0.027153558052434457	0.04915730337078652	48.602294007490634	0.05113647695152061	0.008426966292134831	0.10205992509363296	0.027153558052434457	0.04915730337078652	48.602059925093634	0.05113653365752764	2333813921	250.0	0.008426966292134831	0.10205992509363296	0.027153558052434457	0.04915730337078652	48.60252808988764	0.051136421117913694	97	COMPLETE
98	0.19850187265917604	2020-03-09 12:54:33.589263	2020-03-09 12:58:48.792178	0.4119047555614437	2.368481712102507	128	1	74	0.06294387043345594	0.03745741687257636	512	0.7649539991775492	0.02294007490636704	0.19850187265917604	0.06928838951310862	0.11235955056179775	36.87078651685393	0.08945474798006603	0.02294007490636704	0.19850187265917604	0.06928838951310862	0.11235955056179775	36.87078651685393	0.08945474798006603	3236445490	850.0	0.02294007490636704	0.19850187265917604	0.06928838951310862	0.11235955056179775	36.87078651685393	0.08945474798006603	98	COMPLETE
99	0.0997191011235955	2020-03-09 12:58:48.804876	2020-03-09 13:02:57.145376	0.8132809626585535	21.896498575093577	128	2	68	0.005926415076977893	0.02939496551153218	128	1.0024081044952466	0.007022471910112359	0.0997191011235955	0.03136704119850187	0.052434456928838954	48.366573033707866	0.05125556177259262	0.007022471910112359	0.0997191011235955	0.03136704119850187	0.052434456928838954	48.366573033707866	0.05125556177259262	523006974	300.0	0.007022471910112359	0.0997191011235955	0.03136704119850187	0.052434456928838954	48.366573033707866	0.05125556177259262	99	COMPLETE
