number	value	datetime_start	datetime_complete	params_model.embedding_dim	params_negative_sampler.num_negs_per_pos	params_optimizer.lr	params_training.batch_size	user_attrs_avg.adjusted_mean_rank	user_attrs_avg.hits_at_1	user_attrs_avg.hits_at_10	user_attrs_avg.hits_at_3	user_attrs_avg.hits_at_5	user_attrs_avg.mean_rank	user_attrs_avg.mean_reciprocal_rank	user_attrs_best.hits_at_1	user_attrs_best.hits_at_10	user_attrs_best.hits_at_3	user_attrs_best.hits_at_5	user_attrs_best.mean_rank	user_attrs_best.mean_reciprocal_rank	user_attrs_random_seed	user_attrs_stopped_epoch	user_attrs_worst.hits_at_1	user_attrs_worst.hits_at_10	user_attrs_worst.hits_at_3	user_attrs_worst.hits_at_5	user_attrs_worst.mean_rank	user_attrs_worst.mean_reciprocal_rank	system_attrs__number	state
0	0.016853932584269662	2020-05-21 13:21:15.845838	2020-05-21 14:08:26.856323	256	81	0.04052989267729473	128	0.9940690105006601	0.0018726591760299626	0.016853932584269662	0.0149812734082397	0.01544943820224719	47.94873595505618	0.029952264178054248	0.477059925093633	0.9756554307116105	0.8726591760299626	0.9499063670411985	2.693820224719101	0.6767962769275015	1431992302	150	0.0018726591760299626	0.01544943820224719	0.013108614232209739	0.0149812734082397	93.20365168539325	0.017896863625552074	0	COMPLETE
1	0.07256554307116105	2020-05-21 14:08:26.996573	2020-05-21 14:48:11.856993	256	66	0.0024578910854410486	256	1.0102674480159646	0.0014044943820224719	0.07256554307116105	0.010299625468164793	0.026685393258426966	48.78698501872659	0.03536434754443213	0.08707865168539326	0.5168539325842697	0.19382022471910113	0.29634831460674155	12.879681647940075	0.21124687298293782	4148532055	150	0.0014044943820224719	0.03417602996254682	0.0056179775280898875	0.013108614232209739	84.6942883895131	0.021597880423538482	1	COMPLETE
2	0.09410112359550561	2020-05-21 14:48:11.973612	2020-05-21 14:56:37.652733	128	55	0.0013698792219967956	512	1.0101121152709291	0.00046816479400749064	0.09410112359550561	0.020599250936329586	0.04260299625468165	48.76942883895131	0.04450419575430934	0.03745318352059925	0.12312734082397003	0.04447565543071161	0.06320224719101124	46.359550561797754	0.07492224977088366	2863109034	150	0.00046816479400749064	0.07397003745318352	0.008426966292134831	0.02294007490636704	51.179307116104866	0.036664248001461563	2	COMPLETE
3	0.09925093632958802	2020-05-21 14:56:37.791214	2020-05-21 14:58:50.389321	256	2	0.003950749680010983	512	1.0350283820483805	0.0014044943820224719	0.09925093632958802	0.030430711610486893	0.05571161048689138	49.9749531835206	0.04769758527097762	0.04962546816479401	0.12359550561797752	0.05805243445692884	0.07303370786516854	47.243445692883896	0.08491933127159473	96984800	150	0.0014044943820224719	0.08380149812734082	0.010299625468164793	0.03136704119850187	52.706460674157306	0.03827259951961729	3	COMPLETE
4	0.03277153558052434	2020-05-21 14:58:50.484804	2020-05-21 16:15:32.313187	256	52	0.09062235084054025	256	0.9936611972686448	0.003745318352059925	0.03277153558052434	0.01544943820224719	0.02247191011235955	47.9625468164794	0.032640724560024294	0.3441011235955056	0.8647003745318352	0.6142322097378277	0.7560861423220974	6.926498127340824	0.5131920897917882	2552454735	300	0.003745318352059925	0.025749063670411985	0.011235955056179775	0.018258426966292134	88.99859550561797	0.020820428301111082	4	COMPLETE
5	0.06320224719101124	2020-05-21 16:15:32.419610	2020-05-21 16:18:03.691300	64	43	0.003975640813112084	256	1.010523548031449	0.004213483146067416	0.06320224719101124	0.019194756554307114	0.02902621722846442	48.77364232209738	0.03773331634234427	0.10767790262172285	0.6399812734082397	0.28323970037453183	0.38717228464419473	10.52059925093633	0.2590522949526227	3691464977	150	0.004213483146067416	0.04307116104868914	0.0149812734082397	0.02200374531835206	87.02668539325843	0.026026251596521624	5	COMPLETE
6	0.02200374531835206	2020-05-21 16:18:03.834547	2020-05-21 16:28:06.638232	64	50	0.06039021071001031	512	0.9915824039003809	0.0028089887640449437	0.02200374531835206	0.011235955056179775	0.01544943820224719	47.82116104868914	0.029741010467606504	0.6619850187265918	0.9536516853932584	0.7883895131086143	0.875	3.365168539325843	0.7473890285820697	4042520775	450	0.0028089887640449437	0.015917602996254682	0.010299625468164793	0.011704119850187267	92.27715355805243	0.01764854347244379	6	COMPLETE
7	0.04588014981273408	2020-05-21 16:28:06.730351	2020-05-21 16:34:50.789842	128	43	0.005044270923749438	256	1.0063127911185727	0.003745318352059925	0.04588014981273408	0.015917602996254682	0.02902621722846442	48.55758426966292	0.034524201275197945	0.22284644194756553	0.7949438202247191	0.46722846441947563	0.6132958801498127	7.2088014981273405	0.3963854655874598	3357803768	150	0.003745318352059925	0.03417602996254682	0.011704119850187267	0.017322097378277154	89.90636704119851	0.021922575636389233	7	COMPLETE
8	0.052434456928838954	2020-05-21 16:34:50.871063	2020-05-21 16:38:15.493168	64	63	0.0032754952441548723	256	1.0040274296158207	0.004213483146067416	0.052434456928838954	0.0149812734082397	0.023876404494382022	48.46371722846442	0.035347225928764436	0.1849250936329588	0.7303370786516854	0.39091760299625467	0.5102996254681648	8.304775280898877	0.34636897838915415	2512284605	150	0.004213483146067416	0.039794007490636704	0.012172284644194757	0.017790262172284643	88.62265917602996	0.023939329843130165	8	COMPLETE
9	0.00749063670411985	2020-05-21 16:38:15.632793	2020-05-21 16:54:53.207682	128	76	0.03225150103435952	512	0.997048653848818	0.0014044943820224719	0.00749063670411985	0.0046816479400749065	0.0056179775280898875	48.10510299625468	0.024418714023279345	0.726123595505618	0.9920411985018727	0.9405430711610487	0.9737827715355806	1.6484082397003745	0.836397516197361	2127849794	200	0.0014044943820224719	0.0056179775280898875	0.004213483146067416	0.005149812734082397	94.56179775280899	0.01356594521409323	9	COMPLETE
10	0.024812734082397005	2020-05-21 16:54:53.298543	2020-05-21 17:07:43.073415	256	21	0.029524834633743106	128	0.9949567136947721	0.006086142322097378	0.024812734082397005	0.01544943820224719	0.021067415730337078	48.0	0.032744367843051146	0.41292134831460675	0.9480337078651685	0.7322097378277154	0.8572097378277154	4.432116104868914	0.5956039210120306	966027487	150	0.006086142322097378	0.02247191011235955	0.011235955056179775	0.017322097378277154	91.56788389513109	0.02105589609158783	10	COMPLETE
11	0.01544943820224719	2020-05-21 17:07:43.203774	2020-05-21 17:10:28.621707	64	54	0.01576386738135801	512	0.9970020002071581	0.004213483146067416	0.01544943820224719	0.009363295880149813	0.014044943820224719	48.105805243445694	0.028531161538688864	0.5355805243445693	0.9784644194756554	0.8408239700374532	0.9218164794007491	2.349250936329588	0.7017118805042764	2500093250	150	0.004213483146067416	0.01451310861423221	0.008895131086142321	0.011235955056179775	93.86235955056179	0.017602054020302692	11	COMPLETE
12	0.026685393258426966	2020-05-21 17:10:28.734881	2020-05-21 17:23:48.333774	256	22	0.028764992223814866	128	0.9859520886468349	0.0023408239700374533	0.026685393258426966	0.010767790262172285	0.019662921348314606	47.56437265917603	0.03048651272521414	0.576310861423221	0.8843632958801498	0.74812734082397	0.800561797752809	6.249063670411985	0.6804103624801151	1388119419	150	0.0023408239700374533	0.02247191011235955	0.006086142322097378	0.011704119850187267	88.87968164794007	0.01801169067065686	12	COMPLETE
13	0.05898876404494382	2020-05-21 17:23:48.420904	2020-05-21 17:26:07.862895	64	43	0.0068775480215382085	512	0.9959602654381386	0.006086142322097378	0.05898876404494382	0.02294007490636704	0.03838951310861423	48.05266853932584	0.03947643711249334	0.1502808988764045	0.7425093632958801	0.3895131086142322	0.5210674157303371	7.557116104868914	0.3283941982927926	1559249450	150	0.006086142322097378	0.04868913857677903	0.01638576779026217	0.02762172284644195	88.54822097378278	0.027341234161421018	13	COMPLETE
14	0.02153558052434457	2020-05-21 17:26:07.989903	2020-05-21 17:37:50.092236	128	74	0.014240458955481988	128	0.9927578311359461	0.004213483146067416	0.02153558052434457	0.015917602996254682	0.018726591760299626	47.897940074906366	0.031470125935542465	0.5407303370786517	0.971441947565543	0.8590823970037453	0.9293071161048689	2.713951310861423	0.7089314315075972	1711562710	150	0.004213483146067416	0.019194756554307114	0.009831460674157303	0.015917602996254682	93.08192883895131	0.019270717589537648	14	COMPLETE
15	0.03136704119850187	2020-05-21 17:37:50.196664	2020-05-21 17:42:54.409607	64	96	0.002025940586363386	128	1.0024072308135166	0.0028089887640449437	0.03136704119850187	0.011704119850187267	0.018726591760299626	48.37102059925093	0.030342500110403136	0.3497191011235955	0.8918539325842697	0.6338951310861424	0.7560861423220974	4.446629213483146	0.5263226535732749	262927688	150	0.0028089887640449437	0.02294007490636704	0.008895131086142321	0.014044943820224719	92.29541198501873	0.01876356340420457	15	COMPLETE
16	0.05196629213483146	2020-05-21 17:42:54.510600	2020-05-21 17:49:13.427947	128	40	0.002404797670812612	256	1.0105853721565716	0.0032771535580524347	0.05196629213483146	0.014044943820224719	0.025749063670411985	48.76825842696629	0.034031621775260756	0.16104868913857678	0.6952247191011236	0.3801498127340824	0.5154494382022472	8.939138576779026	0.32758968310356773	2605226414	150	0.0032771535580524347	0.0351123595505618	0.008426966292134831	0.015917602996254682	88.59737827715355	0.02157418709924419	16	COMPLETE
17	0.006554307116104869	2020-05-21 17:49:13.552256	2020-05-21 18:16:54.843037	256	48	0.07588547684187487	256	1.0010117453850862	0.0046816479400749065	0.006554307116104869	0.0056179775280898875	0.006554307116104869	48.30126404494382	0.025853884156516644	0.7073970037453183	0.9929775280898876	0.9550561797752809	0.9770599250936329	1.7930711610486891	0.8347865899136976	1589295167	150	0.0046816479400749065	0.006554307116104869	0.005149812734082397	0.0056179775280898875	94.80945692883896	0.01551939205015616	17	COMPLETE
18	0.0056179775280898875	2020-05-21 18:16:54.966921	2020-05-21 18:19:44.506053	64	56	0.09647695941977262	512	0.9973087727793315	0.0014044943820224719	0.0056179775280898875	0.0032771535580524347	0.003745318352059925	48.118445692883896	0.023325587579661706	0.9213483146067416	0.9864232209737828	0.9747191011235955	0.9803370786516854	1.4920411985018727	0.9489475040955705	1867948031	150	0.0014044943820224719	0.003745318352059925	0.0023408239700374533	0.0032771535580524347	94.74485018726591	0.012691162917354075	18	COMPLETE
19	0.02153558052434457	2020-05-21 18:19:44.625805	2020-05-21 18:23:59.830469	64	86	0.0015756845798080923	128	0.999929615597272	0.0032771535580524347	0.02153558052434457	0.011235955056179775	0.016853932584269662	48.26100187265918	0.029057450954503877	0.39232209737827717	0.9648876404494382	0.75187265917603	0.8820224719101124	3.0388576779026217	0.5929252245583856	74393305	150	0.0032771535580524347	0.020131086142322098	0.009363295880149813	0.013576779026217229	93.48314606741573	0.018078699639932267	19	COMPLETE
20	0.0149812734082397	2020-05-21 18:23:59.928179	2020-05-21 19:17:48.495041	128	100	0.056112806394501995	256	0.9967212091925578	0.004213483146067416	0.0149812734082397	0.007958801498127341	0.010767790262172285	48.10299625468165	0.028545602486160216	0.5856741573033708	0.9372659176029963	0.8375468164794008	0.8974719101123596	3.8927902621722845	0.7221929021017517	855157969	400	0.004213483146067416	0.013576779026217229	0.007958801498127341	0.007958801498127341	92.31320224719101	0.017348932138307724	20	COMPLETE
21	0.047752808988764044	2020-05-21 19:17:48.629586	2020-05-21 19:20:33.045664	64	48	0.002474855866435669	256	1.0054944740723442	0.004213483146067416	0.047752808988764044	0.01451310861423221	0.02902621722846442	48.53464419475655	0.033737175333194515	0.15683520599250936	0.7902621722846442	0.4012172284644195	0.5617977528089888	7.3562734082397006	0.3402629739842483	3228257337	150	0.004213483146067416	0.040262172284644196	0.008895131086142321	0.021067415730337078	89.7130149812734	0.022550846408723926	21	COMPLETE
22	0.32256554307116103	2020-05-21 19:20:33.159599	2020-05-21 19:30:32.699962	64	45	0.01544351971518533	256	0.698817178957541	0.03323970037453183	0.32256554307116103	0.18867041198501872	0.25702247191011235	33.84222846441948	0.1510901879353054	0.7443820224719101	0.9808052434456929	0.8857677902621723	0.9391385767790262	1.8838951310861423	0.8291513599035906	3895668288	450	0.03323970037453183	0.273876404494382	0.12359550561797752	0.1900749063670412	65.8005617977528	0.1089072032781902	22	COMPLETE
23	0.06554307116104868	2020-05-21 19:30:32.826463	2020-05-21 19:36:18.748977	128	21	0.0010577935324249561	128	1.015722941541835	0.0023408239700374533	0.06554307116104868	0.017790262172284643	0.028089887640449437	49.02551498127341	0.03717142356571796	0.03136704119850187	0.5117041198501873	0.12780898876404495	0.22799625468164794	11.919943820224718	0.15984283175850497	3135403802	200	0.0023408239700374533	0.05102996254681648	0.013576779026217229	0.02200374531835206	86.1310861423221	0.025675183209850752	23	COMPLETE
24	0.010767790262172285	2020-05-21 19:36:18.834642	2020-05-21 20:30:35.610508	256	95	0.024451333783435846	512	0.999073471185971	0.0018726591760299626	0.010767790262172285	0.007958801498127341	0.009831460674157303	48.20950374531835	0.026569167821254954	0.5636704119850188	0.9864232209737828	0.9143258426966292	0.9653558052434457	2.0655430711610485	0.7406322623589949	4118520944	150	0.0018726591760299626	0.009831460674157303	0.007958801498127341	0.008426966292134831	94.35346441947566	0.015569864151366568	24	COMPLETE
25	0.0023408239700374533	2020-05-21 20:30:35.705069	2020-05-21 20:40:57.944937	128	64	0.09068780702084142	128	0.9991960759721138	0.0023408239700374533	0.0023408239700374533	0.0023408239700374533	0.0023408239700374533	48.21933520599251	0.023051595812024803	0.8544007490636704	0.9990636704119851	0.9934456928838952	0.99812734082397	1.2008426966292134	0.9232383424939605	2087885100	150	0.0023408239700374533	0.0023408239700374533	0.0023408239700374533	0.0023408239700374533	95.2378277153558	0.012826930411390986	25	COMPLETE
26	0.026217228464419477	2020-05-21 20:40:58.045675	2020-05-21 21:16:22.985456	256	57	0.004533680408316206	128	0.9973704057339272	0.004213483146067416	0.026217228464419477	0.011235955056179775	0.01638576779026217	48.10697565543071	0.03056394955129202	0.5088951310861424	0.9068352059925093	0.7546816479400749	0.8300561797752809	4.012172284644195	0.6524790546154133	2719686982	150	0.004213483146067416	0.017790262172284643	0.007958801498127341	0.011235955056179775	92.20177902621722	0.018696249859782813	26	COMPLETE
27	0.041666666666666664	2020-05-21 21:16:23.093366	2020-05-21 21:31:18.444055	128	97	0.003078492310426737	512	1.005355262584733	0.003745318352059925	0.041666666666666664	0.018726591760299626	0.024344569288389514	48.51966292134831	0.03460630304660017	0.1947565543071161	0.774812734082397	0.44803370786516855	0.6086142322097379	7.461142322097379	0.3737092217478494	2069968683	150	0.003745318352059925	0.031835205992509365	0.012172284644194757	0.020131086142322098	89.57818352059925	0.022357279779132287	27	COMPLETE
28	0.08848314606741572	2020-05-21 21:31:18.584546	2020-05-21 21:37:55.360956	128	41	0.002161870424132507	512	1.0494594010620375	0.0014044943820224719	0.08848314606741572	0.024344569288389514	0.0449438202247191	50.702715355805246	0.04457886660646523	0.037921348314606744	0.10814606741573034	0.04588014981273408	0.06320224719101124	48.151685393258425	0.07401092418390308	155539938	150	0.0014044943820224719	0.06928838951310862	0.009363295880149813	0.02762172284644195	53.25374531835206	0.03651074559967654	28	COMPLETE
29	0.021067415730337078	2020-05-21 21:37:55.481169	2020-05-21 22:29:58.437276	256	90	0.0015934365260403115	128	1.0081223401908976	0.0032771535580524347	0.021067415730337078	0.012640449438202247	0.017790262172284643	48.674157303370784	0.029845388144916045	0.25140449438202245	0.8806179775280899	0.6020599250936329	0.7560861423220974	5.24063670411985	0.46013977299432196	2312813335	150	0.0032771535580524347	0.018258426966292134	0.009363295880149813	0.014044943820224719	92.10767790262172	0.018537803525660177	29	COMPLETE
30	0.041666666666666664	2020-05-21 22:29:58.557394	2020-05-21 22:35:44.134664	64	34	0.016164797551675603	128	0.9653138054137149	0.007022471910112359	0.041666666666666664	0.02902621722846442	0.037921348314606744	46.60182584269663	0.04039218364491504	0.7382958801498127	0.9887640449438202	0.9405430711610487	0.9653558052434457	1.9625468164794007	0.8402908925657332	539804405	300	0.007022471910112359	0.039794007490636704	0.019662921348314606	0.02949438202247191	91.24110486891385	0.026131309897048587	30	COMPLETE
31	0.041666666666666664	2020-05-21 22:35:44.254635	2020-05-21 22:41:13.424470	128	34	0.06544079284659682	512	0.9758821041637173	0.006086142322097378	0.041666666666666664	0.01544943820224719	0.028089887640449437	47.06601123595506	0.03706843472380179	0.34691011235955055	0.852996254681648	0.6713483146067416	0.7799625468164794	6.986423220973783	0.5302086285464258	913723647	150	0.006086142322097378	0.031835205992509365	0.013576779026217229	0.015917602996254682	87.14559925093633	0.024315629386322105	31	COMPLETE
32	0.06647940074906367	2020-05-21 22:41:13.558338	2020-05-21 22:47:49.245297	128	41	0.0034293216229201295	512	1.0024735386403145	0.0046816479400749065	0.06647940074906367	0.0149812734082397	0.026685393258426966	48.37851123595506	0.03877526088785858	0.10252808988764045	0.4653558052434457	0.22237827715355804	0.29728464419475653	14.855805243445692	0.22096218754463445	3297257414	150	0.0046816479400749065	0.03698501872659176	0.010299625468164793	0.01638576779026217	81.90121722846442	0.02614942673958452	32	COMPLETE
33	0.17275280898876405	2020-05-21 22:47:49.394814	2020-05-21 22:52:59.631162	128	4	0.019970569345389703	128	0.8263584172051428	0.020131086142322098	0.17275280898876405	0.07350187265917603	0.10955056179775281	39.96465355805243	0.08287938193073258	0.41198501872659177	0.925561797752809	0.7069288389513109	0.8150749063670412	3.881554307116105	0.5846493755675666	3967336948	350	0.020131086142322098	0.12172284644194757	0.05290262172284644	0.07771535580524344	76.04775280898876	0.05930630609890863	33	COMPLETE
34	0.09831460674157304	2020-05-21 22:52:59.744955	2020-05-21 22:59:26.179743	256	2	0.055991834833808554	256	1.0122758528062452	0.00046816479400749064	0.09831460674157304	0.017322097378277154	0.046348314606741575	48.897705992509366	0.04520930398269743	0.0599250936329588	0.13342696629213482	0.06601123595505617	0.08239700374531835	45.633426966292134	0.09544105352121679	2761723439	350	0.00046816479400749064	0.06882022471910113	0.004213483146067416	0.018726591760299626	52.16198501872659	0.03504667089693133	34	COMPLETE
35	0.0898876404494382	2020-05-21 22:59:26.281594	2020-05-21 23:13:01.835593	128	86	0.001528682869458608	512	1.0054173212147872	0.0009363295880149813	0.0898876404494382	0.02200374531835206	0.04447565543071161	48.50397940074907	0.04564907637696718	0.03885767790262172	0.11891385767790262	0.04588014981273408	0.06647940074906367	46.08052434456929	0.07653424566950173	1689126747	150	0.0009363295880149813	0.07350187265917603	0.008895131086142321	0.025749063670411985	50.927434456928836	0.037447720433765326	35	COMPLETE
36	0.08239700374531835	2020-05-21 23:13:01.953896	2020-05-21 23:18:57.761837	128	37	0.0015485332477652547	256	1.0142669903527777	0.00046816479400749064	0.08239700374531835	0.025749063670411985	0.04307116104868914	48.92579588014981	0.04495139002956343	0.03651685393258427	0.10486891385767791	0.04260299625468165	0.060861423220973786	46.219569288389515	0.0726740234391334	2073298908	150	0.00046816479400749064	0.06975655430711611	0.010299625468164793	0.028089887640449437	51.63202247191011	0.036805511642036805	36	COMPLETE
37	0.05852059925093633	2020-05-21 23:18:57.881058	2020-05-21 23:21:17.801396	64	41	0.0020044652653793136	256	0.9973292628866498	0.0032771535580524347	0.05852059925093633	0.018726591760299626	0.03323970037453183	48.11587078651685	0.03762119812044643	0.11095505617977527	0.7064606741573034	0.31788389513108617	0.4695692883895131	9.486891385767791	0.280549540212661	4014798296	150	0.0032771535580524347	0.04588014981273408	0.013108614232209739	0.025749063670411985	86.74485018726591	0.025257179622334293	37	COMPLETE
38	0.2102059925093633	2020-05-21 23:21:17.916042	2020-05-21 23:29:56.044155	64	32	0.03301772686971002	512	0.8032930946467647	0.010767790262172285	0.2102059925093633	0.05711610486891386	0.11844569288389513	38.831460674157306	0.07839722896780012	0.523876404494382	0.9302434456928839	0.7701310861423221	0.8408239700374532	3.415262172284644	0.6654492400666162	1270499285	550	0.010767790262172285	0.13670411985018727	0.03464419475655431	0.06132958801498127	74.24765917602996	0.05127248332346004	38	COMPLETE
39	0.009831460674157303	2020-05-21 23:29:56.156777	2020-05-21 23:59:45.171281	128	96	0.03345564846769114	256	1.0007289850758214	0.0009363295880149813	0.009831460674157303	0.0056179775280898875	0.008895131086142321	48.30173220973783	0.024979277908090458	0.7167602996254682	0.9559925093632958	0.8679775280898876	0.9129213483146067	3.4625468164794007	0.8010098714157944	2534536377	250	0.0009363295880149813	0.009831460674157303	0.0046816479400749065	0.0056179775280898875	93.14091760299625	0.013752101787542341	39	COMPLETE
40	0.020131086142322098	2020-05-21 23:59:45.267000	2020-05-22 00:22:23.782275	128	61	0.07279114414855165	512	0.9913098333352891	0.0032771535580524347	0.020131086142322098	0.009831460674157303	0.013576779026217229	47.83380149812734	0.029472115672263485	0.721441947565543	0.9250936329588015	0.8211610486891385	0.8838951310861424	4.328651685393258	0.7889715767654523	4076491333	300	0.0032771535580524347	0.015917602996254682	0.008426966292134831	0.010299625468164793	91.33895131086142	0.017608403251932195	40	COMPLETE
41	0.0009363295880149813	2020-05-22 00:22:23.885363	2020-05-22 00:26:52.708613	64	100	0.067998942089031	512	0.999446444307569	0.0009363295880149813	0.0009363295880149813	0.0009363295880149813	0.0009363295880149813	48.22635767790262	0.021692577354331517	0.9648876404494382	1.0	0.99812734082397	1.0	1.0435393258426966	0.98125	2067436824	150	0.0009363295880149813	0.0009363295880149813	0.0009363295880149813	0.0009363295880149813	95.40917602996255	0.011428188026503047	41	COMPLETE
42	0.046348314606741575	2020-05-22 00:26:52.810096	2020-05-22 00:28:40.032325	64	5	0.07102145805552461	256	0.9912624615793943	0.006086142322097378	0.046348314606741575	0.01638576779026217	0.026217228464419477	47.829588014981276	0.0372949049394355	0.3291198501872659	0.7172284644194756	0.5276217228464419	0.6100187265917603	11.738295880149813	0.4608487664243525	1815653068	250	0.006086142322097378	0.03136704119850187	0.013108614232209739	0.019194756554307114	83.92088014981273	0.02488607961671346	42	COMPLETE
43	0.09316479400749064	2020-05-22 00:28:40.135815	2020-05-22 00:32:41.272412	64	88	0.0013882934684569695	512	0.9873743543736218	0.0009363295880149813	0.09316479400749064	0.024812734082397005	0.0449438202247191	47.62640449438202	0.04826619533596348	0.02949438202247191	0.1151685393258427	0.0449438202247191	0.0599250936329588	46.045411985018724	0.07016412708790187	2795825666	150	0.0009363295880149813	0.07958801498127341	0.016853932584269662	0.0299625468164794	49.20739700374532	0.04143155356211084	43	COMPLETE
44	0.8759363295880149	2020-05-22 00:32:41.370261	2020-05-22 00:36:17.205695	64	6	0.009104616520766034	256	0.15764785883948207	0.16853932584269662	0.8759363295880149	0.5856741573033708	0.7556179775280899	7.686095505617978	0.44414063106582186	0.648876404494382	0.9606741573033708	0.8085205992509363	0.8862359550561798	2.5149812734082397	0.7497030659890589	1449544704	450	0.16853932584269662	0.8286516853932584	0.46629213483146065	0.6352996254681648	12.857209737827715	0.3664637903273279	44	COMPLETE
45	0.07116104868913857	2020-05-22 00:36:17.327251	2020-05-22 01:13:29.092692	256	60	0.004353761739926491	256	1.0003860087337997	0.0046816479400749065	0.07116104868913857	0.016853932584269662	0.032303370786516857	48.25491573033708	0.04040867282978262	0.09129213483146068	0.48642322097378277	0.19382022471910113	0.28323970037453183	14.467228464419476	0.20818745785174161	3198121397	150	0.0046816479400749065	0.04307116104868914	0.011235955056179775	0.019194756554307114	82.04260299625469	0.02657428873262554	45	COMPLETE
46	0.04447565543071161	2020-05-22 01:13:29.190162	2020-05-22 01:55:21.366326	256	69	0.0021578132625871553	128	1.0000763109070685	0.0032771535580524347	0.04447565543071161	0.018258426966292134	0.02902621722846442	48.27013108614232	0.035072143892490595	0.23923220973782772	0.7940074906367042	0.5173220973782772	0.6390449438202247	6.39185393258427	0.42152190604628054	3576773917	150	0.0032771535580524347	0.032303370786516857	0.011235955056179775	0.018726591760299626	90.14840823970037	0.021744349041819606	46	COMPLETE
47	0.027153558052434457	2020-05-22 01:55:21.485817	2020-05-22 02:05:07.599072	256	15	0.021226249038759838	128	0.9837617362354104	0.005149812734082397	0.027153558052434457	0.019194756554307114	0.02247191011235955	47.4435861423221	0.03414685092393048	0.5767790262172284	0.9583333333333334	0.8586142322097379	0.9391385767790262	3.6179775280898876	0.7225573262567768	4120922310	150	0.005149812734082397	0.023408239700374533	0.013108614232209739	0.019662921348314606	91.26919475655431	0.02167323357535221	47	COMPLETE
48	0.05852059925093633	2020-05-22 02:05:07.715342	2020-05-22 03:14:33.724419	256	39	0.0011917437159549502	512	1.018747807101936	0.007958801498127341	0.05852059925093633	0.02294007490636704	0.033707865168539325	49.18726591760299	0.04011059069512411	0.048220973782771535	0.6161048689138576	0.18398876404494383	0.3052434456928839	10.29447565543071	0.19600585367498788	727385508	350	0.007958801498127341	0.04541198501872659	0.020599250936329586	0.026217228464419477	88.08005617977528	0.028687787682622538	48	COMPLETE
49	0.02294007490636704	2020-05-22 03:14:33.820722	2020-05-22 03:20:11.511316	128	35	0.02591981075503331	512	0.9883251782778776	0.006554307116104869	0.02294007490636704	0.016853932584269662	0.020131086142322098	47.671582397003746	0.033769879589545804	0.4405430711610487	0.973314606741573	0.8361423220973783	0.9335205992509363	2.74438202247191	0.6524679563260931	2192106953	150	0.006554307116104869	0.021067415730337078	0.0149812734082397	0.017790262172284643	92.59878277153558	0.021988964470717867	49	COMPLETE
50	0.017322097378277154	2020-05-22 03:20:11.645128	2020-05-22 03:24:58.564530	64	92	0.0010530185318854118	128	1.002468780130462	0.007958801498127341	0.017322097378277154	0.012172284644194757	0.01451310861423221	48.37289325842696	0.031071899183468674	0.4250936329588015	0.9672284644194756	0.7598314606741573	0.8787453183520599	2.8955992509363297	0.6145918572035342	2869709101	150	0.007958801498127341	0.01544943820224719	0.012172284644194757	0.013576779026217229	93.8501872659176	0.020704592197599972	50	COMPLETE
51	0.04260299625468165	2020-05-22 03:24:58.665037	2020-05-22 03:28:51.988462	128	20	0.006363390439246232	128	0.9743830652520312	0.011704119850187267	0.04260299625468165	0.027153558052434457	0.03417602996254682	47.017322097378276	0.04284343420249476	0.4288389513108614	0.952247191011236	0.7790262172284644	0.8923220973782772	3.2373595505617976	0.6237689618875438	371458821	150	0.011704119850187267	0.03464419475655431	0.02200374531835206	0.028089887640449437	90.79728464419476	0.0297917032489804	51	COMPLETE
52	0.03136704119850187	2020-05-22 03:28:52.136771	2020-05-22 03:31:08.236230	64	26	0.08045262878267002	512	0.987041924604867	0.007022471910112359	0.03136704119850187	0.01451310861423221	0.019194756554307114	47.61797752808989	0.033799723969664554	0.5360486891385767	0.8829588014981273	0.7851123595505618	0.8319288389513109	5.439138576779026	0.6700119788715154	1430665975	200	0.007022471910112359	0.021067415730337078	0.009363295880149813	0.01451310861423221	89.79681647940075	0.021715005966068002	52	COMPLETE
53	0.7139513108614233	2020-05-22 03:31:08.310420	2020-05-22 03:40:48.402134	128	7	0.012905869113637612	256	0.3172044986265987	0.08099250936329588	0.7139513108614233	0.3300561797752809	0.4957865168539326	15.430945692883896	0.2805683913990702	0.5229400749063671	0.9250936329588015	0.7172284644194756	0.8122659176029963	3.5711610486891385	0.6504484724558475	21966327	650	0.08099250936329588	0.5688202247191011	0.23361423220973782	0.35720973782771537	27.290730337078653	0.21691061115278537	53	COMPLETE
54	0.0032771535580524347	2020-05-22 03:40:48.506465	2020-05-22 03:44:24.406207	64	77	0.023996283161353514	512	1.0002219587876653	0.0023408239700374533	0.0032771535580524347	0.0032771535580524347	0.0032771535580524347	48.26427902621723	0.023620512563472067	0.8127340823970037	0.9990636704119851	0.9625468164794008	0.9887640449438202	1.3609550561797752	0.889593179656382	3469678629	150	0.0023408239700374533	0.0032771535580524347	0.0032771535580524347	0.0032771535580524347	95.16760299625469	0.01328284452270815	54	COMPLETE
55	0.04353932584269663	2020-05-22 03:44:24.522856	2020-05-22 03:54:06.126140	128	59	0.0033114478111536537	128	0.984441917977376	0.004213483146067416	0.04353932584269663	0.0149812734082397	0.026685393258426966	47.513342696629216	0.034334878642824244	0.398876404494382	0.8604868913857678	0.6573033707865169	0.7565543071161048	4.9049625468164795	0.5572561692457169	985882359	150	0.004213483146067416	0.03136704119850187	0.009831460674157303	0.01638576779026217	90.12172284644194	0.02147493185768366	55	COMPLETE
56	0.03745318352059925	2020-05-22 03:54:06.254712	2020-05-22 04:43:41.887214	256	85	0.009480637546631622	512	1.0085946871953133	0.005149812734082397	0.03745318352059925	0.017790262172284643	0.025749063670411985	48.66619850187266	0.03433178126354334	0.16151685393258428	0.8567415730337079	0.4208801498127341	0.6207865168539326	5.9110486891385765	0.3567679056834187	493757964	150	0.005149812734082397	0.02855805243445693	0.014044943820224719	0.018726591760299626	91.42134831460675	0.022095912656200117	56	COMPLETE
57	0.0032771535580524347	2020-05-22 04:43:41.988978	2020-05-22 04:47:24.937609	64	80	0.08592808181696668	512	0.996814078388017	0.0009363295880149813	0.0032771535580524347	0.0028089887640449437	0.0028089887640449437	48.09691011235955	0.02283284792876535	0.9695692883895131	0.9985955056179775	0.9962546816479401	0.9976591760299626	1.0660112359550562	0.9830431311821761	856382530	150	0.0009363295880149813	0.0028089887640449437	0.0028089887640449437	0.0028089887640449437	95.12780898876404	0.012236775296984257	57	COMPLETE
58	0.017322097378277154	2020-05-22 04:47:25.065858	2020-05-22 04:57:23.930815	128	67	0.019881387019715972	512	0.9912741074437966	0.005149812734082397	0.017322097378277154	0.013576779026217229	0.01451310861423221	47.83216292134831	0.030716675908971824	0.5969101123595506	0.9882958801498127	0.87687265917603	0.9433520599250936	2.1212546816479403	0.7451835427772082	948614179	150	0.005149812734082397	0.015917602996254682	0.012172284644194757	0.014044943820224719	93.54307116104869	0.019421364406429307	58	COMPLETE
59	0.007022471910112359	2020-05-22 04:57:24.042784	2020-05-22 05:00:05.789734	64	53	0.012109948076876088	512	1.0017126545454778	0.0014044943820224719	0.007022471910112359	0.0046816479400749065	0.006086142322097378	48.33239700374532	0.02420207257259954	0.6320224719101124	0.9925093632958801	0.8979400749063671	0.9639513108614233	1.8426966292134832	0.7714699734023852	1448747014	150	0.0014044943820224719	0.006086142322097378	0.003745318352059925	0.005149812734082397	94.82209737827715	0.01345800182410952	59	COMPLETE
60	0.0945692883895131	2020-05-22 05:00:05.895924	2020-05-22 05:11:43.135104	128	37	0.001187326998833654	512	1.020118841675567	0.0009363295880149813	0.0945692883895131	0.019194756554307114	0.04307116104868914	49.30173220973783	0.044749382374311746	0.03698501872659176	0.11610486891385768	0.04681647940074907	0.06741573033707865	46.86516853932584	0.07492176558030317	3452808024	250	0.0009363295880149813	0.06835205992509363	0.009363295880149813	0.02200374531835206	51.73829588014981	0.03680588981652327	60	COMPLETE
61	0.009831460674157303	2020-05-22 05:11:43.225553	2020-05-22 05:43:13.451924	256	53	0.07469457006216865	128	0.9961085753490946	0.0032771535580524347	0.009831460674157303	0.007022471910112359	0.008426966292134831	48.0566479400749	0.026203369672857937	0.6942883895131086	0.9845505617977528	0.897003745318352	0.9419475655430711	2.2265917602996255	0.80488443811551	1653556010	150	0.0032771535580524347	0.009363295880149813	0.0056179775280898875	0.00749063670411985	93.8867041198502	0.015348893937044058	61	COMPLETE
62	0.060393258426966294	2020-05-22 05:43:13.538146	2020-05-22 05:54:49.021899	128	51	0.0012190309311767933	256	1.0014744814126038	0.0056179775280898875	0.060393258426966294	0.016853932584269662	0.032303370786516857	48.342930711610485	0.03806381401278958	0.05664794007490637	0.6685393258426966	0.22612359550561797	0.38857677902621723	9.217696629213483	0.2232684767774443	1481398378	200	0.0056179775280898875	0.05056179775280899	0.012640449438202247	0.02294007490636704	87.46816479400749	0.026788906293239545	62	COMPLETE
63	0.6961610486891385	2020-05-22 05:54:49.139299	2020-05-22 06:00:29.769429	128	5	0.010784690856592569	128	0.29595256378012624	0.06928838951310862	0.6961610486891385	0.2860486891385768	0.424625468164794	14.43562734082397	0.25649581038667757	0.47846441947565543	0.9119850187265918	0.6863295880149812	0.7808988764044944	3.9405430711610485	0.6157378500044841	984304351	350	0.06928838951310862	0.5145131086142322	0.20224719101123595	0.3113295880149813	24.93071161048689	0.1962579296398132	63	COMPLETE
64	0.027153558052434457	2020-05-22 06:00:29.887533	2020-05-22 06:09:11.204319	128	58	0.010604448972360824	256	0.9931650925174788	0.0056179775280898875	0.027153558052434457	0.01451310861423221	0.020599250936329586	47.918305243445694	0.03231430063636218	0.39653558052434457	0.952247191011236	0.7064606741573034	0.8478464419475655	3.639044943820225	0.5822757249970807	2733618724	150	0.0056179775280898875	0.02294007490636704	0.010299625468164793	0.01638576779026217	92.19756554307116	0.02063485593688941	64	COMPLETE
65	0.08286516853932584	2020-05-22 06:09:11.344957	2020-05-22 06:27:05.108899	256	28	0.003674853774291569	512	1.0048852443053258	0.003745318352059925	0.08286516853932584	0.02294007490636704	0.037921348314606744	48.5	0.04365014227223324	0.04868913857677903	0.3506554307116105	0.12827715355805244	0.19241573033707865	20.609550561797754	0.1451455048428254	2288844243	150	0.003745318352059925	0.050093632958801496	0.014044943820224719	0.028089887640449437	76.39044943820225	0.03018661004951398	65	COMPLETE
66	0.013108614232209739	2020-05-22 06:27:05.228160	2020-05-22 06:42:17.398748	128	97	0.018762140631257695	256	0.998332821097825	0.0046816479400749065	0.013108614232209739	0.009831460674157303	0.012172284644194757	48.1687734082397	0.028275059774630993	0.5196629213483146	0.9840823970037453	0.8515917602996255	0.9442883895131086	2.4747191011235956	0.695900045219119	3882479353	150	0.0046816479400749065	0.013108614232209739	0.008895131086142321	0.010767790262172285	93.8628277153558	0.017655538022387084	66	COMPLETE
67	0.12453183520599251	2020-05-22 06:42:17.512620	2020-05-22 06:46:48.780757	128	29	0.001318476816733429	512	0.957834694913871	0.0018726591760299626	0.12453183520599251	0.03136704119850187	0.06882022471910113	46.232677902621724	0.05463264655278872	0.0599250936329588	0.1549625468164794	0.07209737827715355	0.09737827715355805	43.79447565543071	0.10028217900520416	3590525327	150	0.0018726591760299626	0.10393258426966293	0.013576779026217229	0.03604868913857678	48.67088014981273	0.04347994227524909	67	COMPLETE
68	0.15589887640449437	2020-05-22 06:46:48.866413	2020-05-22 06:51:37.669505	128	9	0.022823861191472745	256	0.8549665762826605	0.023876404494382022	0.15589887640449437	0.07256554307116105	0.10955056179775281	41.307818352059925	0.08175778645884217	0.2893258426966292	0.9372659176029963	0.6568352059925093	0.8146067415730337	3.936797752808989	0.5084073885745696	2031033133	300	0.023876404494382022	0.1306179775280899	0.054775280898876406	0.08146067415730338	78.67883895131087	0.06095373512716737	68	COMPLETE
69	0.0449438202247191	2020-05-22 06:51:37.757503	2020-05-22 07:12:29.878065	256	34	0.009390782336270201	256	0.9821146626194611	0.0056179775280898875	0.0449438202247191	0.026217228464419477	0.033707865168539325	47.38014981273408	0.039132692214808945	0.2598314606741573	0.900749063670412	0.6455992509363296	0.7794943820224719	4.8164794007490634	0.47948231417538756	3842965335	150	0.0056179775280898875	0.03838951310861423	0.019662921348314606	0.0299625468164794	89.9438202247191	0.02592441976821366	69	COMPLETE
70	0.0028089887640449437	2020-05-22 07:12:30.028077	2020-05-22 07:15:47.079966	64	68	0.022314373109535775	512	0.9999414996107977	0.0028089887640449437	0.0028089887640449437	0.0028089887640449437	0.0028089887640449437	48.254447565543074	0.02349048850227297	0.8347378277153558	0.9971910112359551	0.9812734082397003	0.9920411985018727	1.2921348314606742	0.9070769490692656	114834134	150	0.0028089887640449437	0.0028089887640449437	0.0028089887640449437	0.0028089887640449437	95.21676029962546	0.013288259717759428	70	COMPLETE
71	0.021067415730337078	2020-05-22 07:15:47.205807	2020-05-22 08:15:45.146178	256	66	0.014378561030905158	128	0.9903950374460105	0.006086142322097378	0.021067415730337078	0.010767790262172285	0.017790262172284643	47.78909176029963	0.03110874030292288	0.6479400749063671	0.976123595505618	0.8801498127340824	0.9143258426966292	2.2312734082397006	0.7690178745746722	766422239	200	0.006086142322097378	0.018726591760299626	0.010299625468164793	0.010767790262172285	93.34691011235955	0.01953000130857705	71	COMPLETE
72	0.846441947565543	2020-05-22 08:15:45.256677	2020-05-22 08:24:04.565542	128	3	0.003926468749567518	256	0.1897943463814811	0.2612359550561798	0.846441947565543	0.6165730337078652	0.7439138576779026	9.275514981273409	0.4921795336736749	0.4911048689138577	0.9616104868913857	0.7528089887640449	0.8609550561797753	2.9419475655430714	0.647198475080675	1042705225	800	0.2612359550561798	0.8132022471910112	0.5557116104868914	0.6970973782771536	15.609082397003744	0.443377455672444	72	COMPLETE
73	0.0945692883895131	2020-05-22 08:24:04.675127	2020-05-22 08:54:22.215892	256	33	0.002192597788211551	512	0.9942936813005347	0.004213483146067416	0.0945692883895131	0.026217228464419477	0.04541198501872659	47.94826779026217	0.04959546728162235	0.02762172284644195	0.11563670411985019	0.04353932584269663	0.060861423220973786	43.84597378277154	0.06933308517824435	709663672	200	0.004213483146067416	0.07677902621722846	0.020131086142322098	0.035580524344569285	52.050561797752806	0.04235209463778381	73	COMPLETE
74	0.010299625468164793	2020-05-22 08:54:22.334421	2020-05-22 08:57:32.769656	64	55	0.006140093078426455	128	0.99319112286746	0.0023408239700374533	0.010299625468164793	0.00749063670411985	0.008895131086142321	47.92322097378277	0.026017939572714793	0.8066479400749064	0.9878277153558053	0.9508426966292135	0.977996254681648	1.5561797752808988	0.8812252908640182	1444903380	150	0.0023408239700374533	0.009831460674157303	0.0056179775280898875	0.007958801498127341	94.29026217228464	0.01502292045185071	74	COMPLETE
75	0.07818352059925093	2020-05-22 08:57:32.851723	2020-05-22 08:59:48.943734	64	42	0.0021188629087338083	512	1.0240183648991674	0.0032771535580524347	0.07818352059925093	0.017790262172284643	0.0351123595505618	49.40379213483146	0.04111837601171982	0.011235955056179775	0.23174157303370788	0.0599250936329588	0.10159176029962547	23.97799625468165	0.09088145837971738	2046000011	150	0.0032771535580524347	0.05945692883895131	0.0149812734082397	0.027153558052434457	74.82958801498127	0.032086817785037185	75	COMPLETE
76	0.027153558052434457	2020-05-22 08:59:49.089593	2020-05-22 09:19:45.854148	256	32	0.009875110931514577	128	0.9838503017203625	0.010767790262172285	0.027153558052434457	0.020131086142322098	0.023876404494382022	47.46652621722846	0.03752401097128924	0.5884831460674157	0.9728464419475655	0.8913857677902621	0.9260299625468165	2.431179775280899	0.7438790772510527	808478905	150	0.010767790262172285	0.025280898876404494	0.018726591760299626	0.020599250936329586	92.50187265917603	0.02584423898480901	76	COMPLETE
77	0.0032771535580524347	2020-05-22 09:19:46.008545	2020-05-22 09:22:09.912205	64	45	0.04181602973044904	512	0.9995417539352963	0.0014044943820224719	0.0032771535580524347	0.0032771535580524347	0.0032771535580524347	48.232209737827716	0.02334491498987672	0.8932584269662921	0.9728464419475655	0.9634831460674157	0.9700374531835206	2.4470973782771535	0.9281799220738598	3780363639	150	0.0014044943820224719	0.0032771535580524347	0.0028089887640449437	0.0032771535580524347	94.01732209737828	0.012784744494550868	77	COMPLETE
78	0.007022471910112359	2020-05-22 09:22:10.002270	2020-05-22 09:27:02.497906	64	100	0.0658994996950241	256	1.0061001495357031	0.0014044943820224719	0.007022471910112359	0.0032771535580524347	0.005149812734082397	48.55383895131086	0.023999277614679616	0.8052434456928839	0.9339887640449438	0.8693820224719101	0.9087078651685393	3.8909176029962547	0.8474662039290088	95166056	150	0.0014044943820224719	0.005149812734082397	0.0028089887640449437	0.004213483146067416	93.21676029962546	0.013404357432371512	78	COMPLETE
79	0.015917602996254682	2020-05-22 09:27:02.641894	2020-05-22 09:41:24.609346	128	90	0.011996994219407264	256	0.9948905364850934	0.006554307116104869	0.015917602996254682	0.012640449438202247	0.014044943820224719	47.995552434456926	0.03093035330318394	0.5224719101123596	0.975187265917603	0.8637640449438202	0.9339887640449438	2.4747191011235956	0.6960627374714545	3721145729	150	0.006554307116104869	0.01451310861423221	0.012172284644194757	0.013108614232209739	93.51638576779027	0.019981223979990193	79	COMPLETE
80	0.023876404494382022	2020-05-22 09:41:24.713684	2020-05-22 09:43:29.542478	64	37	0.01401672764508888	256	0.9849132416815207	0.00749063670411985	0.023876404494382022	0.017790262172284643	0.021067415730337078	47.506320224719104	0.03432880371685963	0.6502808988764045	0.9812734082397003	0.9091760299625468	0.9606741573033708	1.9400749063670413	0.7852862802904218	2262989362	150	0.00749063670411985	0.02200374531835206	0.01544943820224719	0.018258426966292134	93.07256554307116	0.022684413125501783	80	COMPLETE
81	0.020599250936329586	2020-05-22 09:43:29.637417	2020-05-22 09:47:37.625570	64	81	0.0018517112857263688	128	1.0115020027757389	0.004213483146067416	0.020599250936329586	0.012172284644194757	0.015917602996254682	48.82209737827716	0.029565342608312475	0.3211610486891386	0.9063670411985019	0.6226591760299626	0.7584269662921348	4.583333333333333	0.5090679515470887	1624124269	150	0.004213483146067416	0.019194756554307114	0.009831460674157303	0.012640449438202247	93.06086142322097	0.01889845423994847	81	COMPLETE
82	0.025280898876404494	2020-05-22 09:47:37.725491	2020-05-22 09:51:06.225534	64	66	0.013009083112932727	256	0.986783149752466	0.004213483146067416	0.025280898876404494	0.013576779026217229	0.020131086142322098	47.61938202247191	0.031935020295678615	0.5828651685393258	0.9606741573033708	0.8679775280898876	0.9119850187265918	2.542134831460674	0.7303275125523755	3440132351	150	0.004213483146067416	0.02153558052434457	0.011235955056179775	0.0149812734082397	92.69662921348315	0.01995686018872449	82	COMPLETE
83	0.8029026217228464	2020-05-22 09:51:06.326468	2020-05-22 09:55:14.084586	64	15	0.01280352226246726	256	0.24142172495914754	0.06694756554307116	0.8029026217228464	0.38717228464419473	0.5875468164794008	11.789559925093632	0.3082375257860407	0.6896067415730337	0.9662921348314607	0.8338014981273408	0.8946629213483146	2.4775280898876404	0.777927065582045	1580890179	400	0.06694756554307116	0.649812734082397	0.25374531835205993	0.40730337078651685	21.101591760299627	0.226963473237809	83	COMPLETE
84	0.007958801498127341	2020-05-22 09:55:14.178035	2020-05-22 10:08:20.394298	128	83	0.04621772375959625	512	0.9985502567604422	0.0046816479400749065	0.007958801498127341	0.006554307116104869	0.007022471910112359	48.18539325842696	0.026589447861305293	0.7471910112359551	0.9878277153558053	0.9456928838951311	0.9775280898876404	1.924625468164794	0.8479496006425901	2179719858	150	0.0046816479400749065	0.007022471910112359	0.006086142322097378	0.006554307116104869	94.44616104868913	0.016108518675965442	84	COMPLETE
85	0.04962546816479401	2020-05-22 10:08:20.483252	2020-05-22 10:11:20.421941	64	49	0.0012564806735323993	128	1.0049897266337333	0.0032771535580524347	0.04962546816479401	0.018726591760299626	0.02949438202247191	48.51310861423221	0.03514741489109856	0.14606741573033707	0.7776217228464419	0.3970037453183521	0.5594569288389513	7.116573033707865	0.3335415603989106	3546186465	150	0.0032771535580524347	0.04119850187265917	0.01451310861423221	0.02247191011235955	89.90964419475655	0.023662376026085855	85	COMPLETE
86	0.01544943820224719	2020-05-22 10:11:20.518353	2020-05-22 10:15:35.833192	64	14	0.047805133811458476	128	1.0054693331598386	0.0032771535580524347	0.01544943820224719	0.009363295880149813	0.012640449438202247	48.49812734082397	0.027855172568709775	0.5842696629213483	0.9161985018726592	0.8164794007490637	0.87687265917603	5.936797752808989	0.710003351037726	1570301470	300	0.0032771535580524347	0.013108614232209739	0.007958801498127341	0.010299625468164793	91.05945692883896	0.01688558469633994	86	COMPLETE
87	0.09831460674157304	2020-05-22 10:15:35.937681	2020-05-22 10:17:50.838536	128	8	0.0017458542600354155	128	1.0216285117373414	0.006086142322097378	0.09831460674157304	0.03136704119850187	0.05149812734082397	49.29588014981273	0.05097589688073802	0.011704119850187267	0.12780898876404495	0.03932584269662921	0.0650749063670412	34.2813670411985	0.06569504335418372	3245092588	150	0.006086142322097378	0.08941947565543071	0.02762172284644195	0.04915730337078652	64.31039325842697	0.04439701468955682	87	COMPLETE
88	0.10393258426966293	2020-05-22 10:17:50.969831	2020-05-22 10:31:50.017819	128	87	0.0013318780061084717	256	1.001588044980234	0.00046816479400749064	0.10393258426966293	0.02294007490636704	0.05571161048689138	48.33614232209738	0.047083947036121176	0.047752808988764044	0.1254681647940075	0.05711610486891386	0.07443820224719101	45.83988764044944	0.08485145528511569	2880949609	150	0.00046816479400749064	0.08192883895131087	0.007958801498127341	0.026685393258426966	50.83239700374532	0.03803201753057482	88	COMPLETE
89	0.017322097378277154	2020-05-22 10:31:50.097926	2020-05-22 10:44:00.305308	128	54	0.08024292962213572	256	1.0016306482442072	0.0018726591760299626	0.017322097378277154	0.009831460674157303	0.011235955056179775	48.344803370786515	0.028109642071162257	0.576310861423221	0.9232209737827716	0.7626404494382022	0.8707865168539326	4.752340823970037	0.690117884305858	2749519262	200	0.0018726591760299626	0.011704119850187267	0.008895131086142321	0.009831460674157303	91.937265917603	0.01655620416699383	89	COMPLETE
90	0.05571161048689138	2020-05-22 10:44:00.406860	2020-05-22 10:50:03.504568	128	38	0.00446010441509688	256	1.0002284678351483	0.003745318352059925	0.05571161048689138	0.01451310861423221	0.023408239700374533	48.26310861423221	0.034980148099000984	0.15215355805243447	0.6816479400749064	0.36750936329588013	0.5070224719101124	9.131086142322097	0.31675490263371636	2323499133	150	0.003745318352059925	0.03417602996254682	0.011704119850187267	0.015917602996254682	87.39513108614233	0.02291019819440624	90	COMPLETE
91	0.026685393258426966	2020-05-22 10:50:03.607215	2020-05-22 10:52:27.902859	64	8	0.05738057794821478	128	0.991653244850864	0.004213483146067416	0.026685393258426966	0.01638576779026217	0.021067415730337078	47.838951310861425	0.03299519809770026	0.4232209737827715	0.9012172284644194	0.7191011235955056	0.8356741573033708	5.8085205992509366	0.5938528781792864	1989579324	200	0.004213483146067416	0.02247191011235955	0.012172284644194757	0.01638576779026217	89.86938202247191	0.02053249125171389	91	COMPLETE
92	0.025749063670411985	2020-05-22 10:52:28.017991	2020-05-22 10:55:13.621812	64	47	0.010239446689820287	128	0.9814494158654066	0.00749063670411985	0.025749063670411985	0.014044943820224719	0.019662921348314606	47.34433520599251	0.03340027839312086	0.6629213483146067	0.9845505617977528	0.9143258426966292	0.9597378277153558	2.0042134831460676	0.7941010370898455	1292368389	150	0.00749063670411985	0.02247191011235955	0.011704119850187267	0.01451310861423221	92.68445692883896	0.021788758260228348	92	COMPLETE
93	0.010767790262172285	2020-05-22 10:55:13.774852	2020-05-22 11:26:05.913662	256	51	0.0827819831773477	128	1.003666408696606	0.0023408239700374533	0.010767790262172285	0.007022471910112359	0.008426966292134831	48.42813670411985	0.0257861728689746	0.6362359550561798	0.951310861423221	0.8647003745318352	0.9288389513108615	3.414325842696629	0.7558334503295306	769612646	150	0.0023408239700374533	0.008426966292134831	0.005149812734082397	0.007022471910112359	93.44194756554307	0.014924286747907262	93	COMPLETE
94	0.03838951310861423	2020-05-22 11:26:06.018572	2020-05-22 12:06:16.338627	256	66	0.0013657026839886378	128	0.9974456876193692	0.0032771535580524347	0.03838951310861423	0.0149812734082397	0.025280898876404494	48.13974719101124	0.033012100932864656	0.17275280898876405	0.9082397003745318	0.5210674157303371	0.7120786516853933	4.8267790262172285	0.39732151967219165	1162884208	150	0.0032771535580524347	0.0299625468164794	0.012172284644194757	0.018258426966292134	91.45271535580524	0.02094302737261948	94	COMPLETE
95	0.7846441947565543	2020-05-22 12:06:16.445898	2020-05-22 12:17:21.715208	128	7	0.0048655378663006585	256	0.2460235217812886	0.17696629213483145	0.7846441947565543	0.5716292134831461	0.7027153558052435	11.999531835205993	0.4254420937694183	0.574438202247191	0.9709737827715356	0.8132022471910112	0.9040262172284644	2.6198501872659175	0.709365618518069	2473056022	750	0.17696629213483145	0.75	0.46114232209737827	0.6170411985018727	21.379213483146067	0.35845497521301456	95	COMPLETE
96	0.05805243445692884	2020-05-22 12:17:21.835384	2020-05-22 12:23:33.722550	128	39	0.007344311615025849	512	1.0014909306307382	0.005149812734082397	0.05805243445692884	0.017322097378277154	0.033707865168539325	48.31437265917603	0.03782940499334498	0.20880149812734083	0.7059925093632958	0.3993445692883895	0.5112359550561798	8.413389513108614	0.35876979089907257	3330809438	150	0.005149812734082397	0.039794007490636704	0.012172284644194757	0.018726591760299626	88.21535580524345	0.024811003162940833	96	COMPLETE
97	0.09691011235955056	2020-05-22 12:23:33.826536	2020-05-22 12:25:23.331445	64	7	0.00356588097089952	256	0.9440025861561647	0.018258426966292134	0.09691011235955056	0.060861423220973786	0.08052434456928839	45.55337078651685	0.0628674828363517	0.1549625468164794	0.9232209737827716	0.43773408239700373	0.670880149812734	4.827247191011236	0.367288452464623	3079617038	250	0.018258426966292134	0.09410112359550561	0.052434456928838954	0.06975655430711611	86.27949438202248	0.04942311608157372	97	COMPLETE
98	0.10252808988764045	2020-05-22 12:25:23.434532	2020-05-22 12:28:17.583536	128	5	0.09661938952429723	128	0.9876229606650784	0.0	0.10252808988764045	0.01544943820224719	0.04073033707865169	47.6062734082397	0.0437279603977748	0.05056179775280899	0.13108614232209737	0.062265917602996254	0.08239700374531835	44.0	0.08989900247798305	505631202	200	0.0	0.06460674157303371	0.0056179775280898875	0.016853932584269662	51.2125468164794	0.034024928143298765	98	COMPLETE
99	0.005149812734082397	2020-05-22 12:28:17.708999	2020-05-22 13:19:07.329868	256	88	0.07464298580363762	256	0.9979915189624795	0.0032771535580524347	0.005149812734082397	0.005149812734082397	0.005149812734082397	48.15753745318352	0.024941488042005865	0.8146067415730337	0.9985955056179775	0.971441947565543	0.9925093632958801	1.3277153558052435	0.8922317276799444	255508422	150	0.0032771535580524347	0.005149812734082397	0.0046816479400749065	0.005149812734082397	94.98735955056179	0.014469851043365057	99	COMPLETE
