number	value	datetime_start	datetime_complete	params_model.embedding_dim	params_model.scoring_fct_norm	params_negative_sampler.num_negs_per_pos	params_training.batch_size	user_attrs_avg.adjusted_mean_rank	user_attrs_avg.hits_at_1	user_attrs_avg.hits_at_10	user_attrs_avg.hits_at_3	user_attrs_avg.hits_at_5	user_attrs_avg.mean_rank	user_attrs_avg.mean_reciprocal_rank	user_attrs_best.hits_at_1	user_attrs_best.hits_at_10	user_attrs_best.hits_at_3	user_attrs_best.hits_at_5	user_attrs_best.mean_rank	user_attrs_best.mean_reciprocal_rank	user_attrs_random_seed	user_attrs_stopped_epoch	user_attrs_worst.hits_at_1	user_attrs_worst.hits_at_10	user_attrs_worst.hits_at_3	user_attrs_worst.hits_at_5	user_attrs_worst.mean_rank	user_attrs_worst.mean_reciprocal_rank	system_attrs__number	state
0	0.015917602996254682	2020-05-12 14:49:17.249719	2020-05-12 14:50:31.473904	256	2	69	128	1.3380090414323191	0.0	0.015917602996254682	0.0023408239700374533	0.0056179775280898875	64.57350187265918	0.02192879901672551	0.0	0.015917602996254682	0.0023408239700374533	0.0056179775280898875	64.57350187265918	0.02192879901672551	3527939208	150	0.0	0.015917602996254682	0.0023408239700374533	0.0056179775280898875	64.57350187265918	0.02192879901672551	0	COMPLETE
1	0.0650749063670412	2020-05-12 14:50:31.491808	2020-05-12 14:50:58.913283	256	2	80	512	1.0944076266945497	0.0	0.0650749063670412	0.016853932584269662	0.030430711610486893	52.78183520599251	0.03729224503317767	0.0	0.0650749063670412	0.016853932584269662	0.030430711610486893	52.78183520599251	0.03729224503317767	3179106571	150	0.0	0.0650749063670412	0.016853932584269662	0.030430711610486893	52.78183520599251	0.03729224503317767	1	COMPLETE
2	0.0	2020-05-12 14:50:58.928173	2020-05-12 14:51:57.975129	256	2	6	128	1.6491015286704573	0.0	0.0	0.0	0.0	79.5880149812734	0.012897284348416098	0.0	0.0	0.0	0.0	79.5880149812734	0.012897284348416098	4222920210	150	0.0	0.0	0.0	0.0	79.5880149812734	0.012897284348416098	2	COMPLETE
3	0.0997191011235955	2020-05-12 14:51:57.986987	2020-05-12 14:52:25.546739	128	1	70	512	1.0108415165441704	0.0	0.0997191011235955	0.02294007490636704	0.04588014981273408	48.7813670411985	0.044708476496811686	0.0	0.0997191011235955	0.02294007490636704	0.04588014981273408	48.7813670411985	0.044708476496811686	690343501	150	0.0	0.0997191011235955	0.02294007490636704	0.04588014981273408	48.7813670411985	0.044708476496811686	3	COMPLETE
4	0.09035580524344569	2020-05-12 14:52:25.564446	2020-05-12 14:52:53.111524	64	1	78	512	1.0351483309397314	0.0	0.09035580524344569	0.019194756554307114	0.0351123595505618	49.94803370786517	0.042011417666676	0.0	0.09035580524344569	0.019194756554307114	0.0351123595505618	49.94803370786517	0.042011417666676	1514138476	150	0.0	0.09035580524344569	0.019194756554307114	0.0351123595505618	49.94803370786517	0.042011417666676	4	COMPLETE
5	0.10393258426966293	2020-05-12 14:52:53.123636	2020-05-12 14:53:21.740473	64	1	3	256	0.980418049329229	0.0	0.10393258426966293	0.02200374531835206	0.04915730337078652	47.30852059925093	0.046330504141648556	0.0	0.10393258426966293	0.02200374531835206	0.04915730337078652	47.30852059925093	0.046330504141648556	1841598827	150	0.0	0.10393258426966293	0.02200374531835206	0.04915730337078652	47.30852059925093	0.046330504141648556	5	COMPLETE
6	0.08801498127340825	2020-05-12 14:53:21.756103	2020-05-12 14:54:39.255508	256	1	91	128	1.0211476459296958	0.0	0.08801498127340825	0.01638576779026217	0.03417602996254682	49.26755617977528	0.04082719036528164	0.0	0.08801498127340825	0.01638576779026217	0.03417602996254682	49.267322097378276	0.040827239178209795	809730613	150	0.0	0.08801498127340825	0.01638576779026217	0.03417602996254682	49.267790262172284	0.04082714224968102	6	COMPLETE
7	0.028089887640449437	2020-05-12 14:54:39.266281	2020-05-12 14:55:18.425194	256	2	42	256	1.2738488398698133	0.0	0.028089887640449437	0.003745318352059925	0.009363295880149813	61.45739700374532	0.025099288948571507	0.0	0.028089887640449437	0.003745318352059925	0.009363295880149813	61.45739700374532	0.025099288948571507	4042783583	150	0.0	0.028089887640449437	0.003745318352059925	0.009363295880149813	61.45739700374532	0.025099288948571507	7	COMPLETE
8	0.042134831460674156	2020-05-12 14:55:18.435035	2020-05-12 14:55:57.832559	256	2	43	256	1.2306111108124507	0.0	0.042134831460674156	0.0056179775280898875	0.01544943820224719	59.38857677902622	0.02834248009736279	0.0	0.042134831460674156	0.0056179775280898875	0.01544943820224719	59.38857677902622	0.02834248009736279	2687697767	150	0.0	0.042134831460674156	0.0056179775280898875	0.01544943820224719	59.38857677902622	0.02834248009736279	8	COMPLETE
9	0.0945692883895131	2020-05-12 14:55:57.846426	2020-05-12 14:56:21.614700	256	1	12	512	1.0056043470606264	0.0	0.0945692883895131	0.023876404494382022	0.04260299625468165	48.52200374531835	0.04399318730815012	0.0	0.0945692883895131	0.023876404494382022	0.04260299625468165	48.52200374531835	0.04399318730815012	4003028301	150	0.0	0.0945692883895131	0.023876404494382022	0.04260299625468165	48.52200374531835	0.04399318730815012	9	COMPLETE
10	0.03885767790262172	2020-05-12 14:56:21.627129	2020-05-12 14:57:40.095968	256	2	85	128	1.2520511301726187	0.0	0.03885767790262172	0.011235955056179775	0.02153558052434457	60.4063670411985	0.029059877332879683	0.0	0.03885767790262172	0.011235955056179775	0.02153558052434457	60.4063670411985	0.029059877332879683	2452494459	150	0.0	0.03885767790262172	0.011235955056179775	0.02153558052434457	60.4063670411985	0.029059877332879683	10	COMPLETE
11	0.06413857677902622	2020-05-12 14:57:40.107856	2020-05-12 14:58:04.351601	256	2	49	512	1.1407248983961924	0.0	0.06413857677902622	0.010299625468164793	0.02294007490636704	54.99016853932584	0.033775343698835544	0.0	0.06413857677902622	0.010299625468164793	0.02294007490636704	54.99016853932584	0.033775343698835544	2729349139	150	0.0	0.06413857677902622	0.010299625468164793	0.02294007490636704	54.99016853932584	0.033775343698835544	11	COMPLETE
12	0.02762172284644195	2020-05-12 14:58:04.363646	2020-05-12 14:59:19.818094	256	2	78	128	1.2840221972720984	0.0	0.02762172284644195	0.003745318352059925	0.010767790262172285	61.94124531835206	0.024815862975374164	0.0	0.02762172284644195	0.003745318352059925	0.010767790262172285	61.94101123595506	0.024816494776715603	2236345496	150	0.0	0.02762172284644195	0.003745318352059925	0.010767790262172285	61.94147940074907	0.024815262764099795	12	COMPLETE
13	0.10205992509363296	2020-05-12 14:59:19.828430	2020-05-12 14:59:46.905388	256	1	89	512	0.9883171165281774	0.0	0.10205992509363296	0.024812734082397005	0.05056179775280899	47.642322097378276	0.04680709852382774	0.0	0.10205992509363296	0.024812734082397005	0.05056179775280899	47.642322097378276	0.04680709852382774	877069589	150	0.0	0.10205992509363296	0.024812734082397005	0.05056179775280899	47.642322097378276	0.04680709852382774	13	COMPLETE
14	0.09269662921348315	2020-05-12 14:59:46.917298	2020-05-12 15:00:25.331047	256	1	8	256	1.0064412072677626	0.0	0.09269662921348315	0.021067415730337078	0.04400749063670412	48.602059925093634	0.04402483633461059	0.0	0.09269662921348315	0.021067415730337078	0.04400749063670412	48.60159176029963	0.04402509261749971	3028541151	150	0.0	0.09269662921348315	0.021067415730337078	0.04400749063670412	48.60252808988764	0.04402458594564473	14	COMPLETE
15	0.10580524344569288	2020-05-12 15:00:25.341150	2020-05-12 15:01:40.486392	256	1	54	128	1.0108085764931298	0.0	0.10580524344569288	0.026217228464419477	0.04962546816479401	48.76310861423221	0.04656386894376098	0.0	0.10580524344569288	0.026217228464419477	0.04962546816479401	48.76310861423221	0.04656386894376098	4141735158	150	0.0	0.10580524344569288	0.026217228464419477	0.04962546816479401	48.76310861423221	0.04656386894376098	15	COMPLETE
16	0.06741573033707865	2020-05-12 15:01:40.502903	2020-05-12 15:02:23.774539	128	2	61	256	1.12610484022396	0.0	0.06741573033707865	0.01451310861423221	0.031835205992509365	54.315074906367045	0.03676418870217585	0.0	0.06741573033707865	0.01451310861423221	0.031835205992509365	54.315074906367045	0.03676418870217585	2270180012	150	0.0	0.06741573033707865	0.01451310861423221	0.031835205992509365	54.315074906367045	0.03676418870217585	16	COMPLETE
17	0.024812734082397005	2020-05-12 15:02:23.784527	2020-05-12 15:04:42.931864	256	2	1	128	1.2933304771564706	0.0	0.024812734082397005	0.006086142322097378	0.011235955056179775	62.4316479400749	0.02508085419242903	0.0	0.024812734082397005	0.006086142322097378	0.011235955056179775	62.4316479400749	0.02508085419242903	427999521	300	0.0	0.024812734082397005	0.006086142322097378	0.011235955056179775	62.4316479400749	0.02508085419242903	17	COMPLETE
18	0.09925093632958802	2020-05-12 15:04:42.942538	2020-05-12 15:05:24.979970	128	1	66	256	1.0249360265796272	0.0	0.09925093632958802	0.02762172284644195	0.047752808988764044	49.517322097378276	0.04580343866401099	0.0	0.09925093632958802	0.02762172284644195	0.047752808988764044	49.517322097378276	0.04580343866401099	870474304	150	0.0	0.09925093632958802	0.02762172284644195	0.047752808988764044	49.517322097378276	0.04580343866401099	18	COMPLETE
19	0.0028089887640449437	2020-05-12 15:05:24.989861	2020-05-12 15:06:04.183529	128	2	10	256	1.5360468724648353	0.0	0.0028089887640449437	0.00046816479400749064	0.0009363295880149813	74.13904494382022	0.015578447235601187	0.0	0.0028089887640449437	0.00046816479400749064	0.0009363295880149813	74.13904494382022	0.015578447235601187	1345060331	150	0.0	0.0028089887640449437	0.00046816479400749064	0.0009363295880149813	74.13904494382022	0.015578447235601187	19	COMPLETE
20	0.09691011235955056	2020-05-12 15:06:04.195484	2020-05-12 15:06:31.758142	64	1	59	512	1.0080192917295163	0.0	0.09691011235955056	0.020131086142322098	0.04260299625468165	48.64466292134831	0.04464719073855186	0.0	0.09691011235955056	0.020131086142322098	0.04260299625468165	48.64466292134831	0.04464719073855186	168532369	150	0.0	0.09691011235955056	0.020131086142322098	0.04260299625468165	48.64466292134831	0.04464719073855186	20	COMPLETE
21	0.024812734082397005	2020-05-12 15:06:31.770220	2020-05-12 15:07:54.320377	128	2	56	128	1.2863753706195884	0.0	0.024812734082397005	0.0023408239700374533	0.006086142322097378	62.07911985018727	0.024133113376530242	0.0	0.024812734082397005	0.0023408239700374533	0.006086142322097378	62.07911985018727	0.024133113376530242	2768982208	150	0.0	0.024812734082397005	0.0023408239700374533	0.006086142322097378	62.07911985018727	0.024133113376530242	21	COMPLETE
22	0.042134831460674156	2020-05-12 15:07:54.332399	2020-05-12 15:08:34.990977	256	2	48	256	1.2480183621460383	0.0	0.042134831460674156	0.007958801498127341	0.018258426966292134	60.17649812734082	0.028672219960561688	0.0	0.042134831460674156	0.007958801498127341	0.018258426966292134	60.17649812734082	0.028672219960561688	137269216	150	0.0	0.042134831460674156	0.007958801498127341	0.018258426966292134	60.17649812734082	0.028672219960561688	22	COMPLETE
23	0.05664794007490637	2020-05-12 15:08:35.002276	2020-05-12 15:09:00.886587	256	2	34	512	1.1793723363143285	0.0	0.05664794007490637	0.014044943820224719	0.02153558052434457	56.92322097378277	0.033047901164542995	0.0	0.05664794007490637	0.014044943820224719	0.02153558052434457	56.92322097378277	0.033047901164542995	2719159561	150	0.0	0.05664794007490637	0.014044943820224719	0.02153558052434457	56.92322097378277	0.033047901164542995	23	COMPLETE
24	0.0014044943820224719	2020-05-12 15:09:00.897364	2020-05-12 15:09:37.018814	256	2	15	256	1.5387453434270308	0.0	0.0014044943820224719	0.0	0.00046816479400749064	74.22378277153558	0.01510799016857363	0.0	0.0014044943820224719	0.0	0.00046816479400749064	74.22378277153558	0.01510799016857363	3348825077	150	0.0	0.0014044943820224719	0.0	0.00046816479400749064	74.22378277153558	0.01510799016857363	24	COMPLETE
25	0.005149812734082397	2020-05-12 15:09:37.030694	2020-05-12 15:10:13.717790	128	2	11	256	1.5080478996516307	0.0	0.005149812734082397	0.0009363295880149813	0.0018726591760299626	72.73220973782772	0.016405011524030472	0.0	0.005149812734082397	0.0009363295880149813	0.0018726591760299626	72.73220973782772	0.016405011524030472	2716393165	150	0.0	0.005149812734082397	0.0009363295880149813	0.0018726591760299626	72.73220973782772	0.016405011524030472	25	COMPLETE
26	0.08754681647940075	2020-05-12 15:10:13.728133	2020-05-12 15:10:39.746397	128	1	97	512	1.031688514957379	0.0	0.08754681647940075	0.009831460674157303	0.03651685393258427	49.732677902621724	0.039721228077243334	0.0	0.08754681647940075	0.009831460674157303	0.03651685393258427	49.732677902621724	0.039721228077243334	1521103455	150	0.0	0.08754681647940075	0.009831460674157303	0.03651685393258427	49.732677902621724	0.039721228077243334	26	COMPLETE
27	0.06788389513108614	2020-05-12 15:10:39.757702	2020-05-12 15:12:00.054781	64	2	75	128	1.1414107254999324	0.0	0.06788389513108614	0.011704119850187267	0.02762172284644195	55.06647940074907	0.03504831204647783	0.0	0.06788389513108614	0.011704119850187267	0.02762172284644195	55.06647940074907	0.03504831204647783	3077979529	150	0.0	0.06788389513108614	0.011704119850187267	0.02762172284644195	55.06647940074907	0.03504831204647783	27	COMPLETE
28	0.0009363295880149813	2020-05-12 15:12:00.066222	2020-05-12 15:12:29.850597	128	2	2	256	1.591585064331272	0.0	0.0009363295880149813	0.0	0.00046816479400749064	76.8192883895131	0.01400684577942549	0.0	0.0009363295880149813	0.0	0.00046816479400749064	76.8192883895131	0.01400684577942549	3139576544	150	0.0	0.0009363295880149813	0.0	0.00046816479400749064	76.8192883895131	0.01400684577942549	28	COMPLETE
29	0.09644194756554307	2020-05-12 15:12:29.862723	2020-05-12 15:13:40.720801	128	1	62	128	1.0063443917428816	0.0	0.09644194756554307	0.020599250936329586	0.04307116104868914	48.55898876404494	0.04381079078329948	0.0	0.09644194756554307	0.020599250936329586	0.04307116104868914	48.55898876404494	0.04381079078329948	1915234043	150	0.0	0.09644194756554307	0.020599250936329586	0.04307116104868914	48.55898876404494	0.04381079078329948	29	COMPLETE
30	0.07818352059925093	2020-05-12 15:13:40.732780	2020-05-12 15:14:24.324818	64	2	75	256	1.094443084202944	0.0	0.07818352059925093	0.02153558052434457	0.03932584269662921	52.85674157303371	0.039689287131927944	0.0	0.07818352059925093	0.02153558052434457	0.03932584269662921	52.85674157303371	0.039689287131927944	3751870110	150	0.0	0.07818352059925093	0.02153558052434457	0.03932584269662921	52.85674157303371	0.039689287131927944	30	COMPLETE
31	0.04307116104868914	2020-05-12 15:14:24.336108	2020-05-12 15:15:42.476763	64	2	62	128	1.1731244610894598	0.0	0.04307116104868914	0.009363295880149813	0.021067415730337078	56.63670411985019	0.03065055383484118	0.0	0.04307116104868914	0.009363295880149813	0.021067415730337078	56.63670411985019	0.03065055383484118	2926799262	150	0.0	0.04307116104868914	0.009363295880149813	0.021067415730337078	56.63670411985019	0.03065055383484118	31	COMPLETE
32	0.08801498127340825	2020-05-12 15:15:42.491997	2020-05-12 15:16:22.142011	256	1	37	256	1.0136055600138778	0.0	0.08801498127340825	0.018726591760299626	0.03932584269662921	48.9122191011236	0.04266452378498033	0.0	0.08801498127340825	0.018726591760299626	0.03932584269662921	48.91198501872659	0.04266461290829919	2659305597	150	0.0	0.08801498127340825	0.018726591760299626	0.03932584269662921	48.9124531835206	0.042664436375571435	32	COMPLETE
33	0.07443820224719101	2020-05-12 15:16:22.154004	2020-05-12 15:16:49.787934	128	2	60	512	1.0700103672925898	0.0	0.07443820224719101	0.01544943820224719	0.03323970037453183	51.55945692883895	0.03791802743574756	0.0	0.07443820224719101	0.01544943820224719	0.03323970037453183	51.55945692883895	0.03791802743574756	3050358430	150	0.0	0.07443820224719101	0.01544943820224719	0.03323970037453183	51.55945692883895	0.03791802743574756	33	COMPLETE
34	0.08286516853932584	2020-05-12 15:16:49.799797	2020-05-12 15:17:17.290387	64	2	54	512	1.0484926713620093	0.0	0.08286516853932584	0.017322097378277154	0.03323970037453183	50.58848314606742	0.040753504287179866	0.0	0.08286516853932584	0.017322097378277154	0.03323970037453183	50.58848314606742	0.040753504287179866	832946930	150	0.0	0.08286516853932584	0.017322097378277154	0.03323970037453183	50.58848314606742	0.040753504287179866	34	COMPLETE
35	0.08707865168539326	2020-05-12 15:17:17.300182	2020-05-12 15:17:40.948087	256	1	43	512	1.0121438979949062	0.0	0.08707865168539326	0.020131086142322098	0.040262172284644196	48.84339887640449	0.04239707044923692	0.0	0.08707865168539326	0.020131086142322098	0.040262172284644196	48.84316479400749	0.04239711071108711	1100847513	150	0.0	0.08707865168539326	0.020131086142322098	0.040262172284644196	48.8436329588015	0.0423970307102679	35	COMPLETE
36	0.07958801498127341	2020-05-12 15:17:40.958158	2020-05-12 15:18:24.501466	128	2	97	256	1.1039609865874944	0.0	0.07958801498127341	0.024344569288389514	0.039794007490636704	53.301029962546814	0.04051995798800572	0.0	0.07958801498127341	0.024344569288389514	0.039794007490636704	53.301029962546814	0.04051995798800572	1221959138	150	0.0	0.07958801498127341	0.024344569288389514	0.039794007490636704	53.301029962546814	0.04051995798800572	36	COMPLETE
37	0.0997191011235955	2020-05-12 15:18:24.520509	2020-05-12 15:18:47.901274	256	1	35	512	1.0088673002219128	0.0	0.0997191011235955	0.018726591760299626	0.04307116104868914	48.69662921348315	0.04358544782794849	0.0	0.0997191011235955	0.018726591760299626	0.04307116104868914	48.69662921348315	0.04358544782794849	1716697226	150	0.0	0.0997191011235955	0.018726591760299626	0.04307116104868914	48.69662921348315	0.04358544782794849	37	COMPLETE
38	0.06460674157303371	2020-05-12 15:18:47.912837	2020-05-12 15:19:31.103207	128	2	85	256	1.1103438154152465	0.0	0.06460674157303371	0.012172284644194757	0.026217228464419477	53.55477528089887	0.03573796049974725	0.0	0.06460674157303371	0.012172284644194757	0.026217228464419477	53.55477528089887	0.03573796049974725	454572424	150	0.0	0.06460674157303371	0.012172284644194757	0.026217228464419477	53.55477528089887	0.03573796049974725	38	COMPLETE
39	0.0847378277153558	2020-05-12 15:19:31.113093	2020-05-12 15:19:54.714182	64	2	46	512	1.0779741589705485	0.0	0.0847378277153558	0.014044943820224719	0.033707865168539325	51.991573033707866	0.03899199931103897	0.0	0.0847378277153558	0.014044943820224719	0.033707865168539325	51.991573033707866	0.03899199931103897	2817468460	150	0.0	0.0847378277153558	0.014044943820224719	0.033707865168539325	51.991573033707866	0.03899199931103897	39	COMPLETE
40	0.09550561797752809	2020-05-12 15:19:54.726326	2020-05-12 15:21:01.536127	256	1	33	128	0.9997170416547565	0.0	0.09550561797752809	0.025749063670411985	0.048220973782771535	48.25234082397004	0.046096636880145564	0.0	0.09550561797752809	0.025749063670411985	0.048220973782771535	48.25234082397004	0.046096636880145564	2855776253	150	0.0	0.09550561797752809	0.025749063670411985	0.048220973782771535	48.25234082397004	0.046096636880145564	40	COMPLETE
41	0.10533707865168539	2020-05-12 15:21:01.546286	2020-05-12 15:21:29.081051	128	1	90	512	1.0167539557947844	0.0	0.10533707865168539	0.02294007490636704	0.04915730337078652	49.05149812734082	0.04511426155483456	0.0	0.10533707865168539	0.02294007490636704	0.04915730337078652	49.05149812734082	0.04511426155483456	3712345827	150	0.0	0.10533707865168539	0.02294007490636704	0.04915730337078652	49.05149812734082	0.04511426155483456	41	COMPLETE
42	0.09082397003745318	2020-05-12 15:21:29.093147	2020-05-12 15:21:52.743872	128	1	7	512	1.0123746428492197	0.0	0.09082397003745318	0.019662921348314606	0.040262172284644196	48.86142322097378	0.042885573314015234	0.0	0.09082397003745318	0.019662921348314606	0.040262172284644196	48.86142322097378	0.042885573314015234	2512806127	150	0.0	0.09082397003745318	0.019662921348314606	0.040262172284644196	48.86142322097378	0.042885573314015234	42	COMPLETE
43	0.10205992509363296	2020-05-12 15:21:52.753808	2020-05-12 15:22:36.072040	128	1	59	256	0.9848445883031223	0.0	0.10205992509363296	0.020131086142322098	0.04073033707865169	47.478932584269664	0.04458296778017471	0.0	0.10205992509363296	0.020131086142322098	0.04073033707865169	47.478932584269664	0.04458296778017471	1686455950	150	0.0	0.10205992509363296	0.020131086142322098	0.04073033707865169	47.478932584269664	0.04458296778017471	43	COMPLETE
44	0.056179775280898875	2020-05-12 15:22:36.084328	2020-05-12 15:23:00.848895	128	2	33	512	1.1409266553749418	0.0	0.056179775280898875	0.013576779026217229	0.026685393258426966	55.056179775280896	0.033725947390288925	0.0	0.056179775280898875	0.013576779026217229	0.026685393258426966	55.056179775280896	0.033725947390288925	301085235	150	0.0	0.056179775280898875	0.013576779026217229	0.026685393258426966	55.056179775280896	0.033725947390288925	44	COMPLETE
45	0.08052434456928839	2020-05-12 15:23:00.859679	2020-05-12 15:23:23.349573	128	1	11	512	1.0151966909096621	0.0	0.08052434456928839	0.01638576779026217	0.02762172284644195	48.98923220973783	0.039851415182476695	0.0	0.08052434456928839	0.01638576779026217	0.02762172284644195	48.98923220973783	0.039851415182476695	105428663	150	0.0	0.08052434456928839	0.01638576779026217	0.02762172284644195	48.98923220973783	0.039851415182476695	45	COMPLETE
46	0.020599250936329586	2020-05-12 15:23:23.361539	2020-05-12 15:24:30.267228	128	2	46	128	1.3215458632642159	0.0	0.020599250936329586	0.0032771535580524347	0.009363295880149813	63.727059925093634	0.022879355919981987	0.0	0.020599250936329586	0.0032771535580524347	0.009363295880149813	63.727059925093634	0.022879355919981987	1995647202	150	0.0	0.020599250936329586	0.0032771535580524347	0.009363295880149813	63.727059925093634	0.022879355919981987	46	COMPLETE
47	0.09597378277153558	2020-05-12 15:24:30.279005	2020-05-12 15:25:10.054213	256	1	78	256	1.006280644107889	0.0	0.09597378277153558	0.019194756554307114	0.041666666666666664	48.61797752808989	0.04386315316600363	0.0	0.09597378277153558	0.019194756554307114	0.041666666666666664	48.61797752808989	0.04386315316600363	2332081435	150	0.0	0.09597378277153558	0.019194756554307114	0.041666666666666664	48.61797752808989	0.04386315316600363	47	COMPLETE
48	0.030430711610486893	2020-05-12 15:25:10.066132	2020-05-12 15:25:29.010570	128	2	11	512	1.306651746749543	0.0	0.030430711610486893	0.0032771535580524347	0.008895131086142321	63.11376404494382	0.024022598515159026	0.0	0.030430711610486893	0.0032771535580524347	0.008895131086142321	63.11376404494382	0.024022598515159026	3805318961	150	0.0	0.030430711610486893	0.0032771535580524347	0.008895131086142321	63.11376404494382	0.024022598515159026	48	COMPLETE
49	0.07209737827715355	2020-05-12 15:25:29.020359	2020-05-12 15:26:04.873149	64	2	65	256	1.096921054757992	0.0	0.07209737827715355	0.016853932584269662	0.03136704119850187	52.922284644194754	0.03791324914209037	0.0	0.07209737827715355	0.016853932584269662	0.03136704119850187	52.922284644194754	0.03791324914209037	2413240818	150	0.0	0.07209737827715355	0.016853932584269662	0.03136704119850187	52.922284644194754	0.03791324914209037	49	COMPLETE
50	0.0	2020-05-12 15:26:04.883752	2020-05-12 15:27:04.342317	128	2	14	128	1.6155859170837348	0.0	0.0	0.0	0.0	77.96020599250936	0.013352210063755943	0.0	0.0	0.0	0.0	77.96020599250936	0.013352210063755943	3663351403	150	0.0	0.0	0.0	0.0	77.96020599250936	0.013352210063755943	50	COMPLETE
51	0.09691011235955056	2020-05-12 15:27:04.354426	2020-05-12 15:28:07.360404	256	1	71	128	1.0017492382574393	0.0	0.09691011235955056	0.016853932584269662	0.04353932584269663	48.33286516853933	0.04378541456008511	0.0	0.09691011235955056	0.016853932584269662	0.04353932584269663	48.33286516853933	0.04378541456008511	4209611359	150	0.0	0.09691011235955056	0.016853932584269662	0.04353932584269663	48.33286516853933	0.04378541456008511	51	COMPLETE
52	0.052434456928838954	2020-05-12 15:28:07.377974	2020-05-12 15:28:41.267402	64	2	39	256	1.1411447853551069	0.0	0.052434456928838954	0.007958801498127341	0.019194756554307114	55.096441947565545	0.03185065165538812	0.0	0.052434456928838954	0.007958801498127341	0.019194756554307114	55.096441947565545	0.03185065165538812	3276069020	150	0.0	0.052434456928838954	0.007958801498127341	0.019194756554307114	55.096441947565545	0.03185065165538812	52	COMPLETE
53	0.0028089887640449437	2020-05-12 15:28:41.277562	2020-05-12 15:29:12.525964	64	2	2	256	1.5631507803835951	0.0	0.0028089887640449437	0.00046816479400749064	0.0009363295880149813	75.44616104868913	0.014999151117626154	0.0	0.0028089887640449437	0.00046816479400749064	0.0009363295880149813	75.44616104868913	0.014999151117626154	2045414280	150	0.0	0.0028089887640449437	0.00046816479400749064	0.0009363295880149813	75.44616104868913	0.014999151117626154	53	COMPLETE
54	0.06882022471910113	2020-05-12 15:29:12.535970	2020-05-12 15:29:48.657406	64	2	57	256	1.1019310028246894	0.0	0.06882022471910113	0.011235955056179775	0.024812734082397005	53.15402621722846	0.035341631559777605	0.0	0.06882022471910113	0.011235955056179775	0.024812734082397005	53.15402621722846	0.035341631559777605	3823510494	150	0.0	0.06882022471910113	0.011235955056179775	0.024812734082397005	53.15402621722846	0.035341631559777605	54	COMPLETE
55	0.10955056179775281	2020-05-12 15:29:48.668839	2020-05-12 15:30:11.190026	128	1	58	512	0.9816971123881275	0.0	0.10955056179775281	0.02153558052434457	0.04681647940074907	47.41573033707865	0.046190611292463206	0.0	0.10955056179775281	0.02153558052434457	0.04681647940074907	47.41573033707865	0.046190611292463206	561930266	150	0.0	0.10955056179775281	0.02153558052434457	0.04681647940074907	47.41573033707865	0.046190611292463206	55	COMPLETE
56	0.08286516853932584	2020-05-12 15:30:11.204457	2020-05-12 15:30:47.092387	64	2	91	256	1.0750084355620018	0.0	0.08286516853932584	0.018726591760299626	0.03885767790262172	51.822565543071164	0.04075251835759596	0.0	0.08286516853932584	0.018726591760299626	0.03885767790262172	51.822565543071164	0.04075251835759596	4006955985	150	0.0	0.08286516853932584	0.018726591760299626	0.03885767790262172	51.822565543071164	0.04075251835759596	56	COMPLETE
57	0.10205992509363296	2020-05-12 15:30:47.104950	2020-05-12 15:31:50.221512	128	1	62	128	1.0064381608662758	0.0	0.10205992509363296	0.025280898876404494	0.04588014981273408	48.627808988764045	0.04480750312327383	0.0	0.10205992509363296	0.025280898876404494	0.04588014981273408	48.627808988764045	0.04480750312327383	492732802	150	0.0	0.10205992509363296	0.025280898876404494	0.04588014981273408	48.627808988764045	0.04480750312327383	57	COMPLETE
58	0.09784644194756555	2020-05-12 15:31:50.233553	2020-05-12 15:32:47.901962	128	1	34	128	1.0216621106057968	0.0	0.09784644194756555	0.02294007490636704	0.04307116104868914	49.29213483146067	0.043750825697066474	0.0	0.09784644194756555	0.02294007490636704	0.04307116104868914	49.29213483146067	0.043750825697066474	3758101289	150	0.0	0.09784644194756555	0.02294007490636704	0.04307116104868914	49.29213483146067	0.043750825697066474	58	COMPLETE
59	0.0	2020-05-12 15:32:47.912682	2020-05-12 15:33:19.415407	64	2	4	256	1.5470251412957572	0.0	0.0	0.0	0.0	74.63810861423221	0.01477188830499917	0.0	0.0	0.0	0.0	74.63810861423221	0.01477188830499917	358876016	150	0.0	0.0	0.0	0.0	74.63810861423221	0.01477188830499917	59	COMPLETE
60	0.05196629213483146	2020-05-12 15:33:19.425968	2020-05-12 15:33:55.367073	256	2	84	256	1.1422168391369534	0.0	0.05196629213483146	0.009363295880149813	0.024344569288389514	55.13951310861423	0.03286694282889686	0.0	0.05196629213483146	0.009363295880149813	0.024344569288389514	55.13951310861423	0.03286694282889686	4152602598	150	0.0	0.05196629213483146	0.009363295880149813	0.024344569288389514	55.13951310861423	0.03286694282889686	60	COMPLETE
61	0.10580524344569288	2020-05-12 15:33:55.377024	2020-05-12 15:34:53.148264	128	1	29	128	1.0258497551488184	0.0	0.10580524344569288	0.023876404494382022	0.04868913857677903	49.452715355805246	0.04536892564119453	0.0	0.10580524344569288	0.023876404494382022	0.04868913857677903	49.452715355805246	0.04536892564119453	2648751095	150	0.0	0.10580524344569288	0.023876404494382022	0.04868913857677903	49.452715355805246	0.04536892564119453	61	COMPLETE
62	0.08895131086142322	2020-05-12 15:34:53.160583	2020-05-12 15:35:12.729518	128	1	9	512	1.013692128191238	0.0	0.08895131086142322	0.018258426966292134	0.03464419475655431	48.945692883895134	0.042474260862446565	0.0	0.08895131086142322	0.018258426966292134	0.03464419475655431	48.945692883895134	0.042474260862446565	3745632162	150	0.0	0.08895131086142322	0.018258426966292134	0.03464419475655431	48.945692883895134	0.042474260862446565	62	COMPLETE
63	0.0	2020-05-12 15:35:12.741476	2020-05-12 15:35:47.826660	256	2	4	256	1.637916229023469	0.0	0.0	0.0	0.0	79.05337078651685	0.01305883572707301	0.0	0.0	0.0	0.0	79.05337078651685	0.01305883572707301	2963559594	150	0.0	0.0	0.0	0.0	79.05337078651685	0.01305883572707301	63	COMPLETE
64	0.05945692883895131	2020-05-12 15:35:47.838591	2020-05-12 15:36:23.073493	128	2	66	256	1.1238763219178114	0.0	0.05945692883895131	0.011704119850187267	0.02153558052434457	54.20973782771536	0.034495665509842906	0.0	0.05945692883895131	0.011704119850187267	0.02153558052434457	54.20973782771536	0.034495665509842906	1246499495	150	0.0	0.05945692883895131	0.011704119850187267	0.02153558052434457	54.20973782771536	0.034495665509842906	64	COMPLETE
65	0.09644194756554307	2020-05-12 15:36:23.085657	2020-05-12 15:36:54.244792	128	1	41	256	1.0141788096191564	0.0	0.09644194756554307	0.02200374531835206	0.04400749063670412	48.93539325842696	0.04417046817469823	0.0	0.09644194756554307	0.02200374531835206	0.04400749063670412	48.93539325842696	0.04417046817469823	448370169	150	0.0	0.09644194756554307	0.02200374531835206	0.04400749063670412	48.93539325842696	0.04417046817469823	65	COMPLETE
66	0.05758426966292135	2020-05-12 15:36:54.256835	2020-05-12 15:37:29.528933	256	2	93	256	1.1287662538330068	0.0	0.05758426966292135	0.011704119850187267	0.024812734082397005	54.500936329588015	0.034000048001327485	0.0	0.05758426966292135	0.011704119850187267	0.024812734082397005	54.500936329588015	0.034000048001327485	1234501062	150	0.0	0.05758426966292135	0.011704119850187267	0.024812734082397005	54.500936329588015	0.034000048001327485	66	COMPLETE
67	0.06647940074906367	2020-05-12 15:37:29.540460	2020-05-12 15:37:48.963811	128	2	32	512	1.0945649510162292	0.0	0.06647940074906367	0.012640449438202247	0.030430711610486893	52.815074906367045	0.03668706217807668	0.0	0.06647940074906367	0.012640449438202247	0.030430711610486893	52.815074906367045	0.03668706217807668	2524474602	150	0.0	0.06647940074906367	0.012640449438202247	0.030430711610486893	52.815074906367045	0.03668706217807668	67	COMPLETE
68	0.11797752808988764	2020-05-12 15:37:48.975700	2020-05-12 15:38:12.581230	256	1	71	512	0.9883053536362918	0.0	0.11797752808988764	0.028089887640449437	0.052434456928838954	47.701310861423224	0.04872616986115136	0.0	0.11797752808988764	0.028089887640449437	0.052434456928838954	47.701310861423224	0.04872616986115136	2133223544	150	0.0	0.11797752808988764	0.028089887640449437	0.052434456928838954	47.701310861423224	0.04872616986115136	68	COMPLETE
69	0.09925093632958802	2020-05-12 15:38:12.599898	2020-05-12 15:39:11.245708	256	1	40	128	1.0049735607792125	0.0	0.09925093632958802	0.020599250936329586	0.04447565543071161	48.482209737827716	0.04397424025219755	0.0	0.09925093632958802	0.020599250936329586	0.04447565543071161	48.482209737827716	0.04397424025219755	1410756999	150	0.0	0.09925093632958802	0.020599250936329586	0.04447565543071161	48.482209737827716	0.04397424025219755	69	COMPLETE
70	0.09035580524344569	2020-05-12 15:39:11.257661	2020-05-12 15:40:13.811454	256	1	51	128	1.0180477901354907	0.0	0.09035580524344569	0.018258426966292134	0.03464419475655431	49.15870786516854	0.041885318517558924	0.0	0.09035580524344569	0.018258426966292134	0.03464419475655431	49.15870786516854	0.041885318517558924	56184574	150	0.0	0.09035580524344569	0.018258426966292134	0.03464419475655431	49.15870786516854	0.041885318517558924	70	COMPLETE
71	0.03464419475655431	2020-05-12 15:40:13.823405	2020-05-12 15:41:20.338614	256	2	77	128	1.2880799474860873	0.0	0.03464419475655431	0.0032771535580524347	0.009831460674157303	62.190074906367045	0.025314535507998573	0.0	0.03464419475655431	0.0032771535580524347	0.009831460674157303	62.190074906367045	0.025314535507998573	397829800	150	0.0	0.03464419475655431	0.0032771535580524347	0.009831460674157303	62.190074906367045	0.025314535507998573	71	COMPLETE
72	0.09737827715355805	2020-05-12 15:41:20.350248	2020-05-12 15:41:41.339945	64	1	82	512	1.0108205520422355	0.0	0.09737827715355805	0.02762172284644195	0.047752808988764044	48.74485018726592	0.045977476950418275	0.0	0.09737827715355805	0.02762172284644195	0.047752808988764044	48.74485018726592	0.045977476950418275	594158482	150	0.0	0.09737827715355805	0.02762172284644195	0.047752808988764044	48.74485018726592	0.045977476950418275	72	COMPLETE
73	0.05852059925093633	2020-05-12 15:41:41.352066	2020-05-12 15:42:15.670327	64	2	43	256	1.145474951674164	0.0	0.05852059925093633	0.012640449438202247	0.023876404494382022	55.28862359550562	0.033572001659396215	0.0	0.05852059925093633	0.012640449438202247	0.023876404494382022	55.28838951310861	0.03357206834003914	3068940034	150	0.0	0.05852059925093633	0.012640449438202247	0.023876404494382022	55.28885767790262	0.033571936090097336	73	COMPLETE
74	0.10299625468164794	2020-05-12 15:42:15.686014	2020-05-12 15:43:13.863606	256	1	14	128	0.9790861630648346	0.0	0.10299625468164794	0.025749063670411985	0.046348314606741575	47.21348314606742	0.04663799297764349	0.0	0.10299625468164794	0.025749063670411985	0.046348314606741575	47.21348314606742	0.04663799297764349	1658098919	150	0.0	0.10299625468164794	0.025749063670411985	0.046348314606741575	47.21348314606742	0.04663799297764349	74	COMPLETE
75	0.09691011235955056	2020-05-12 15:43:13.873919	2020-05-12 15:44:16.600136	128	1	78	128	1.0345808129656489	0.0	0.09691011235955056	0.025749063670411985	0.047752808988764044	49.934925093632955	0.04419596589292102	0.0	0.09691011235955056	0.025749063670411985	0.047752808988764044	49.934925093632955	0.04419596589292102	954482127	150	0.0	0.09691011235955056	0.025749063670411985	0.047752808988764044	49.934925093632955	0.04419596589292102	75	COMPLETE
76	0.007958801498127341	2020-05-12 15:44:16.610824	2020-05-12 15:44:36.162332	128	2	5	512	1.4592065400450946	0.0	0.007958801498127341	0.0018726591760299626	0.0023408239700374533	70.43632958801498	0.018154798617967195	0.0	0.007958801498127341	0.0018726591760299626	0.0023408239700374533	70.43632958801498	0.018154798617967195	2716603874	150	0.0	0.007958801498127341	0.0018726591760299626	0.0023408239700374533	70.43632958801498	0.018154798617967195	76	COMPLETE
77	0.08941947565543071	2020-05-12 15:44:36.174818	2020-05-12 15:45:11.729892	256	1	83	256	0.9959775357688551	0.0	0.08941947565543071	0.02200374531835206	0.041666666666666664	48.092696629213485	0.04386026306311908	0.0	0.08941947565543071	0.02200374531835206	0.041666666666666664	48.092696629213485	0.04386026306311908	857380331	150	0.0	0.08941947565543071	0.02200374531835206	0.041666666666666664	48.092696629213485	0.04386026306311908	77	COMPLETE
78	0.09597378277153558	2020-05-12 15:45:11.739942	2020-05-12 15:45:46.856779	256	1	53	256	1.004815692382024	0.0	0.09597378277153558	0.027153558052434457	0.03932584269662921	48.49016853932584	0.04555941745910881	0.0	0.09597378277153558	0.027153558052434457	0.03932584269662921	48.49016853932584	0.04555941745910881	1882243886	150	0.0	0.09597378277153558	0.027153558052434457	0.03932584269662921	48.49016853932584	0.04555941745910881	78	COMPLETE
79	0.0	2020-05-12 15:45:46.867231	2020-05-12 15:46:21.837894	256	2	7	256	1.6388324193712254	0.0	0.0	0.0	0.0	79.09925093632958	0.013057259792536606	0.0	0.0	0.0	0.0	79.09925093632958	0.013057259792536606	1327368094	150	0.0	0.0	0.0	0.0	79.09925093632958	0.013057259792536606	79	COMPLETE
80	0.03932584269662921	2020-05-12 15:46:21.847717	2020-05-12 15:46:42.580137	64	2	13	512	1.2049556463583606	0.0	0.03932584269662921	0.00749063670411985	0.0149812734082397	58.1376404494382	0.028679904535445847	0.0	0.03932584269662921	0.00749063670411985	0.0149812734082397	58.1376404494382	0.028679904535445847	317110436	150	0.0	0.03932584269662921	0.00749063670411985	0.0149812734082397	58.1376404494382	0.028679904535445847	80	COMPLETE
81	0.0898876404494382	2020-05-12 15:46:42.590041	2020-05-12 15:47:01.445279	64	1	39	512	1.0117023284756317	0.0	0.0898876404494382	0.019662921348314606	0.03464419475655431	48.78698501872659	0.04227882593679783	0.0	0.0898876404494382	0.019662921348314606	0.03464419475655431	48.78698501872659	0.04227882593679783	1181821400	150	0.0	0.0898876404494382	0.019662921348314606	0.03464419475655431	48.78698501872659	0.04227882593679783	81	COMPLETE
82	0.033707865168539325	2020-05-12 15:47:01.457337	2020-05-12 15:47:20.485467	256	2	17	512	1.2978531385140584	0.0	0.033707865168539325	0.005149812734082397	0.009831460674157303	62.64185393258427	0.025028269558390055	0.0	0.033707865168539325	0.005149812734082397	0.009831460674157303	62.64185393258427	0.025028269558390055	2305322776	150	0.0	0.033707865168539325	0.005149812734082397	0.009831460674157303	62.64185393258427	0.025028269558390055	82	COMPLETE
83	0.0847378277153558	2020-05-12 15:47:20.497524	2020-05-12 15:47:44.027853	256	2	94	512	1.068603572861225	0.0	0.0847378277153558	0.024344569288389514	0.039794007490636704	51.535814606741575	0.04158393936539804	0.0	0.0847378277153558	0.024344569288389514	0.039794007490636704	51.53558052434457	0.04158494617140665	3960662541	150	0.0	0.0847378277153558	0.024344569288389514	0.039794007490636704	51.536048689138575	0.041582995484764955	83	COMPLETE
84	0.08895131086142322	2020-05-12 15:47:44.038908	2020-05-12 15:48:03.489619	64	1	36	512	0.9916286656514424	0.0	0.08895131086142322	0.018258426966292134	0.035580524344569285	47.84503745318352	0.04275213774598904	0.0	0.08895131086142322	0.018258426966292134	0.035580524344569285	47.84503745318352	0.04275213774598904	996015880	150	0.0	0.08895131086142322	0.018258426966292134	0.035580524344569285	47.84503745318352	0.04275213774598904	84	COMPLETE
85	0.05290262172284644	2020-05-12 15:48:03.501647	2020-05-12 15:49:10.190452	64	2	70	128	1.151637942504054	0.0	0.05290262172284644	0.011704119850187267	0.026217228464419477	55.58661048689139	0.0330665083529962	0.0	0.05290262172284644	0.011704119850187267	0.026217228464419477	55.58661048689139	0.0330665083529962	3125609416	150	0.0	0.05290262172284644	0.011704119850187267	0.026217228464419477	55.58661048689139	0.0330665083529962	85	COMPLETE
86	0.10018726591760299	2020-05-12 15:49:10.200759	2020-05-12 15:49:38.834776	128	1	15	256	1.0215145823639933	0.0	0.10018726591760299	0.026685393258426966	0.04728464419475655	49.313202247191015	0.044812722849071264	0.0	0.10018726591760299	0.026685393258426966	0.04728464419475655	49.313202247191015	0.044812722849071264	2520402549	150	0.0	0.10018726591760299	0.026685393258426966	0.04728464419475655	49.313202247191015	0.044812722849071264	86	COMPLETE
87	0.0449438202247191	2020-05-12 15:49:38.846777	2020-05-12 15:50:12.741303	128	2	41	256	1.190184123290891	0.0	0.0449438202247191	0.010767790262172285	0.02200374531835206	57.37710674157304	0.03121335213408193	0.0	0.0449438202247191	0.010767790262172285	0.02200374531835206	57.37687265917603	0.031213691876312708	2264624950	150	0.0	0.0449438202247191	0.010767790262172285	0.02200374531835206	57.37734082397004	0.03121302497489674	87	COMPLETE
88	0.08895131086142322	2020-05-12 15:50:12.751357	2020-05-12 15:51:11.394737	128	1	33	128	1.0147747868577834	0.0	0.08895131086142322	0.01451310861423221	0.03323970037453183	49.01638576779026	0.04117713790404573	0.0	0.08895131086142322	0.01451310861423221	0.03323970037453183	49.01638576779026	0.04117713790404573	2064466938	150	0.0	0.08895131086142322	0.01451310861423221	0.03323970037453183	49.01638576779026	0.04117713790404573	88	COMPLETE
89	0.10205992509363296	2020-05-12 15:51:11.407006	2020-05-12 15:52:10.040336	256	1	43	128	0.9877296039478832	0.0	0.10205992509363296	0.02762172284644195	0.050093632958801496	47.640917602996254	0.04725887106447646	0.0	0.10205992509363296	0.02762172284644195	0.050093632958801496	47.640917602996254	0.04725887106447646	1163948496	150	0.0	0.10205992509363296	0.02762172284644195	0.050093632958801496	47.640917602996254	0.04725887106447646	89	COMPLETE
90	0.08661048689138577	2020-05-12 15:52:10.054299	2020-05-12 15:52:30.146886	256	1	32	512	1.018033112327774	0.0	0.08661048689138577	0.020599250936329586	0.03745318352059925	49.13483146067416	0.04217851897678512	0.0	0.08661048689138577	0.020599250936329586	0.03745318352059925	49.13483146067416	0.04217851897678512	1803740591	150	0.0	0.08661048689138577	0.020599250936329586	0.03745318352059925	49.13483146067416	0.04217851897678512	90	COMPLETE
91	0.050093632958801496	2020-05-12 15:52:30.159026	2020-05-12 15:52:50.178848	128	2	19	512	1.1852413672877107	0.0	0.050093632958801496	0.010767790262172285	0.019194756554307114	57.228932584269664	0.03122061161840978	0.0	0.050093632958801496	0.010767790262172285	0.019194756554307114	57.228932584269664	0.03122061161840978	3290118422	150	0.0	0.050093632958801496	0.010767790262172285	0.019194756554307114	57.228932584269664	0.03122061161840978	91	COMPLETE
92	0.09129213483146068	2020-05-12 15:52:50.190964	2020-05-12 15:53:09.090120	64	1	25	512	1.025969412031301	0.0	0.09129213483146068	0.019194756554307114	0.04307116104868914	49.4873595505618	0.043271974965004824	0.0	0.09129213483146068	0.019194756554307114	0.04307116104868914	49.4873595505618	0.043271974965004824	2262340822	150	0.0	0.09129213483146068	0.019194756554307114	0.04307116104868914	49.4873595505618	0.043271974965004824	92	COMPLETE
93	0.10159176029962547	2020-05-12 15:53:09.100102	2020-05-12 15:54:11.144259	256	1	74	128	0.9958606073510753	0.0	0.10159176029962547	0.02762172284644195	0.047752808988764044	48.07209737827716	0.046619366358728535	0.0	0.10159176029962547	0.02762172284644195	0.047752808988764044	48.07209737827716	0.046619366358728535	4134342204	150	0.0	0.10159176029962547	0.02762172284644195	0.047752808988764044	48.07209737827716	0.046619366358728535	93	COMPLETE
94	0.09410112359550561	2020-05-12 15:54:11.154068	2020-05-12 15:54:46.302684	64	1	56	256	1.0147909366661745	0.0	0.09410112359550561	0.019662921348314606	0.037921348314606744	48.95505617977528	0.04328647718203754	0.0	0.09410112359550561	0.019662921348314606	0.037921348314606744	48.95505617977528	0.04328647718203754	2706603695	150	0.0	0.09410112359550561	0.019662921348314606	0.037921348314606744	48.95505617977528	0.04328647718203754	94	COMPLETE
95	0.06460674157303371	2020-05-12 15:54:46.312703	2020-05-12 15:55:09.591679	256	2	58	512	1.1223758540381346	0.0	0.06460674157303371	0.011704119850187267	0.024344569288389514	54.17134831460674	0.03506608549802431	0.0	0.06460674157303371	0.011704119850187267	0.024344569288389514	54.17134831460674	0.03506608549802431	1814127390	150	0.0	0.06460674157303371	0.011704119850187267	0.024344569288389514	54.17134831460674	0.03506608549802431	95	COMPLETE
96	0.09035580524344569	2020-05-12 15:55:09.607417	2020-05-12 15:55:25.595926	256	1	29	512	1.0176919890473481	0.0	0.09035580524344569	0.023408239700374533	0.04447565543071161	49.07724719101124	0.0445687822653922	0.0	0.09035580524344569	0.023408239700374533	0.04447565543071161	49.07724719101124	0.0445687822653922	2717213941	150	0.0	0.09035580524344569	0.023408239700374533	0.04447565543071161	49.07724719101124	0.0445687822653922	96	COMPLETE
97	0.03323970037453183	2020-05-12 15:55:25.607849	2020-05-12 15:56:31.711410	128	2	61	128	1.2494273621533136	0.0	0.03323970037453183	0.0056179775280898875	0.012172284644194757	60.300561797752806	0.02627489220510047	0.0	0.03323970037453183	0.0056179775280898875	0.012172284644194757	60.300561797752806	0.02627489220510047	2545363843	150	0.0	0.03323970037453183	0.0056179775280898875	0.012172284644194757	60.300561797752806	0.02627489220510047	97	COMPLETE
98	0.09035580524344569	2020-05-12 15:56:31.723503	2020-05-12 15:57:30.537422	64	1	37	128	1.0182552368010391	0.0	0.09035580524344569	0.019194756554307114	0.033707865168539325	49.1690074906367	0.04241255992140693	0.0	0.09035580524344569	0.019194756554307114	0.033707865168539325	49.1690074906367	0.04241255992140693	1651083491	150	0.0	0.09035580524344569	0.019194756554307114	0.033707865168539325	49.1690074906367	0.04241255992140693	98	COMPLETE
99	0.11657303370786516	2020-05-12 15:57:30.549486	2020-05-12 15:57:50.321507	64	1	61	512	0.9799914952273365	0.0	0.11657303370786516	0.025280898876404494	0.05290262172284644	47.2373595505618	0.04795706573834601	0.0	0.11657303370786516	0.025280898876404494	0.05290262172284644	47.2373595505618	0.04795706573834601	3219803764	150	0.0	0.11657303370786516	0.025280898876404494	0.05290262172284644	47.2373595505618	0.04795706573834601	99	COMPLETE
