number	value	datetime_start	datetime_complete	params_model.embedding_dim	params_negative_sampler.num_negs_per_pos	params_training.batch_size	user_attrs_avg.adjusted_mean_rank	user_attrs_avg.hits_at_1	user_attrs_avg.hits_at_10	user_attrs_avg.hits_at_3	user_attrs_avg.hits_at_5	user_attrs_avg.mean_rank	user_attrs_avg.mean_reciprocal_rank	user_attrs_best.hits_at_1	user_attrs_best.hits_at_10	user_attrs_best.hits_at_3	user_attrs_best.hits_at_5	user_attrs_best.mean_rank	user_attrs_best.mean_reciprocal_rank	user_attrs_random_seed	user_attrs_stopped_epoch	user_attrs_worst.hits_at_1	user_attrs_worst.hits_at_10	user_attrs_worst.hits_at_3	user_attrs_worst.hits_at_5	user_attrs_worst.mean_rank	user_attrs_worst.mean_reciprocal_rank	system_attrs__number	state
0	0.10814606741573034	2020-04-30 00:22:25.459944	2020-04-30 01:11:40.022506	256	69	512	0.9745571986111126	0.0014044943820224719	0.10814606741573034	0.030430711610486893	0.06647940074906367	47.05852059925093	0.051563118295273394	0.06741573033707865	0.1348314606741573	0.07303370786516854	0.08567415730337079	44.61938202247191	0.10173751000315173	991715508	250	0.0014044943820224719	0.08801498127340825	0.010299625468164793	0.03136704119850187	49.49765917602996	0.04044144836390496	0	COMPLETE
1	0.09363295880149813	2020-04-30 01:11:40.069574	2020-04-30 01:13:11.213395	128	18	512	0.9930453096474573	0.0009363295880149813	0.09363295880149813	0.026685393258426966	0.048220973782771535	47.94733146067416	0.046850047995170147	0.04400749063670412	0.11844569288389513	0.05056179775280899	0.06554307116104868	45.91011235955056	0.08007003117086729	1281217872	150	0.0009363295880149813	0.07303370786516854	0.011704119850187267	0.03089887640449438	49.984550561797754	0.03873510800594445	1	COMPLETE
2	0.08754681647940075	2020-04-30 01:13:11.239490	2020-04-30 01:16:36.220849	64	93	256	1.0407138850386446	0.0018726591760299626	0.08754681647940075	0.019662921348314606	0.03745318352059925	50.28253745318352	0.04394395941834887	0.02762172284644195	0.10299625468164794	0.03323970037453183	0.04541198501872659	48.93913857677903	0.06242013211090745	449236614	200	0.0018726591760299626	0.07911985018726592	0.012172284644194757	0.025749063670411985	51.625936329588015	0.03848807455887408	2	COMPLETE
3	0.10580524344569288	2020-04-30 01:16:36.250595	2020-04-30 01:23:38.547742	256	18	256	0.9863585831374209	0.0	0.10580524344569288	0.020131086142322098	0.047752808988764044	47.636470037453186	0.04551441091643897	0.0449438202247191	0.13670411985018727	0.05102996254681648	0.07256554307116105	45.179307116104866	0.08345304796347172	1737879443	150	0.0	0.07443820224719101	0.003745318352059925	0.023876404494382022	50.0936329588015	0.036432640864269915	3	COMPLETE
4	0.10440074906367042	2020-04-30 01:23:38.575453	2020-04-30 01:31:20.057371	256	23	128	0.9989338263325142	0.00046816479400749064	0.10440074906367042	0.025749063670411985	0.054307116104868915	48.172284644194754	0.04736304816478635	0.05805243445692884	0.13108614232209737	0.062265917602996254	0.07584269662921349	45.68352059925093	0.09258978035782371	2340344663	150	0.00046816479400749064	0.07631086142322098	0.006086142322097378	0.027153558052434457	50.661048689138575	0.03748105034410923	4	COMPLETE
5	0.09410112359550561	2020-04-30 01:31:20.084074	2020-04-30 01:56:45.937051	256	77	256	0.9922104523306161	0.00046816479400749064	0.09410112359550561	0.02247191011235955	0.05337078651685393	47.88014981273408	0.04721117221564454	0.05149812734082397	0.12453183520599251	0.056179775280898875	0.07209737827715355	45.407303370786515	0.08758316568768766	3074615956	150	0.00046816479400749064	0.0749063670411985	0.008426966292134831	0.024344569288389514	50.35299625468165	0.03799126962005337	5	COMPLETE
6	0.1104868913857678	2020-04-30 01:56:45.986157	2020-04-30 01:58:36.545884	64	15	128	0.9941362529018133	0.0023408239700374533	0.1104868913857678	0.03885767790262172	0.05852059925093633	47.97027153558052	0.05442631652235526	0.042134831460674156	0.12874531835205993	0.05290262172284644	0.06835205992509363	46.67088014981273	0.0802838579525033	4101625271	150	0.0023408239700374533	0.09831460674157304	0.026217228464419477	0.04728464419475655	49.26966292134831	0.04674253630870233	6	COMPLETE
7	0.10674157303370786	2020-04-30 01:58:36.619300	2020-04-30 02:04:40.364018	128	52	512	1.0138387487754783	0.0014044943820224719	0.10674157303370786	0.030430711610486893	0.06320224719101124	48.907303370786515	0.04957119998436704	0.05758426966292135	0.12921348314606743	0.06647940074906367	0.07958801498127341	46.88014981273408	0.09240665944570657	4133379924	200	0.0014044943820224719	0.09035580524344569	0.011704119850187267	0.03417602996254682	50.93445692883895	0.03986801440965501	7	COMPLETE
8	0.10018726591760299	2020-04-30 02:04:40.407236	2020-04-30 02:11:02.043978	64	42	128	0.9921210545702918	0.0032771535580524347	0.10018726591760299	0.026217228464419477	0.050093632958801496	47.835205992509366	0.050357379944883165	0.03885767790262172	0.12312734082397003	0.047752808988764044	0.06554307116104868	46.42134831460674	0.0768232322808615	3579061915	350	0.0032771535580524347	0.08895131086142322	0.01544943820224719	0.03464419475655431	49.249063670411985	0.043200975353959954	8	COMPLETE
9	0.09737827715355805	2020-04-30 02:11:02.066133	2020-04-30 02:35:02.114856	256	46	256	0.994688766676242	0.0	0.09737827715355805	0.0149812734082397	0.04447565543071161	47.96910112359551	0.0450886098716823	0.04541198501872659	0.13764044943820225	0.05196629213483146	0.06835205992509363	45.56554307116105	0.08329540114441057	3621343979	200	0.0	0.0749063670411985	0.0046816479400749065	0.016853932584269662	50.37265917602996	0.03635162125710606	9	COMPLETE
10	0.09363295880149813	2020-04-30 02:35:02.208661	2020-04-30 03:18:25.307289	256	86	256	0.9962348291128944	0.0	0.09363295880149813	0.019194756554307114	0.041666666666666664	48.120552434456926	0.044498754233381364	0.04588014981273408	0.12640449438202248	0.050093632958801496	0.06694756554307116	45.679307116104866	0.08214973075516428	2921670101	200	0.0	0.07350187265917603	0.0056179775280898875	0.019194756554307114	50.561797752808985	0.03577716216167587	10	COMPLETE
11	0.10205992509363296	2020-04-30 03:18:25.347948	2020-04-30 03:20:30.786660	64	25	512	1.031700969032755	0.0028089887640449437	0.10205992509363296	0.02294007490636704	0.04868913857677903	49.793539325842694	0.047604885032305894	0.03089887640449438	0.12265917602996254	0.040262172284644196	0.06273408239700375	48.392790262172284	0.06952019197885277	1464091655	300	0.0028089887640449437	0.08801498127340825	0.015917602996254682	0.03604868913857678	51.19428838951311	0.04183295634383998	11	COMPLETE
12	0.09691011235955056	2020-04-30 03:20:30.808401	2020-04-30 03:35:06.468445	128	91	256	1.016999808556055	0.00046816479400749064	0.09691011235955056	0.028089887640449437	0.05149812734082397	49.0751404494382	0.047004594027872215	0.040262172284644196	0.12265917602996254	0.04915730337078652	0.06835205992509363	47.04775280898876	0.07774545995243662	291089783	250	0.00046816479400749064	0.07677902621722846	0.011704119850187267	0.03604868913857678	51.10252808988764	0.03876932925209251	12	COMPLETE
13	0.09129213483146068	2020-04-30 03:35:06.490366	2020-04-30 03:36:25.118815	64	53	512	1.0222569158569341	0.0014044943820224719	0.09129213483146068	0.023408239700374533	0.039794007490636704	49.324672284644194	0.044510449233500754	0.030430711610486893	0.1104868913857678	0.03745318352059925	0.0552434456928839	47.989700374531836	0.06692804333707046	1329752580	150	0.0014044943820224719	0.07958801498127341	0.012172284644194757	0.02762172284644195	50.65964419475655	0.03866630336322674	13	COMPLETE
14	0.10627340823970037	2020-04-30 03:36:25.142590	2020-04-30 04:27:31.338759	256	73	256	1.0079637726137505	0.0	0.10627340823970037	0.021067415730337078	0.05664794007490637	48.6434925093633	0.046908209974301694	0.054775280898876406	0.14138576779026218	0.06132958801498127	0.07911985018726592	46.14513108614232	0.09160130791760157	2590272287	250	0.0	0.0852059925093633	0.0046816479400749065	0.023876404494382022	51.14185393258427	0.03688570154985034	14	COMPLETE
15	0.08848314606741572	2020-04-30 04:27:31.380261	2020-04-30 04:31:30.149765	128	34	256	1.003199320693748	0.00046816479400749064	0.08848314606741572	0.02294007490636704	0.04353932584269663	48.42251872659176	0.044472268738655944	0.03932584269662921	0.1104868913857678	0.04541198501872659	0.06413857677902622	46.50561797752809	0.07458711951427624	3625780275	200	0.00046816479400749064	0.07256554307116105	0.008426966292134831	0.026217228464419477	50.33941947565543	0.03685847564329312	15	COMPLETE
16	0.07677902621722846	2020-04-30 04:31:30.189357	2020-04-30 04:33:30.665311	64	25	128	1.000795227955078	0.00046816479400749064	0.07677902621722846	0.017790262172284643	0.032303370786516857	48.307818352059925	0.042538310027718594	0.020599250936329586	0.10018726591760299	0.027153558052434457	0.04307116104868914	47.03698501872659	0.058079672569554305	971451932	150	0.00046816479400749064	0.06928838951310862	0.008895131086142321	0.025749063670411985	49.57865168539326	0.03762233465032145	16	COMPLETE
17	0.11657303370786516	2020-04-30 04:33:30.706006	2020-04-30 04:38:50.321242	128	36	128	0.9530321878419442	0.00046816479400749064	0.11657303370786516	0.03464419475655431	0.06601123595505617	46.00795880149813	0.05407796858248863	0.06601123595505617	0.14653558052434457	0.07209737827715355	0.08426966292134831	44.00936329588015	0.10232697117372555	650632504	200	0.00046816479400749064	0.09831460674157304	0.013108614232209739	0.03745318352059925	48.006554307116104	0.042894493411654945	17	COMPLETE
18	0.09831460674157304	2020-04-30 04:38:50.384780	2020-04-30 04:52:58.010223	256	39	512	1.023613148721193	0.0	0.09831460674157304	0.020131086142322098	0.048220973782771535	49.429307116104866	0.04398873234864851	0.04868913857677903	0.11750936329588015	0.05196629213483146	0.07209737827715355	47.05898876404494	0.08294955178902634	3137692187	150	0.0	0.07443820224719101	0.005149812734082397	0.02200374531835206	51.79962546816479	0.03524988719222154	18	COMPLETE
19	0.10720973782771535	2020-04-30 04:52:58.031419	2020-04-30 04:54:36.509560	64	40	512	1.0038899415545863	0.0023408239700374533	0.10720973782771535	0.040262172284644196	0.060393258426966294	48.44264981273408	0.052145839560213826	0.046348314606741575	0.11797752808988764	0.05571161048689138	0.07162921348314606	47.13202247191011	0.08201114531525301	2333717182	200	0.0023408239700374533	0.09316479400749064	0.018726591760299626	0.047752808988764044	49.75327715355805	0.044062928759929364	19	COMPLETE
20	0.11189138576779026	2020-04-30 04:54:36.545363	2020-04-30 05:07:57.523545	256	20	128	0.9942193926601541	0.00046816479400749064	0.11189138576779026	0.03089887640449438	0.060393258426966294	47.96535580524345	0.049882721218006756	0.062265917602996254	0.13389513108614232	0.06975655430711611	0.08661048689138577	45.45973782771536	0.09803774547959572	596409584	250	0.00046816479400749064	0.08848314606741572	0.00749063670411985	0.03323970037453183	50.47097378277154	0.03899760821107682	20	COMPLETE
21	0.10252808988764045	2020-04-30 05:07:57.562182	2020-04-30 05:37:43.624518	256	89	512	0.9789940562318968	0.0	0.10252808988764045	0.020599250936329586	0.05383895131086142	47.25187265917603	0.047231435621474735	0.0552434456928839	0.13108614232209737	0.060393258426966294	0.075374531835206	44.84737827715356	0.09078865755074321	3207132491	150	0.0	0.08052434456928839	0.007022471910112359	0.02200374531835206	49.6563670411985	0.037420719190018735	21	COMPLETE
22	0.10159176029962547	2020-04-30 05:37:43.660308	2020-04-30 06:09:32.105758	256	56	512	1.0063279437752308	0.00046816479400749064	0.10159176029962547	0.023408239700374533	0.05149812734082397	48.56109550561798	0.04694626182287343	0.0552434456928839	0.13202247191011235	0.0599250936329588	0.07443820224719101	46.13810861423221	0.09054106285065504	3195665779	200	0.00046816479400749064	0.07631086142322098	0.007022471910112359	0.024812734082397005	50.984082397003746	0.037379085794509305	22	COMPLETE
23	0.09222846441947566	2020-04-30 06:09:32.127551	2020-04-30 06:23:17.468760	256	38	512	1.04626688028316	0.00046816479400749064	0.09222846441947566	0.019194756554307114	0.047752808988764044	50.510065543071164	0.04306301724510505	0.05102996254681648	0.12219101123595505	0.05337078651685393	0.06788389513108614	48.08848314606742	0.08397537996694268	2008639916	150	0.00046816479400749064	0.07162921348314606	0.004213483146067416	0.020599250936329586	52.9316479400749	0.034309532106502144	23	COMPLETE
24	0.09737827715355805	2020-04-30 06:23:17.491116	2020-04-30 06:24:16.431320	64	9	256	1.0022858984459695	0.0014044943820224719	0.09737827715355805	0.02247191011235955	0.04447565543071161	48.35557116104869	0.04589237053611364	0.026685393258426966	0.11376404494382023	0.03604868913857678	0.052434456928838954	46.99953183520599	0.06496836994748259	688294972	150	0.0014044943820224719	0.08801498127340825	0.013108614232209739	0.031835205992509365	49.71161048689139	0.04037249685914037	24	COMPLETE
25	0.11376404494382023	2020-04-30 06:24:16.474232	2020-04-30 06:27:11.558493	128	38	256	0.9819362680898623	0.0	0.11376404494382023	0.02949438202247191	0.060861423220973786	47.33192883895131	0.05051519294082049	0.0552434456928839	0.13764044943820225	0.060861423220973786	0.07865168539325842	45.33801498127341	0.0921176074939322	3671109809	150	0.0	0.09410112359550561	0.011235955056179775	0.035580524344569285	49.325842696629216	0.040881112516589026	25	COMPLETE
26	0.10205992509363296	2020-04-30 06:27:11.579691	2020-04-30 06:29:45.799772	128	15	256	1.005400843059379	0.0	0.10205992509363296	0.025280898876404494	0.05852059925093633	48.526451310861425	0.04842543642351111	0.0552434456928839	0.11704119850187265	0.05945692883895131	0.07209737827715355	46.54073033707865	0.08898059188043626	3674267421	200	0.0	0.08707865168539326	0.011235955056179775	0.03136704119850187	50.512172284644194	0.03917128579778913	26	COMPLETE
27	0.10720973782771535	2020-04-30 06:29:45.828535	2020-04-30 06:32:22.290369	64	7	128	0.9949061329553274	0.0009363295880149813	0.10720973782771535	0.030430711610486893	0.06132958801498127	47.99882958801498	0.0507281309521709	0.05149812734082397	0.12219101123595505	0.056179775280898875	0.07350187265917603	46.59316479400749	0.08658861263127664	3625113638	200	0.0009363295880149813	0.09784644194756555	0.012172284644194757	0.03745318352059925	49.40449438202247	0.042310253200098596	27	COMPLETE
28	0.0997191011235955	2020-04-30 06:32:22.336667	2020-04-30 06:34:14.891126	128	25	512	1.0135951045410505	0.00046816479400749064	0.0997191011235955	0.024812734082397005	0.050093632958801496	48.93211610486891	0.04727136773491836	0.047752808988764044	0.12406367041198502	0.05337078651685393	0.06928838951310862	46.947565543071164	0.08306931021171672	618653362	150	0.00046816479400749064	0.08286516853932584	0.009831460674157303	0.027153558052434457	50.916666666666664	0.038621570546609224	28	COMPLETE
29	0.09831460674157304	2020-04-30 06:34:14.912737	2020-04-30 06:41:17.644862	128	15	128	1.0154924876578082	0.0009363295880149813	0.09831460674157304	0.02294007490636704	0.05196629213483146	48.96301498127341	0.046766765205474736	0.047752808988764044	0.12312734082397003	0.05664794007490637	0.0702247191011236	46.93445692883895	0.08342656224093488	1474760755	350	0.0009363295880149813	0.07958801498127341	0.010299625468164793	0.027153558052434457	50.991573033707866	0.038474420452306445	29	COMPLETE
30	0.10018726591760299	2020-04-30 06:41:17.666137	2020-04-30 06:42:40.540740	128	2	256	0.9876084937862285	0.00046816479400749064	0.10018726591760299	0.02949438202247191	0.05664794007490637	47.695692883895134	0.049209502185766224	0.054307116104868915	0.12874531835205993	0.06179775280898876	0.075374531835206	45.7059925093633	0.0900316663647694	1770890338	200	0.00046816479400749064	0.0852059925093633	0.009831460674157303	0.03417602996254682	49.68539325842696	0.03975595260617345	30	COMPLETE
31	0.09222846441947566	2020-04-30 06:42:40.592248	2020-04-30 06:52:05.255054	128	65	512	1.0310429398045433	0.0009363295880149813	0.09222846441947566	0.02294007490636704	0.04868913857677903	49.765917602996254	0.04523728298625606	0.04119850187265917	0.11142322097378277	0.0449438202247191	0.06647940074906367	47.75702247191011	0.07588426948140038	1399681750	250	0.0009363295880149813	0.07958801498127341	0.010299625468164793	0.02949438202247191	51.774812734082396	0.037560028230863664	31	COMPLETE
32	0.10159176029962547	2020-04-30 06:52:05.277573	2020-04-30 06:59:52.898065	128	100	512	0.9817731591998442	0.00046816479400749064	0.10159176029962547	0.032303370786516857	0.05711610486891386	47.43773408239701	0.04940425203963214	0.04962546816479401	0.12827715355805244	0.054775280898876406	0.06928838951310862	45.493445692883896	0.08607363307695642	714943047	150	0.00046816479400749064	0.08192883895131087	0.012172284644194757	0.03604868913857678	49.38202247191011	0.040018509978586254	32	COMPLETE
33	0.09831460674157304	2020-04-30 06:59:52.924975	2020-04-30 07:06:29.672879	128	79	512	0.9986148243944408	0.0	0.09831460674157304	0.019662921348314606	0.0449438202247191	48.23712546816479	0.04560404287664339	0.03698501872659176	0.12219101123595505	0.041666666666666664	0.06413857677902622	46.298689138576776	0.07532544794334763	993376822	150	0.0	0.08099250936329588	0.006086142322097378	0.025749063670411985	50.175561797752806	0.038129549057874655	33	COMPLETE
34	0.09410112359550561	2020-04-30 07:06:29.703228	2020-04-30 07:11:35.217891	128	61	128	1.02367602100104	0.0009363295880149813	0.09410112359550561	0.027153558052434457	0.04728464419475655	49.39115168539326	0.046384369686559526	0.041666666666666664	0.12125468164794008	0.04728464419475655	0.06179775280898876	47.360955056179776	0.07742648953040289	3433998310	150	0.0009363295880149813	0.07818352059925093	0.011704119850187267	0.032303370786516857	51.42134831460674	0.038431375267176014	34	COMPLETE
35	0.08848314606741572	2020-04-30 07:11:35.261415	2020-04-30 07:15:01.661606	128	33	128	1.0106582189875233	0.0	0.08848314606741572	0.02294007490636704	0.04541198501872659	48.79588014981273	0.04522659978016627	0.046348314606741575	0.11235955056179775	0.05056179775280899	0.06179775280898876	46.79026217228464	0.08028673930844701	3397308434	150	0.0	0.07162921348314606	0.008426966292134831	0.024812734082397005	50.80149812734082	0.036904002327789585	35	COMPLETE
36	0.11563670411985019	2020-04-30 07:15:01.704850	2020-04-30 08:01:25.076047	256	94	128	0.9956693240818096	0.0	0.11563670411985019	0.023876404494382022	0.062265917602996254	48.03909176029963	0.04965032463693764	0.06460674157303371	0.1446629213483146	0.06928838951310862	0.0847378277153558	45.56975655430712	0.09994213451411989	3988827472	200	0.0	0.08801498127340825	0.007958801498127341	0.026217228464419477	50.508426966292134	0.03873178110552073	36	COMPLETE
37	0.0997191011235955	2020-04-30 08:01:25.097634	2020-04-30 08:03:44.321505	64	93	256	1.0249146702542398	0.0014044943820224719	0.0997191011235955	0.025280898876404494	0.05149812734082397	49.47682584269663	0.047369938927966475	0.03745318352059925	0.11610486891385768	0.04447565543071161	0.06273408239700375	48.112827715355806	0.07362215035849662	2649513105	150	0.0014044943820224719	0.08848314606741572	0.013576779026217229	0.037921348314606744	50.840823970037455	0.040690805902485416	37	COMPLETE
38	0.0997191011235955	2020-04-30 08:03:44.344535	2020-04-30 08:04:32.380238	64	2	512	1.013826925196765	0.0018726591760299626	0.0997191011235955	0.026217228464419477	0.050093632958801496	48.88436329588015	0.04807855745130849	0.03698501872659176	0.11657303370786516	0.047752808988764044	0.06413857677902622	47.59878277153558	0.07425176544509654	1366260935	200	0.0018726591760299626	0.08801498127340825	0.01544943820224719	0.0351123595505618	50.16994382022472	0.04154416704966833	38	COMPLETE
39	0.09550561797752809	2020-04-30 08:04:32.449274	2020-04-30 08:05:11.334880	64	8	512	1.0125337331939475	0.0014044943820224719	0.09550561797752809	0.026217228464419477	0.046348314606741575	48.80922284644195	0.04726002964237451	0.032303370786516857	0.10627340823970037	0.040262172284644196	0.05852059925093633	47.52762172284644	0.0691004261659212	1232389919	150	0.0014044943820224719	0.08426966292134831	0.01451310861423221	0.03464419475655431	50.090823970037455	0.041245369398068985	39	COMPLETE
40	0.08941947565543071	2020-04-30 08:05:11.359691	2020-04-30 08:06:12.973353	128	8	512	1.0042871478325879	0.00046816479400749064	0.08941947565543071	0.02153558052434457	0.047752808988764044	48.45037453183521	0.045445924721251627	0.04073033707865169	0.12172284644194757	0.04541198501872659	0.06179775280898876	46.434925093632955	0.07717521510327018	3476317128	150	0.00046816479400749064	0.07397003745318352	0.007958801498127341	0.027153558052434457	50.465823970037455	0.0376018838810819	40	COMPLETE
41	0.10205992509363296	2020-04-30 08:06:12.994838	2020-04-30 08:08:47.907369	64	69	128	1.0362163643485236	0.0014044943820224719	0.10205992509363296	0.0299625468164794	0.05149812734082397	50.039794007490634	0.04965268966728974	0.04073033707865169	0.1198501872659176	0.047752808988764044	0.06788389513108614	48.66432584269663	0.07653560875343234	3184086241	150	0.0014044943820224719	0.09035580524344569	0.019662921348314606	0.03745318352059925	51.41526217228464	0.04201328109902688	41	COMPLETE
42	0.10767790262172285	2020-04-30 08:08:47.931315	2020-04-30 08:11:45.864238	64	73	256	1.0036125915013394	0.003745318352059925	0.10767790262172285	0.03604868913857678	0.054307116104868915	48.4627808988764	0.05213388327296197	0.042134831460674156	0.12219101123595505	0.05196629213483146	0.06788389513108614	47.15308988764045	0.07898350552493594	847104864	200	0.003745318352059925	0.09035580524344569	0.02200374531835206	0.04260299625468165	49.77247191011236	0.044966755105562035	42	COMPLETE
43	0.10720973782771535	2020-04-30 08:11:45.885778	2020-04-30 08:17:18.443736	128	73	128	0.9947403988675372	0.0	0.10720973782771535	0.026685393258426966	0.056179775280898875	47.95248127340824	0.048549423691504556	0.05149812734082397	0.13202247191011235	0.056179775280898875	0.07162921348314606	45.93445692883895	0.08738506604688832	1868920189	150	0.0	0.09082397003745318	0.007958801498127341	0.03089887640449438	49.97050561797753	0.03935447834614266	43	COMPLETE
44	0.10393258426966293	2020-04-30 08:17:18.471079	2020-04-30 08:19:59.438971	128	34	256	1.008933582163524	0.00046816479400749064	0.10393258426966293	0.02762172284644195	0.05898876404494382	48.736189138576776	0.04802317759460017	0.050093632958801496	0.12921348314606743	0.05945692883895131	0.075374531835206	46.70880149812734	0.0863145609086016	4001936628	150	0.00046816479400749064	0.08426966292134831	0.011704119850187267	0.03089887640449438	50.76357677902622	0.03896810362529037	44	COMPLETE
45	0.10908239700374532	2020-04-30 08:19:59.463118	2020-04-30 08:24:25.905315	64	90	256	1.0076803039185604	0.0018726591760299626	0.10908239700374532	0.028089887640449437	0.047752808988764044	48.63412921348315	0.04992709490411434	0.04073033707865169	0.13389513108614232	0.04915730337078652	0.06647940074906367	47.22003745318352	0.07880169206985135	3165886763	250	0.0018726591760299626	0.09035580524344569	0.017322097378277154	0.03277153558052434	50.04822097378277	0.04229014825314392	45	COMPLETE
46	0.0898876404494382	2020-04-30 08:24:25.927076	2020-04-30 08:28:12.354251	128	40	128	1.0163359527235454	0.0	0.0898876404494382	0.028089887640449437	0.056179775280898875	49.0187265917603	0.046907916958260326	0.05056179775280899	0.1104868913857678	0.056179775280898875	0.06647940074906367	47.034176029962545	0.0838651748314105	3125110938	150	0.0	0.07584269662921349	0.010767790262172285	0.03277153558052434	51.00327715355805	0.03803807482756142	46	COMPLETE
47	0.09316479400749064	2020-04-30 08:28:12.380759	2020-04-30 08:35:53.387035	256	23	128	0.9918197253596889	0.00046816479400749064	0.09316479400749064	0.020131086142322098	0.046348314606741575	47.87336142322097	0.04625682059580966	0.0449438202247191	0.12780898876404495	0.05149812734082397	0.06882022471910113	45.3497191011236	0.0826714369965258	2442984506	150	0.00046816479400749064	0.07116104868913857	0.009363295880149813	0.023408239700374533	50.39700374531835	0.03748541912390848	47	COMPLETE
48	0.10861423220973783	2020-04-30 08:35:53.414471	2020-04-30 09:33:43.137513	256	86	512	1.0083126595412983	0.00046816479400749064	0.10861423220973783	0.026685393258426966	0.060393258426966294	48.63483146067416	0.048907285206387784	0.060393258426966294	0.1343632958801498	0.06554307116104868	0.08052434456928839	46.210205992509366	0.09536067969583165	2635159194	250	0.00046816479400749064	0.08754681647940075	0.007022471910112359	0.028089887640449437	51.05945692883895	0.03841543337084756	48	COMPLETE
49	0.1100187265917603	2020-04-30 09:33:43.160739	2020-04-30 09:36:44.347498	64	98	128	0.9870475680377223	0.0018726591760299626	0.1100187265917603	0.03417602996254682	0.05758426966292135	47.65262172284644	0.050994187655620735	0.042134831460674156	0.12687265917602997	0.05149812734082397	0.07350187265917603	46.2560861423221	0.08040364651096792	2354111272	150	0.0018726591760299626	0.09550561797752809	0.01638576779026217	0.04307116104868914	49.049157303370784	0.04330560146976207	49	COMPLETE
50	0.10159176029962547	2020-04-30 09:36:44.394286	2020-04-30 09:43:16.781143	128	91	128	1.009237733666963	0.00046816479400749064	0.10159176029962547	0.024812734082397005	0.05149812734082397	48.69826779026217	0.046413593796157566	0.0449438202247191	0.11891385767790262	0.05056179775280899	0.07209737827715355	46.762172284644194	0.08103054640630218	1287541323	150	0.00046816479400749064	0.08146067415730338	0.00749063670411985	0.0299625468164794	50.63436329588015	0.037937659513606024	50	COMPLETE
51	0.10018726591760299	2020-04-30 09:43:16.813644	2020-04-30 09:48:31.656414	64	83	256	1.0009433324710373	0.0009363295880149813	0.10018726591760299	0.02855805243445693	0.052434456928838954	48.31928838951311	0.04847340860320761	0.03932584269662921	0.11704119850187265	0.04681647940074907	0.06647940074906367	46.91338951310861	0.07567882863860179	3309022709	300	0.0009363295880149813	0.0852059925093633	0.01544943820224719	0.03885767790262172	49.725187265917604	0.04123851989114228	51	COMPLETE
52	0.10908239700374532	2020-04-30 09:48:31.684440	2020-04-30 09:53:04.146617	256	11	128	1.0093755177719246	0.0	0.10908239700374532	0.027153558052434457	0.06554307116104868	48.66573033707865	0.04867323152712766	0.06741573033707865	0.13670411985018727	0.07116104868913857	0.0852059925093633	46.11516853932584	0.10075973744687759	1043515113	150	0.0	0.09082397003745318	0.005149812734082397	0.028089887640449437	51.21629213483146	0.03763096261270523	52	COMPLETE
53	0.09784644194756555	2020-04-30 09:53:04.168633	2020-04-30 09:55:53.867877	64	64	512	1.0040957358193128	0.0009363295880149813	0.09784644194756555	0.027153558052434457	0.048220973782771535	48.447799625468164	0.04782180180792859	0.03745318352059925	0.11704119850187265	0.04400749063670412	0.05711610486891386	47.09737827715356	0.0738226283489924	3027380723	250	0.0009363295880149813	0.08333333333333333	0.012640449438202247	0.03464419475655431	49.79822097378277	0.04086085343847982	53	COMPLETE
54	0.08754681647940075	2020-04-30 09:55:53.889759	2020-04-30 11:01:58.241541	256	77	128	1.038929664251684	0.0	0.08754681647940075	0.017322097378277154	0.046348314606741575	50.13998127340824	0.04283527266226722	0.04728464419475655	0.11142322097378277	0.05290262172284644	0.06788389513108614	47.745318352059925	0.08081636573315988	2789897483	300	0.0	0.06601123595505617	0.006554307116104869	0.019194756554307114	52.53464419475655	0.03432243243433169	54	COMPLETE
55	0.10159176029962547	2020-04-30 11:01:58.293634	2020-04-30 11:07:46.758720	128	4	128	1.0046698467026391	0.0	0.10159176029962547	0.0299625468164794	0.05758426966292135	48.40308988764045	0.048300243586611474	0.054307116104868915	0.13342696629213482	0.060393258426966294	0.07303370786516854	46.40496254681648	0.08951774428829944	1359461337	400	0.0	0.08333333333333333	0.009363295880149813	0.03417602996254682	50.40121722846442	0.038787624075557185	55	COMPLETE
56	0.10814606741573034	2020-04-30 11:07:46.799327	2020-04-30 11:29:42.190137	256	58	512	0.9908472452206321	0.0014044943820224719	0.10814606741573034	0.030430711610486893	0.05852059925093633	47.828183520599254	0.05052265707835423	0.060861423220973786	0.14372659176029962	0.06601123595505617	0.0847378277153558	45.37312734082397	0.09656588015845102	1134910214	150	0.0014044943820224719	0.0847378277153558	0.010299625468164793	0.03417602996254682	50.28323970037453	0.04000063710507733	56	COMPLETE
57	0.08848314606741572	2020-04-30 11:29:42.226868	2020-04-30 11:31:24.134480	64	25	512	1.0452711780429975	0.00046816479400749064	0.08848314606741572	0.025280898876404494	0.046348314606741575	50.49063670411985	0.04420773886907249	0.033707865168539325	0.10908239700374532	0.04073033707865169	0.05805243445692884	49.1690074906367	0.0687742909716341	1446273756	250	0.00046816479400749064	0.07818352059925093	0.010299625468164793	0.03277153558052434	51.81226591760299	0.037784271474425424	57	COMPLETE
58	0.10908239700374532	2020-04-30 11:31:24.156255	2020-04-30 11:33:02.660980	64	40	512	1.0077322858162503	0.00046816479400749064	0.10908239700374532	0.033707865168539325	0.062265917602996254	48.61750936329588	0.050727496207026004	0.05196629213483146	0.12687265917602997	0.0599250936329588	0.07631086142322098	47.24250936329588	0.08709337706002487	4184941598	200	0.00046816479400749064	0.09550561797752809	0.0149812734082397	0.04307116104868914	49.99250936329588	0.04202728553674949	58	COMPLETE
59	0.12687265917602997	2020-04-30 11:33:02.682289	2020-04-30 11:34:38.773646	64	38	512	0.9773271836860155	0.0023408239700374533	0.12687265917602997	0.04353932584269663	0.07350187265917603	47.16573033707865	0.057085565578657876	0.04728464419475655	0.1451310861423221	0.05852059925093633	0.08380149812734082	45.833333333333336	0.08743167702660329	829244501	200	0.0023408239700374533	0.11282771535580524	0.028089887640449437	0.05852059925093633	48.49812734082397	0.04876205575435694	59	COMPLETE
60	0.10627340823970037	2020-04-30 11:34:38.801313	2020-04-30 11:37:30.001395	64	85	128	1.0126111352718556	0.0018726591760299626	0.10627340823970037	0.0351123595505618	0.05945692883895131	48.885065543071164	0.05179182749534327	0.04915730337078652	0.11657303370786516	0.05805243445692884	0.07162921348314606	47.56086142322097	0.08353453473601267	1755828474	150	0.0018726591760299626	0.09691011235955056	0.02153558052434457	0.04260299625468165	50.20926966292135	0.043541599771952086	60	COMPLETE
61	0.0997191011235955	2020-04-30 11:37:30.036499	2020-04-30 12:02:50.483072	256	71	512	1.0182653633364884	0.00046816479400749064	0.0997191011235955	0.0149812734082397	0.05056179775280899	49.09737827715356	0.0449453805399145	0.052434456928838954	0.13249063670411984	0.054307116104868915	0.07303370786516854	46.61142322097378	0.08732333260473672	3588411870	150	0.00046816479400749064	0.0749063670411985	0.0056179775280898875	0.017322097378277154	51.583333333333336	0.03580872960386829	61	COMPLETE
62	0.10018726591760299	2020-04-30 12:02:50.519440	2020-04-30 12:04:28.905525	64	12	512	1.0009051910427151	0.0	0.10018726591760299	0.02153558052434457	0.042134831460674156	48.32350187265918	0.04623887663544105	0.028089887640449437	0.11891385767790262	0.03838951310861423	0.060861423220973786	46.99625468164794	0.06721276850477442	2574996200	300	0.0	0.09082397003745318	0.012172284644194757	0.030430711610486893	49.65074906367041	0.03991003225442773	62	COMPLETE
63	0.08426966292134831	2020-04-30 12:04:28.980099	2020-04-30 12:06:20.893070	64	91	512	1.02617510258698	0.00046816479400749064	0.08426966292134831	0.02153558052434457	0.039794007490636704	49.51685393258427	0.04343749189498772	0.02855805243445693	0.10065543071161048	0.03651685393258427	0.052434456928838954	48.199438202247194	0.06459620537493352	2829996142	150	0.00046816479400749064	0.07397003745318352	0.011235955056179775	0.02902621722846442	50.83426966292135	0.0376723486795905	63	COMPLETE
64	0.09737827715355805	2020-04-30 12:06:20.967409	2020-04-30 12:13:12.350719	128	62	512	0.9962452527245486	0.0	0.09737827715355805	0.026217228464419477	0.05383895131086142	48.073970037453186	0.04671373704454178	0.04681647940074907	0.11750936329588015	0.052434456928838954	0.06788389513108614	46.10159176029963	0.0825009921665252	1027839877	200	0.0	0.08661048689138577	0.008895131086142321	0.02949438202247191	50.04634831460674	0.03826129371819433	64	COMPLETE
65	0.08099250936329588	2020-04-30 12:13:12.376135	2020-04-30 12:42:08.603248	256	86	256	1.0330629031686636	0.00046816479400749064	0.08099250936329588	0.020599250936329586	0.04541198501872659	49.793539325842694	0.04262781013131216	0.04541198501872659	0.10814606741573034	0.04868913857677903	0.060393258426966294	47.25234082397004	0.07884240564937316	11314050	150	0.00046816479400749064	0.060393258426966294	0.003745318352059925	0.02247191011235955	52.33473782771536	0.034264639540919885	65	COMPLETE
66	0.08380149812734082	2020-04-30 12:42:08.624898	2020-04-30 12:43:32.045864	128	8	256	1.0033867969474153	0.00046816479400749064	0.08380149812734082	0.017790262172284643	0.03745318352059925	48.493679775280896	0.04268813803394186	0.03136704119850187	0.1104868913857678	0.03745318352059925	0.04728464419475655	46.45692883895131	0.06820062739572152	2773089950	150	0.00046816479400749064	0.06694756554307116	0.0056179775280898875	0.02294007490636704	50.530430711610485	0.03606246968108311	66	COMPLETE
67	0.10252808988764045	2020-04-30 12:43:32.067107	2020-04-30 12:53:10.912150	128	67	512	1.008638898050238	0.0009363295880149813	0.10252808988764045	0.026217228464419477	0.04728464419475655	48.67134831460674	0.0466527920510598	0.04073033707865169	0.12453183520599251	0.04728464419475655	0.06320224719101124	46.683052434456926	0.07764783767946701	1129285648	250	0.0009363295880149813	0.07911985018726592	0.010767790262172285	0.03089887640449438	50.65964419475655	0.03878281478287588	67	COMPLETE
68	0.1104868913857678	2020-04-30 12:53:10.972433	2020-04-30 13:01:02.185329	128	76	512	0.9863654409678241	0.0009363295880149813	0.1104868913857678	0.03089887640449438	0.062265917602996254	47.5683520599251	0.05130737755644774	0.062265917602996254	0.13764044943820225	0.06694756554307116	0.08239700374531835	45.61797752808989	0.09738320576884406	447389775	200	0.0009363295880149813	0.0945692883895131	0.010299625468164793	0.03417602996254682	49.5187265917603	0.04120348646555514	68	COMPLETE
69	0.1100187265917603	2020-04-30 13:01:02.211948	2020-04-30 13:05:23.522093	64	92	128	0.9909661909075251	0.0018726591760299626	0.1100187265917603	0.02762172284644195	0.05196629213483146	47.81811797752809	0.050123088278076676	0.042134831460674156	0.13108614232209737	0.04962546816479401	0.0650749063670412	46.436797752808985	0.07960205462768723	183431521	200	0.0018726591760299626	0.09222846441947566	0.015917602996254682	0.03417602996254682	49.199438202247194	0.042695136320501835	69	COMPLETE
70	0.10533707865168539	2020-04-30 13:05:23.569424	2020-04-30 13:08:22.929604	64	74	256	0.9856882717858038	0.0	0.10533707865168539	0.03417602996254682	0.05571161048689138	47.557818352059925	0.05023551296276746	0.041666666666666664	0.12125468164794008	0.050093632958801496	0.06928838951310862	46.26966292134831	0.07921741458390495	2655115471	200	0.0	0.08801498127340825	0.018258426966292134	0.04260299625468165	48.84597378277154	0.04224490011737865	70	COMPLETE
71	0.10299625468164794	2020-04-30 13:08:22.996338	2020-04-30 13:55:14.607677	256	95	512	1.0073210941104407	0.0	0.10299625468164794	0.02762172284644195	0.060861423220973786	48.70201310861423	0.047964784697709414	0.06554307116104868	0.12687265917602997	0.06835205992509363	0.08052434456928839	46.2373595505618	0.0979444903436514	1953817815	200	0.0	0.08146067415730338	0.009831460674157303	0.02949438202247191	51.166666666666664	0.03754212392358533	71	COMPLETE
72	0.09784644194756555	2020-04-30 13:55:14.629286	2020-04-30 13:57:59.450754	64	77	128	1.004864911820865	0.0018726591760299626	0.09784644194756555	0.0299625468164794	0.05056179775280899	48.484316479400746	0.04885295061178503	0.03838951310861423	0.11423220973782772	0.046348314606741575	0.06460674157303371	47.107677902621724	0.07534447093919498	3594343801	150	0.0018726591760299626	0.08754681647940075	0.01451310861423221	0.03698501872659176	49.860955056179776	0.04177586267935954	72	COMPLETE
73	0.10674157303370786	2020-04-30 13:57:59.512755	2020-04-30 14:11:31.062238	256	37	128	1.012068904664242	0.0	0.10674157303370786	0.02247191011235955	0.05852059925093633	48.88225655430712	0.04728026778110385	0.06273408239700375	0.13576779026217228	0.06788389513108614	0.08052434456928839	46.39700374531835	0.09664620188771032	3221291776	150	0.0	0.08380149812734082	0.006554307116104869	0.02247191011235955	51.36750936329588	0.036818389518665236	73	COMPLETE
74	0.07350187265917603	2020-04-30 14:11:31.084649	2020-04-30 14:22:45.587051	256	28	128	1.0279977523655481	0.00046816479400749064	0.07350187265917603	0.015917602996254682	0.03464419475655431	49.64185393258427	0.04056621809957513	0.03277153558052434	0.10533707865168539	0.037921348314606744	0.05102996254681648	47.17275280898876	0.06808628321085643	3852540291	150	0.00046816479400749064	0.054307116104868915	0.0032771535580524347	0.017790262172284643	52.110955056179776	0.03354653511142747	74	COMPLETE
75	0.0898876404494382	2020-04-30 14:22:45.639606	2020-04-30 14:29:54.144754	128	87	512	1.0281715901788282	0.00046816479400749064	0.0898876404494382	0.02247191011235955	0.04681647940074907	49.614934456928836	0.04429711750133589	0.04541198501872659	0.10908239700374532	0.04868913857677903	0.0599250936329588	47.61423220973783	0.07914141830154928	1818389644	150	0.00046816479400749064	0.07256554307116105	0.0056179775280898875	0.025749063670411985	51.61563670411985	0.036461573407886964	75	COMPLETE
76	0.10252808988764045	2020-04-30 14:29:54.171604	2020-04-30 14:31:32.406363	128	12	256	0.9913558688857121	0.0	0.10252808988764045	0.024344569288389514	0.04915730337078652	47.866807116104866	0.047011158020231134	0.04307116104868914	0.12359550561797752	0.04962546816479401	0.07116104868913857	45.862827715355806	0.08065350710899143	715360079	150	0.0	0.08239700374531835	0.008426966292134831	0.02949438202247191	49.87078651685393	0.03869251890760726	76	COMPLETE
77	0.09269662921348315	2020-04-30 14:31:32.434104	2020-04-30 14:35:03.902381	64	64	256	1.0104416641659602	0.0018726591760299626	0.09269662921348315	0.02153558052434457	0.04447565543071161	48.76123595505618	0.04633213536422651	0.02855805243445693	0.11470037453183521	0.03885767790262172	0.054775280898876406	47.381554307116104	0.066915694993245	3059361023	250	0.0018726591760299626	0.0847378277153558	0.012172284644194757	0.031835205992509365	50.140917602996254	0.04048187862825082	77	COMPLETE
78	0.09035580524344569	2020-04-30 14:35:03.938843	2020-04-30 14:37:11.369613	128	10	128	1.0243433927733465	0.0	0.09035580524344569	0.023876404494382022	0.04728464419475655	49.4316479400749	0.044336885170155334	0.039794007490636704	0.11423220973782772	0.047752808988764044	0.0650749063670412	47.340823970037455	0.07571267708321236	2373250438	150	0.0	0.06975655430711611	0.007022471910112359	0.02762172284644195	51.52247191011236	0.0362235320196436	78	COMPLETE
79	0.08754681647940075	2020-04-30 14:37:11.390781	2020-04-30 14:46:07.399575	128	81	128	1.0024622976561932	0.0014044943820224719	0.08754681647940075	0.026685393258426966	0.05102996254681648	48.35697565543071	0.047039501715943816	0.04541198501872659	0.10908239700374532	0.052434456928838954	0.06601123595505617	46.364700374531836	0.08075634995129725	1790669783	200	0.0014044943820224719	0.0749063670411985	0.012640449438202247	0.02949438202247191	50.34925093632959	0.03878394664252155	79	COMPLETE
80	0.08754681647940075	2020-04-30 14:46:07.432690	2020-04-30 15:28:14.549128	256	56	256	1.0153780413864788	0.0	0.08754681647940075	0.01451310861423221	0.03932584269662921	49.04939138576779	0.04149815106913926	0.03604868913857678	0.1104868913857678	0.03932584269662921	0.05664794007490637	46.56273408239701	0.07214476926539626	519522497	250	0.0	0.06460674157303371	0.0046816479400749065	0.017322097378277154	51.536048689138575	0.034064202163082265	80	COMPLETE
81	0.08286516853932584	2020-04-30 15:28:14.582049	2020-04-30 15:28:53.247898	64	8	512	1.0214234772478388	0.0	0.08286516853932584	0.026217228464419477	0.05056179775280899	49.28347378277154	0.04478921980965114	0.03745318352059925	0.0997191011235955	0.0449438202247191	0.05711610486891386	47.93445692883895	0.07157338767068738	892802853	150	0.0	0.07303370786516854	0.012640449438202247	0.03464419475655431	50.63249063670412	0.03845691454154161	81	COMPLETE
82	0.10252808988764045	2020-04-30 15:28:53.274968	2020-04-30 15:30:33.488477	64	1	256	1.0006366989737523	0.0009363295880149813	0.10252808988764045	0.030430711610486893	0.05758426966292135	48.31928838951311	0.050047762383115674	0.04260299625468165	0.12359550561797752	0.04962546816479401	0.06413857677902622	46.985955056179776	0.07886383633262682	1313382634	250	0.0009363295880149813	0.09316479400749064	0.016853932584269662	0.03932584269662921	49.65262172284644	0.042500633074330094	82	COMPLETE
83	0.0997191011235955	2020-04-30 15:30:33.515829	2020-04-30 15:35:07.033833	128	62	512	0.9954391490730844	0.0	0.0997191011235955	0.030430711610486893	0.05805243445692884	48.0124063670412	0.04793016617918813	0.0552434456928839	0.12359550561797752	0.062265917602996254	0.07350187265917603	46.017322097378276	0.08955789510288859	2899423582	150	0.0	0.08333333333333333	0.009363295880149813	0.033707865168539325	50.00749063670412	0.038616665532820324	83	COMPLETE
84	0.08286516853932584	2020-04-30 15:35:07.053894	2020-04-30 15:38:07.803467	64	75	256	1.03318526248329	0.00046816479400749064	0.08286516853932584	0.02200374531835206	0.037921348314606744	49.846676029962545	0.04297532815469676	0.023876404494382022	0.09737827715355805	0.032303370786516857	0.047752808988764044	48.5313670411985	0.06013681359914527	841696896	200	0.00046816479400749064	0.07443820224719101	0.012640449438202247	0.02902621722846442	51.16198501872659	0.03787130522770814	84	COMPLETE
85	0.1104868913857678	2020-04-30 15:38:07.830537	2020-04-30 15:38:52.027509	128	3	512	0.9975147657837607	0.0014044943820224719	0.1104868913857678	0.032303370786516857	0.062265917602996254	48.07888576779026	0.05094274610410622	0.06179775280898876	0.13717228464419476	0.06647940074906367	0.08146067415730338	46.028558052434455	0.09637117034593008	759494781	150	0.0014044943820224719	0.09129213483146068	0.009363295880149813	0.035580524344569285	50.12921348314607	0.040814659330999016	85	COMPLETE
86	0.10205992509363296	2020-04-30 15:38:52.055462	2020-04-30 15:41:56.337428	128	21	256	1.0183180741519293	0.0	0.10205992509363296	0.026685393258426966	0.05664794007490637	49.17649812734082	0.04738071339103425	0.054307116104868915	0.12219101123595505	0.060861423220973786	0.07631086142322098	47.25140449438202	0.08891565600820817	3750858750	200	0.0	0.08426966292134831	0.00749063670411985	0.0299625468164794	51.10159176029963	0.03819245644750651	86	COMPLETE
87	0.09737827715355805	2020-04-30 15:41:56.364769	2020-04-30 16:16:42.013749	256	97	512	1.0007151722792913	0.0	0.09737827715355805	0.02294007490636704	0.056179775280898875	48.313436329588015	0.046776400618534296	0.05337078651685393	0.1254681647940075	0.05898876404494382	0.06975655430711611	45.940074906367045	0.08819838353249464	2057913015	150	0.0	0.07911985018726592	0.009363295880149813	0.025749063670411985	50.686797752808985	0.03739502009439019	87	COMPLETE
88	0.10674157303370786	2020-04-30 16:16:42.054994	2020-04-30 16:19:04.697107	64	53	256	0.9853857369903364	0.0018726591760299626	0.10674157303370786	0.025749063670411985	0.05337078651685393	47.539794007490634	0.04912876750219406	0.03838951310861423	0.125	0.04868913857677903	0.06554307116104868	46.12734082397004	0.07633305070598383	4110229607	200	0.0018726591760299626	0.09784644194756555	0.01451310861423221	0.03464419475655431	48.95224719101124	0.04222305260813891	88	COMPLETE
89	0.10205992509363296	2020-04-30 16:19:04.718562	2020-04-30 16:28:41.345853	256	28	256	1.0010945822168071	0.00046816479400749064	0.10205992509363296	0.03277153558052434	0.062265917602996254	48.33286516853933	0.049717503429143904	0.06132958801498127	0.13155430711610486	0.06601123595505617	0.07865168539325842	45.88295880149813	0.09605393556774566	1093753326	150	0.00046816479400749064	0.08146067415730338	0.008426966292134831	0.03417602996254682	50.78277153558052	0.03895717326823646	89	COMPLETE
90	0.09363295880149813	2020-04-30 16:28:41.368001	2020-04-30 16:30:25.705017	128	22	512	1.0050376726991117	0.0	0.09363295880149813	0.019662921348314606	0.04260299625468165	48.48876404494382	0.044722068849024625	0.03932584269662921	0.12078651685393259	0.04400749063670412	0.05945692883895131	46.49204119850187	0.07570139578235983	45382329	150	0.0	0.07350187265917603	0.008895131086142321	0.023876404494382022	50.48548689138577	0.037036211476495114	90	COMPLETE
91	0.09597378277153558	2020-04-30 16:30:25.732227	2020-04-30 16:43:58.803155	128	62	512	1.0010445151715244	0.00046816479400749064	0.09597378277153558	0.028089887640449437	0.050093632958801496	48.34410112359551	0.04700760444043668	0.0449438202247191	0.12312734082397003	0.05056179775280899	0.06554307116104868	46.43586142322097	0.080644505026151	3160682465	350	0.00046816479400749064	0.07865168539325842	0.010767790262172285	0.03136704119850187	50.25234082397004	0.03880803185769621	91	COMPLETE
92	0.10486891385767791	2020-04-30 16:43:58.825319	2020-04-30 16:47:55.906289	64	73	128	1.008177854315193	0.00046816479400749064	0.10486891385767791	0.024344569288389514	0.0552434456928839	48.64138576779026	0.048173624299331454	0.03417602996254682	0.12265917602996254	0.04447565543071161	0.0749063670411985	47.27996254681648	0.07385506087879123	3104345852	200	0.00046816479400749064	0.09269662921348315	0.013108614232209739	0.0351123595505618	50.002808988764045	0.04144944059989503	92	COMPLETE
93	0.0950374531835206	2020-04-30 16:47:55.947209	2020-04-30 18:18:10.396850	256	93	512	1.0089546947780133	0.0	0.0950374531835206	0.019662921348314606	0.04681647940074907	48.67673220973783	0.04471594406061689	0.052434456928838954	0.12265917602996254	0.0552434456928839	0.07350187265917603	46.243445692883896	0.0868696834873642	796083969	350	0.0	0.07397003745318352	0.006554307116104869	0.020131086142322098	51.11001872659176	0.035582994929526324	93	COMPLETE
94	0.0997191011235955	2020-04-30 18:18:10.424434	2020-04-30 18:28:43.158937	128	43	512	0.997472907294439	0.0009363295880149813	0.0997191011235955	0.0299625468164794	0.05945692883895131	48.1748595505618	0.049735758647647975	0.05383895131086142	0.12312734082397003	0.060393258426966294	0.07584269662921349	46.232209737827716	0.08905372683160918	3932801804	350	0.0009363295880149813	0.08848314606741572	0.012640449438202247	0.0351123595505618	50.11750936329588	0.04043397934949484	94	COMPLETE
95	0.10674157303370786	2020-04-30 18:28:43.208236	2020-04-30 18:31:26.465588	64	35	256	1.0091606852901953	0.0018726591760299626	0.10674157303370786	0.03417602996254682	0.05758426966292135	48.763342696629216	0.05116438228630643	0.04353932584269663	0.12219101123595505	0.05102996254681648	0.06647940074906367	47.37078651685393	0.07984274627533351	2506245016	250	0.0018726591760299626	0.09082397003745318	0.019194756554307114	0.041666666666666664	50.15589887640449	0.04361168358821483	95	COMPLETE
96	0.11142322097378277	2020-04-30 18:31:26.487414	2020-04-30 18:35:34.417566	64	80	256	0.9918338489380389	0.0028089887640449437	0.11142322097378277	0.03604868913857678	0.06460674157303371	47.9002808988764	0.053366344234494385	0.052434456928838954	0.12968164794007492	0.060861423220973786	0.07865168539325842	46.50327715355805	0.08875026342138849	1017178354	250	0.0028089887640449437	0.09831460674157304	0.017790262172284643	0.04400749063670412	49.297284644194754	0.04458868517215252	96	COMPLETE
97	0.09878277153558053	2020-04-30 18:35:34.444532	2020-04-30 18:36:29.008383	128	6	512	1.006088711285601	0.00046816479400749064	0.09878277153558053	0.024812734082397005	0.05056179775280899	48.60252808988764	0.04753183282539673	0.04681647940074907	0.11844569288389513	0.05149812734082397	0.06835205992509363	46.56554307116105	0.08203535189188302	1206426941	150	0.00046816479400749064	0.08286516853932584	0.011235955056179775	0.02762172284644195	50.63951310861423	0.038984562236565816	97	COMPLETE
98	0.10580524344569288	2020-04-30 18:36:29.030650	2020-04-30 18:58:13.820567	256	41	256	1.005393115725117	0.0	0.10580524344569288	0.02200374531835206	0.05571161048689138	48.526685393258425	0.04632935560433639	0.05056179775280899	0.13623595505617977	0.05571161048689138	0.07724719101123595	46.11142322097378	0.08699073801623874	3559413594	200	0.0	0.08239700374531835	0.005149812734082397	0.026685393258426966	50.941947565543074	0.03704985987852956	98	COMPLETE
99	0.0950374531835206	2020-04-30 18:58:13.844358	2020-04-30 19:34:00.641843	256	100	256	1.0029807954299357	0.0	0.0950374531835206	0.021067415730337078	0.05383895131086142	48.38600187265918	0.04622759185096606	0.054775280898876406	0.11938202247191011	0.05898876404494382	0.07303370786516854	45.94475655430712	0.08952457435552447	3836486807	150	0.0	0.07818352059925093	0.006554307116104869	0.025749063670411985	50.82724719101124	0.03678547427002084	99	COMPLETE
