number	value	datetime_start	datetime_complete	params_model.embedding_dim	params_model.relation_dim	params_negative_sampler.num_negs_per_pos	params_optimizer.lr	params_training.batch_size	user_attrs_avg.adjusted_mean_rank	user_attrs_avg.hits_at_1	user_attrs_avg.hits_at_10	user_attrs_avg.hits_at_3	user_attrs_avg.hits_at_5	user_attrs_avg.mean_rank	user_attrs_avg.mean_reciprocal_rank	user_attrs_best.hits_at_1	user_attrs_best.hits_at_10	user_attrs_best.hits_at_3	user_attrs_best.hits_at_5	user_attrs_best.mean_rank	user_attrs_best.mean_reciprocal_rank	user_attrs_random_seed	user_attrs_stopped_epoch	user_attrs_worst.hits_at_1	user_attrs_worst.hits_at_10	user_attrs_worst.hits_at_3	user_attrs_worst.hits_at_5	user_attrs_worst.mean_rank	user_attrs_worst.mean_reciprocal_rank	system_attrs__number	state
0	0.08754681647940075	2020-03-12 19:29:52.105214	2020-03-12 19:33:50.174883	64	128	64	0.02025034382782626	128	1.0181101530908925	0.0	0.08754681647940075	0.02247191011235955	0.04073033707865169	49.198970037453186	0.043364940758746535	0.0	0.08754681647940075	0.02247191011235955	0.04073033707865169	49.198970037453186	0.043364940758746535	537330757	150	0.0	0.08754681647940075	0.02247191011235955	0.04073033707865169	49.198970037453186	0.043364940758746535	0	COMPLETE
1	0.06601123595505617	2020-03-12 19:33:50.192995	2020-03-12 19:38:31.190825	128	256	73	0.04272721263642955	128	1.070628380906953	0.0	0.06601123595505617	0.012172284644194757	0.028089887640449437	51.668539325842694	0.036915166525542366	0.0	0.06601123595505617	0.012172284644194757	0.028089887640449437	51.668539325842694	0.036915166525542366	40568668	150	0.0	0.06601123595505617	0.012172284644194757	0.028089887640449437	51.668539325842694	0.036915166525542366	1	COMPLETE
2	0.0997191011235955	2020-03-12 19:38:31.202208	2020-03-12 19:40:04.200300	128	128	73	0.06627756684684352	512	1.009942665628126	0.0	0.0997191011235955	0.019194756554307114	0.04400749063670412	48.72003745318352	0.04446348222461803	0.0	0.0997191011235955	0.019194756554307114	0.04400749063670412	48.72003745318352	0.04446348222461803	3708836762	150	0.0	0.0997191011235955	0.019194756554307114	0.04400749063670412	48.72003745318352	0.04446348222461803	2	COMPLETE
3	0.09691011235955056	2020-03-12 19:40:04.216696	2020-03-12 19:47:40.711485	128	64	84	0.006700524829169224	256	1.006816781621273	0.0	0.09691011235955056	0.021067415730337078	0.04307116104868914	48.55337078651685	0.044065493842294835	0.0	0.09691011235955056	0.021067415730337078	0.04307116104868914	48.55337078651685	0.044065493842294835	3589379020	400	0.0	0.09691011235955056	0.021067415730337078	0.04307116104868914	48.55337078651685	0.044065493842294835	3	COMPLETE
4	0.09737827715355805	2020-03-12 19:47:40.723909	2020-03-12 19:48:51.292139	64	64	14	0.003788980229143712	512	1.00480764591892	0.0	0.09737827715355805	0.020599250936329586	0.048220973782771535	48.5313670411985	0.04442382377398255	0.0	0.09737827715355805	0.020599250936329586	0.048220973782771535	48.5313670411985	0.04442382377398255	1572521940	150	0.0	0.09737827715355805	0.020599250936329586	0.048220973782771535	48.5313670411985	0.04442382377398255	4	COMPLETE
5	0.08567415730337079	2020-03-12 19:48:51.304280	2020-03-12 19:52:36.479518	64	64	53	0.002713227667838683	128	1.0060190220698295	0.0	0.08567415730337079	0.019194756554307114	0.03604868913857678	48.57677902621723	0.0428896060626354	0.0	0.08567415730337079	0.019194756554307114	0.03604868913857678	48.57677902621723	0.0428896060626354	3044211944	150	0.0	0.08567415730337079	0.019194756554307114	0.03604868913857678	48.57677902621723	0.0428896060626354	5	COMPLETE
6	0.11376404494382023	2020-03-12 19:52:36.491921	2020-03-12 20:05:13.426424	256	256	13	0.03279373275875375	128	0.8911308463076862	0.0	0.11376404494382023	0.02200374531835206	0.050093632958801496	42.926029962546814	0.05100743731969259	0.0	0.11376404494382023	0.02200374531835206	0.050093632958801496	42.926029962546814	0.05100743731969259	4149141515	400	0.0	0.11376404494382023	0.02200374531835206	0.050093632958801496	42.926029962546814	0.05100743731969259	6	COMPLETE
7	0.09129213483146068	2020-03-12 20:05:13.441698	2020-03-12 20:07:14.079989	256	128	66	0.02415451587148743	512	1.0238733616402924	0.0	0.09129213483146068	0.02294007490636704	0.040262172284644196	49.36142322097378	0.043502026208404224	0.0	0.09129213483146068	0.02294007490636704	0.040262172284644196	49.36142322097378	0.043502026208404224	519436845	200	0.0	0.09129213483146068	0.02294007490636704	0.040262172284644196	49.36142322097378	0.043502026208404224	7	COMPLETE
8	0.09644194756554307	2020-03-12 20:07:14.092810	2020-03-12 20:08:24.118567	256	64	59	0.0054914954788578595	512	1.0193153509071398	0.0	0.09644194756554307	0.016853932584269662	0.039794007490636704	49.21301498127341	0.042894381696776784	0.0	0.09644194756554307	0.016853932584269662	0.039794007490636704	49.21301498127341	0.042894381696776784	452238475	150	0.0	0.09644194756554307	0.016853932584269662	0.039794007490636704	49.21301498127341	0.042894381696776784	8	COMPLETE
9	0.08848314606741572	2020-03-12 20:08:24.128589	2020-03-12 20:09:33.800813	64	128	63	0.04445304606847771	512	1.0182589184569564	0.0	0.08848314606741572	0.019662921348314606	0.042134831460674156	49.135299625468164	0.042545026536178754	0.0	0.08848314606741572	0.019662921348314606	0.042134831460674156	49.135299625468164	0.042545026536178754	2115776080	150	0.0	0.08848314606741572	0.019662921348314606	0.042134831460674156	49.135299625468164	0.042545026536178754	9	COMPLETE
10	0.0945692883895131	2020-03-12 20:09:33.812016	2020-03-12 20:13:41.271254	256	256	74	0.006778652290017902	128	1.0177487214148213	0.0	0.0945692883895131	0.02200374531835206	0.04260299625468165	49.0999531835206	0.04362833522183463	0.0	0.0945692883895131	0.02200374531835206	0.04260299625468165	49.0997191011236	0.04362857493755097	2917559280	150	0.0	0.0945692883895131	0.02200374531835206	0.04260299625468165	49.100187265917604	0.04362810299723443	10	COMPLETE
11	0.09269662921348315	2020-03-12 20:13:41.283348	2020-03-12 20:15:13.785948	256	128	94	0.06980494892584664	512	1.013811148132794	0.0	0.09269662921348315	0.017790262172284643	0.03745318352059925	48.941947565543074	0.04293603666671022	0.0	0.09269662921348315	0.017790262172284643	0.03745318352059925	48.941947565543074	0.04293603666671022	760760651	150	0.0	0.09269662921348315	0.017790262172284643	0.03745318352059925	48.941947565543074	0.04293603666671022	11	COMPLETE
12	0.09597378277153558	2020-03-12 20:15:13.795953	2020-03-12 20:22:37.701432	64	256	72	0.008277278664102163	128	1.0161465301338848	0.0	0.09597378277153558	0.024344569288389514	0.0449438202247191	49.05898876404494	0.04455644280503799	0.0	0.09597378277153558	0.024344569288389514	0.0449438202247191	49.05898876404494	0.04455644280503799	2316664860	250	0.0	0.09597378277153558	0.024344569288389514	0.0449438202247191	49.05898876404494	0.04455644280503799	12	COMPLETE
13	0.0898876404494382	2020-03-12 20:22:37.713595	2020-03-12 20:24:32.914379	128	256	8	0.01865301836916234	256	1.0182813226754606	0.0	0.0898876404494382	0.020131086142322098	0.03698501872659176	49.13857677902622	0.04242957564063348	0.0	0.0898876404494382	0.020131086142322098	0.03698501872659176	49.13857677902622	0.04242957564063348	4044156740	150	0.0	0.0898876404494382	0.020131086142322098	0.03698501872659176	49.13857677902622	0.04242957564063348	13	COMPLETE
14	0.07677902621722846	2020-03-12 20:24:32.925383	2020-03-12 20:28:42.453250	128	128	95	0.048204301603219576	128	1.062588554376227	0.0	0.07677902621722846	0.016853932584269662	0.0351123595505618	51.25983146067416	0.039015762334435135	0.0	0.07677902621722846	0.016853932584269662	0.0351123595505618	51.25983146067416	0.039015762334435135	212893767	150	0.0	0.07677902621722846	0.016853932584269662	0.0351123595505618	51.25983146067416	0.039015762334435135	14	COMPLETE
15	0.08239700374531835	2020-03-12 20:28:42.465299	2020-03-12 20:36:35.545394	256	64	56	0.003767586645272372	128	1.0236487583368876	0.0	0.08239700374531835	0.02153558052434457	0.039794007490636704	49.33052434456929	0.04217254366971596	0.0	0.08239700374531835	0.02153558052434457	0.039794007490636704	49.33052434456929	0.04217254366971596	1934136989	250	0.0	0.08239700374531835	0.02153558052434457	0.039794007490636704	49.33052434456929	0.04217254366971596	15	COMPLETE
16	0.09410112359550561	2020-03-12 20:36:35.556228	2020-03-12 20:40:37.258446	256	128	13	0.036643405165799184	256	1.0386522143297874	0.0	0.09410112359550561	0.015917602996254682	0.0351123595505618	50.041666666666664	0.04124577401637893	0.0	0.09410112359550561	0.015917602996254682	0.0351123595505618	50.041666666666664	0.04124577401637893	1987853435	250	0.0	0.09410112359550561	0.015917602996254682	0.0351123595505618	50.041666666666664	0.04124577401637893	16	COMPLETE
17	0.09035580524344569	2020-03-12 20:40:37.270549	2020-03-12 20:42:51.705850	128	256	83	0.0026223100793893272	256	1.019624693509303	0.0	0.09035580524344569	0.017790262172284643	0.03885767790262172	49.18539325842696	0.04263095438121623	0.0	0.09035580524344569	0.017790262172284643	0.03885767790262172	49.18539325842696	0.04263095438121623	838261941	150	0.0	0.09035580524344569	0.017790262172284643	0.03885767790262172	49.18539325842696	0.04263095438121623	17	COMPLETE
18	0.09363295880149813	2020-03-12 20:42:51.716853	2020-03-12 20:46:31.598014	64	64	78	0.0022728217202627123	128	1.0021675758112627	0.0	0.09363295880149813	0.02200374531835206	0.042134831460674156	48.301029962546814	0.044528683161912636	0.0	0.09363295880149813	0.02200374531835206	0.042134831460674156	48.301029962546814	0.044528683161912636	551429550	150	0.0	0.09363295880149813	0.02200374531835206	0.042134831460674156	48.301029962546814	0.044528683161912636	18	COMPLETE
19	0.08707865168539326	2020-03-12 20:46:31.608484	2020-03-12 20:50:21.467475	64	256	79	0.02759634152300011	128	1.035378327584487	0.0	0.08707865168539326	0.01544943820224719	0.0351123595505618	50.00983146067416	0.04037749822150346	0.0	0.08707865168539326	0.01544943820224719	0.0351123595505618	50.00983146067416	0.04037749822150346	2298250370	150	0.0	0.08707865168539326	0.01544943820224719	0.0351123595505618	50.00983146067416	0.04037749822150346	19	COMPLETE
20	0.13670411985018727	2020-03-12 20:50:21.477779	2020-03-12 21:04:31.855434	256	128	3	0.011183223497114965	256	0.8317608956259777	0.0018726591760299626	0.13670411985018727	0.03651685393258427	0.06694756554307116	40.06226591760299	0.05934608730658599	0.0018726591760299626	0.13670411985018727	0.03651685393258427	0.06694756554307116	40.06226591760299	0.05934608730658599	106994413	850	0.0018726591760299626	0.13670411985018727	0.03651685393258427	0.06694756554307116	40.06226591760299	0.05934608730658599	20	COMPLETE
21	0.09831460674157304	2020-03-12 21:04:31.873808	2020-03-12 21:08:00.320479	256	256	57	0.007598614919284469	256	0.9927660757013028	0.0	0.09831460674157304	0.02294007490636704	0.04400749063670412	47.93024344569288	0.04482545992076347	0.0	0.09831460674157304	0.02294007490636704	0.04400749063670412	47.93024344569288	0.04482545992076347	1118075431	200	0.0	0.09831460674157304	0.02294007490636704	0.04400749063670412	47.93024344569288	0.04482545992076347	21	COMPLETE
22	0.09644194756554307	2020-03-12 21:08:00.331367	2020-03-12 21:09:13.431218	128	64	11	0.013002964283518213	512	1.0147733312825697	0.0	0.09644194756554307	0.021067415730337078	0.04400749063670412	49.02949438202247	0.04389599508232245	0.0	0.09644194756554307	0.021067415730337078	0.04400749063670412	49.02949438202247	0.04389599508232245	2223511347	150	0.0	0.09644194756554307	0.021067415730337078	0.04400749063670412	49.02949438202247	0.04389599508232245	22	COMPLETE
23	0.09082397003745318	2020-03-12 21:09:13.442874	2020-03-12 21:17:10.844433	64	64	20	0.017482638432366793	128	1.0158239865120962	0.0	0.09082397003745318	0.020131086142322098	0.04353932584269663	48.99438202247191	0.043278523510075335	0.0	0.09082397003745318	0.020131086142322098	0.04353932584269663	48.99438202247191	0.043278523510075335	1483344128	250	0.0	0.09082397003745318	0.020131086142322098	0.04353932584269663	48.99438202247191	0.043278523510075335	23	COMPLETE
24	0.09550561797752809	2020-03-12 21:17:10.857339	2020-03-12 21:20:50.030917	128	128	25	0.025437842822579528	128	1.0185350917823863	0.0	0.09550561797752809	0.021067415730337078	0.041666666666666664	49.11516853932584	0.04366828492340192	0.0	0.09550561797752809	0.021067415730337078	0.041666666666666664	49.11516853932584	0.04366828492340192	2027375662	150	0.0	0.09550561797752809	0.021067415730337078	0.041666666666666664	49.11516853932584	0.04366828492340192	24	COMPLETE
25	0.08707865168539326	2020-03-12 21:20:50.042889	2020-03-12 21:22:46.581824	64	64	89	0.05703345032168998	256	1.0315448735275548	0.0	0.08707865168539326	0.018726591760299626	0.04119850187265917	49.81132958801498	0.0423877318925548	0.0	0.08707865168539326	0.018726591760299626	0.04119850187265917	49.81132958801498	0.0423877318925548	3063992761	150	0.0	0.08707865168539326	0.018726591760299626	0.04119850187265917	49.81132958801498	0.0423877318925548	25	COMPLETE
26	0.0852059925093633	2020-03-12 21:22:46.592678	2020-03-12 21:25:50.600383	256	256	41	0.024366454146184047	256	1.0386297287095045	0.0	0.0852059925093633	0.01544943820224719	0.03464419475655431	50.13670411985019	0.04030983449094226	0.0	0.0852059925093633	0.01544943820224719	0.03464419475655431	50.13670411985019	0.04030983449094226	116913973	200	0.0	0.0852059925093633	0.01544943820224719	0.03464419475655431	50.13670411985019	0.04030983449094226	26	COMPLETE
27	0.10112359550561797	2020-03-12 21:25:50.612676	2020-03-12 21:26:55.421950	64	64	65	0.0010401907048569947	512	1.011740921192527	0.0	0.10112359550561797	0.020599250936329586	0.04119850187265917	48.795411985018724	0.043754607776392083	0.0	0.10112359550561797	0.020599250936329586	0.04119850187265917	48.795411985018724	0.043754607776392083	122057285	150	0.0	0.10112359550561797	0.020599250936329586	0.04119850187265917	48.795411985018724	0.043754607776392083	27	COMPLETE
28	0.08661048689138577	2020-03-12 21:26:55.433240	2020-03-12 21:28:15.434433	256	64	98	0.05840882681025608	512	1.0256327736010071	0.0	0.08661048689138577	0.02153558052434457	0.040262172284644196	49.49250936329588	0.04296103646017639	0.0	0.08661048689138577	0.02153558052434457	0.040262172284644196	49.49250936329588	0.04296103646017639	4187243245	150	0.0	0.08661048689138577	0.02153558052434457	0.040262172284644196	49.49250936329588	0.04296103646017639	28	COMPLETE
29	0.08801498127340825	2020-03-12 21:28:15.445831	2020-03-12 21:32:01.221314	256	64	87	0.0021800396317822094	128	1.0157385334382985	0.0	0.08801498127340825	0.02200374531835206	0.04353932584269663	49.06413857677903	0.04372973705670867	0.0	0.08801498127340825	0.02200374531835206	0.04353932584269663	49.06413857677903	0.04372973705670867	903075344	150	0.0	0.08801498127340825	0.02200374531835206	0.04353932584269663	49.06413857677903	0.04372973705670867	29	COMPLETE
30	0.10065543071161048	2020-03-12 21:32:01.234027	2020-03-12 21:33:58.960116	256	64	16	0.007930940974898321	256	1.0252084364811105	0.0	0.10065543071161048	0.02247191011235955	0.04541198501872659	49.49625468164794	0.044315129008398624	0.0	0.10065543071161048	0.02247191011235955	0.04541198501872659	49.49625468164794	0.044315129008398624	1358068708	150	0.0	0.10065543071161048	0.02247191011235955	0.04541198501872659	49.49625468164794	0.044315129008398624	30	COMPLETE
31	0.09129213483146068	2020-03-12 21:33:58.972799	2020-03-12 21:36:52.458691	64	64	44	0.025074891713494855	256	1.0040127432953971	0.0	0.09129213483146068	0.020131086142322098	0.04447565543071161	48.510299625468164	0.043785852801672874	0.0	0.09129213483146068	0.020131086142322098	0.04447565543071161	48.510299625468164	0.043785852801672874	1366927386	200	0.0	0.09129213483146068	0.020131086142322098	0.04447565543071161	48.510299625468164	0.043785852801672874	31	COMPLETE
32	0.10252808988764045	2020-03-12 21:36:52.470848	2020-03-12 21:38:22.607509	128	256	69	0.001754591306130275	512	0.986068170376415	0.0	0.10252808988764045	0.024344569288389514	0.04915730337078652	47.59597378277154	0.0462752001395727	0.0	0.10252808988764045	0.024344569288389514	0.04915730337078652	47.59597378277154	0.0462752001395727	1483711581	150	0.0	0.10252808988764045	0.024344569288389514	0.04915730337078652	47.59597378277154	0.0462752001395727	32	COMPLETE
33	0.08801498127340825	2020-03-12 21:38:22.617475	2020-03-12 21:42:04.203532	128	256	61	0.0019962906550709705	128	1.008125755015049	0.0	0.08801498127340825	0.020131086142322098	0.03838951310861423	48.616573033707866	0.042674943199866304	0.0	0.08801498127340825	0.020131086142322098	0.03838951310861423	48.616573033707866	0.042674943199866304	83510217	150	0.0	0.08801498127340825	0.020131086142322098	0.03838951310861423	48.616573033707866	0.042674943199866304	33	COMPLETE
34	0.07724719101123595	2020-03-12 21:42:04.215840	2020-03-12 21:45:46.358338	128	64	77	0.05849033830433673	128	1.073961806767847	0.0	0.07724719101123595	0.014044943820224719	0.03277153558052434	51.826310861423224	0.03803470528686007	0.0	0.07724719101123595	0.014044943820224719	0.03277153558052434	51.826310861423224	0.03803470528686007	2904223046	150	0.0	0.07724719101123595	0.014044943820224719	0.03277153558052434	51.826310861423224	0.03803470528686007	34	COMPLETE
35	0.09363295880149813	2020-03-12 21:45:46.368622	2020-03-12 21:47:54.876740	128	256	67	0.01148870703683467	256	1.0000105257065834	0.0	0.09363295880149813	0.025749063670411985	0.04400749063670412	48.225187265917604	0.04547367465698572	0.0	0.09363295880149813	0.025749063670411985	0.04400749063670412	48.225187265917604	0.04547367465698572	1743467556	150	0.0	0.09363295880149813	0.025749063670411985	0.04400749063670412	48.225187265917604	0.04547367465698572	35	COMPLETE
36	0.10299625468164794	2020-03-12 21:47:54.888495	2020-03-12 21:49:05.937925	64	64	73	0.0026618220516838255	512	0.9834583893885718	0.0	0.10299625468164794	0.02200374531835206	0.04400749063670412	47.45973782771536	0.045434716138280935	0.0	0.10299625468164794	0.02200374531835206	0.04400749063670412	47.45973782771536	0.045434716138280935	3881110324	150	0.0	0.10299625468164794	0.02200374531835206	0.04400749063670412	47.45973782771536	0.045434716138280935	36	COMPLETE
37	0.08146067415730338	2020-03-12 21:49:05.948692	2020-03-12 21:52:11.249833	256	64	48	0.019284909449176164	256	1.0325981408029739	0.0	0.08146067415730338	0.013576779026217229	0.031835205992509365	49.78089887640449	0.039646270648257195	0.0	0.08146067415730338	0.013576779026217229	0.031835205992509365	49.78089887640449	0.039646270648257195	2015634466	200	0.0	0.08146067415730338	0.013576779026217229	0.031835205992509365	49.78089887640449	0.039646270648257195	37	COMPLETE
38	0.09129213483146068	2020-03-12 21:52:11.262108	2020-03-12 21:55:54.380556	64	64	50	0.041571995854456596	128	1.0193359691646187	0.0	0.09129213483146068	0.02247191011235955	0.046348314606741575	49.15308988764045	0.044094097627945944	0.0	0.09129213483146068	0.02247191011235955	0.046348314606741575	49.15308988764045	0.044094097627945944	2162320916	150	0.0	0.09129213483146068	0.02247191011235955	0.046348314606741575	49.15308988764045	0.044094097627945944	38	COMPLETE
39	0.08333333333333333	2020-03-12 21:55:54.392589	2020-03-12 21:57:58.605316	256	64	88	0.019969116726976193	256	1.0218999171769072	0.0	0.08333333333333333	0.016853932584269662	0.03698501872659176	49.30524344569288	0.041387086176068656	0.0	0.08333333333333333	0.016853932584269662	0.03698501872659176	49.30524344569288	0.041387086176068656	2237361450	150	0.0	0.08333333333333333	0.016853932584269662	0.03698501872659176	49.30524344569288	0.041387086176068656	39	COMPLETE
40	0.09316479400749064	2020-03-12 21:57:58.617538	2020-03-12 21:59:25.231271	128	128	78	0.003280655259338858	512	1.0339400258703568	0.0	0.09316479400749064	0.0149812734082397	0.032303370786516857	49.89536516853933	0.04102041555892827	0.0	0.09363295880149813	0.0149812734082397	0.032303370786516857	49.89513108614232	0.04102264491509021	660760870	150	0.0	0.09316479400749064	0.0149812734082397	0.032303370786516857	49.89559925093633	0.04101838887150832	40	COMPLETE
41	0.0898876404494382	2020-03-12 21:59:25.242650	2020-03-12 22:01:56.589043	64	256	96	0.013560896616220224	256	0.998481795233622	0.0	0.0898876404494382	0.02200374531835206	0.04307116104868914	48.09737827715356	0.04313952886931455	0.0	0.0898876404494382	0.02200374531835206	0.04307116104868914	48.09737827715356	0.04313952886931455	3967325746	150	0.0	0.0898876404494382	0.02200374531835206	0.04307116104868914	48.09737827715356	0.04313952886931455	41	COMPLETE
42	0.09597378277153558	2020-03-12 22:01:56.601220	2020-03-12 22:05:44.594695	128	256	90	0.0023464394076518668	128	0.9982809386118437	0.0	0.09597378277153558	0.021067415730337078	0.04681647940074907	48.18024344569288	0.045364342951719004	0.0	0.09597378277153558	0.021067415730337078	0.04681647940074907	48.18024344569288	0.045364342951719004	4086566292	150	0.0	0.09597378277153558	0.021067415730337078	0.04681647940074907	48.18024344569288	0.045364342951719004	42	COMPLETE
43	0.0950374531835206	2020-03-12 22:05:44.607358	2020-03-12 22:07:50.018158	64	64	11	0.023135721188042063	256	0.9999587690694892	0.0	0.0950374531835206	0.024812734082397005	0.04307116104868914	48.32116104868914	0.04507833011235847	0.0	0.0950374531835206	0.024812734082397005	0.04307116104868914	48.32116104868914	0.04507833011235847	1536831801	150	0.0	0.0950374531835206	0.024812734082397005	0.04307116104868914	48.32116104868914	0.04507833011235847	43	COMPLETE
44	0.09644194756554307	2020-03-12 22:07:50.028877	2020-03-12 22:09:51.635382	128	128	59	0.005887512183519455	256	1.0037930491223428	0.0	0.09644194756554307	0.02247191011235955	0.04728464419475655	48.44616104868914	0.04457396959658393	0.0	0.09644194756554307	0.02247191011235955	0.04728464419475655	48.44616104868914	0.04457396959658393	3783672591	150	0.0	0.09644194756554307	0.02247191011235955	0.04728464419475655	48.44616104868914	0.04457396959658393	44	COMPLETE
45	0.09878277153558053	2020-03-12 22:09:51.648062	2020-03-12 22:13:33.236891	256	256	58	0.001955855202091889	128	1.0275363145179852	0.0	0.09878277153558053	0.02153558052434457	0.04119850187265917	49.5683520599251	0.043095937658024025	0.0	0.09878277153558053	0.02153558052434457	0.04119850187265917	49.5683520599251	0.043095937658024025	2530545093	150	0.0	0.09878277153558053	0.02153558052434457	0.04119850187265917	49.5683520599251	0.043095937658024025	45	COMPLETE
46	0.09129213483146068	2020-03-12 22:13:33.247449	2020-03-12 22:17:13.876843	64	128	53	0.002542399463343584	128	1.0017701558182748	0.0	0.09129213483146068	0.024812734082397005	0.042134831460674156	48.32865168539326	0.04408681237793252	0.0	0.09129213483146068	0.024812734082397005	0.042134831460674156	48.32865168539326	0.04408681237793252	4030617487	150	0.0	0.09129213483146068	0.024812734082397005	0.042134831460674156	48.32865168539326	0.04408681237793252	46	COMPLETE
47	0.08661048689138577	2020-03-12 22:17:13.889171	2020-03-12 22:20:10.021805	256	64	18	0.017080927575048015	256	1.0339342221279353	0.0	0.08661048689138577	0.018258426966292134	0.03604868913857678	49.86376404494382	0.04170816722505636	0.0	0.08661048689138577	0.018258426966292134	0.03604868913857678	49.86376404494382	0.04170816722505636	1978382575	200	0.0	0.08661048689138577	0.018258426966292134	0.03604868913857678	49.86376404494382	0.04170816722505636	47	COMPLETE
48	0.08146067415730338	2020-03-12 22:20:10.033852	2020-03-12 22:23:57.523599	256	64	49	0.027927997383372972	128	1.0284768593469669	0.0	0.08146067415730338	0.0149812734082397	0.03277153558052434	49.677434456928836	0.03978894332110675	0.0	0.08146067415730338	0.0149812734082397	0.03277153558052434	49.677434456928836	0.03978894332110675	3730643913	150	0.0	0.08146067415730338	0.0149812734082397	0.03277153558052434	49.677434456928836	0.03978894332110675	48	COMPLETE
49	0.09878277153558053	2020-03-12 22:23:57.534817	2020-03-12 22:26:13.144230	128	256	81	0.02303104455181096	256	0.9907060797075123	0.0	0.09878277153558053	0.016853932584269662	0.03838951310861423	47.7626404494382	0.04373162148484843	0.0	0.09878277153558053	0.016853932584269662	0.03838951310861423	47.7626404494382	0.04373162148484843	501695773	150	0.0	0.09878277153558053	0.016853932584269662	0.03838951310861423	47.7626404494382	0.04373162148484843	49	COMPLETE
50	0.08286516853932584	2020-03-12 22:26:13.155276	2020-03-12 22:28:22.702747	256	128	94	0.01727355848742265	256	1.0089862557801275	0.0	0.08286516853932584	0.011235955056179775	0.03277153558052434	48.642790262172284	0.04015496063306618	0.0	0.08286516853932584	0.011235955056179775	0.03277153558052434	48.642790262172284	0.04015496063306618	2176271292	150	0.0	0.08286516853932584	0.011235955056179775	0.03277153558052434	48.642790262172284	0.04015496063306618	50	COMPLETE
51	0.09222846441947566	2020-03-12 22:28:22.713576	2020-03-12 22:30:30.201858	128	128	76	0.003583819029220344	256	1.0070461262669763	0.0	0.09222846441947566	0.015917602996254682	0.03604868913857678	48.67088014981273	0.04205697169394437	0.0	0.09222846441947566	0.015917602996254682	0.03604868913857678	48.67088014981273	0.04205697169394437	3976391850	150	0.0	0.09222846441947566	0.015917602996254682	0.03604868913857678	48.67088014981273	0.04205697169394437	51	COMPLETE
52	0.09691011235955056	2020-03-12 22:30:30.220577	2020-03-12 22:32:16.254009	64	64	2	0.006051622871539286	512	1.013779406833431	0.0	0.09691011235955056	0.026217228464419477	0.04588014981273408	48.921816479400746	0.04525077961571051	0.0	0.09691011235955056	0.026217228464419477	0.04588014981273408	48.921816479400746	0.04525077961571051	3169045382	200	0.0	0.09691011235955056	0.026217228464419477	0.04588014981273408	48.921816479400746	0.04525077961571051	52	COMPLETE
53	0.08567415730337079	2020-03-12 22:32:16.264521	2020-03-12 22:34:28.258949	64	64	67	0.07356275175523555	256	1.022933669027276	0.0	0.08567415730337079	0.013108614232209739	0.032303370786516857	49.325842696629216	0.04051025523714687	0.0	0.08567415730337079	0.013108614232209739	0.032303370786516857	49.325842696629216	0.04051025523714687	2985844266	150	0.0	0.08567415730337079	0.013108614232209739	0.032303370786516857	49.325842696629216	0.04051025523714687	53	COMPLETE
54	0.08661048689138577	2020-03-12 22:34:28.271852	2020-03-12 22:38:15.380717	128	128	20	0.002334297279696601	128	1.034584276566512	0.0	0.08661048689138577	0.01638576779026217	0.03604868913857678	49.844803370786515	0.04087759931281012	0.0	0.08661048689138577	0.01638576779026217	0.03604868913857678	49.844569288389515	0.040877640651864784	4228671037	150	0.0	0.08661048689138577	0.01638576779026217	0.03604868913857678	49.84503745318352	0.0408775585176904	54	COMPLETE
55	0.0950374531835206	2020-03-12 22:38:15.392799	2020-03-12 22:39:41.280069	64	256	70	0.019165390380274268	512	1.0312797281863202	0.0	0.0950374531835206	0.017790262172284643	0.03885767790262172	49.72752808988764	0.04199195962065716	0.0	0.0950374531835206	0.017790262172284643	0.03885767790262172	49.72752808988764	0.04199195962065716	3833922174	150	0.0	0.0950374531835206	0.017790262172284643	0.03885767790262172	49.72752808988764	0.04199195962065716	55	COMPLETE
56	0.09597378277153558	2020-03-12 22:39:41.289905	2020-03-12 22:40:54.885291	256	64	77	0.07237869314436159	512	1.012452290215519	0.0	0.09597378277153558	0.017322097378277154	0.03651685393258427	48.83380149812734	0.04223728693259176	0.0	0.09597378277153558	0.017322097378277154	0.03651685393258427	48.83380149812734	0.04223728693259176	2013718467	150	0.0	0.09597378277153558	0.017322097378277154	0.03651685393258427	48.83380149812734	0.04223728693259176	56	COMPLETE
57	0.09222846441947566	2020-03-12 22:40:54.896584	2020-03-12 22:44:43.013103	256	64	77	0.02317849258898266	128	1.014245612426462	0.0	0.09222846441947566	0.021067415730337078	0.03932584269662921	48.94616104868914	0.04357600848878315	0.0	0.09222846441947566	0.021067415730337078	0.03932584269662921	48.94616104868914	0.04357600848878315	3780959085	150	0.0	0.09222846441947566	0.021067415730337078	0.03932584269662921	48.94616104868914	0.04357600848878315	57	COMPLETE
58	0.09410112359550561	2020-03-12 22:44:43.025384	2020-03-12 22:46:02.191512	128	128	83	0.003038497511978314	512	1.0192212674676089	0.0	0.09410112359550561	0.024344569288389514	0.04400749063670412	49.1935861423221	0.044219759380218555	0.0	0.09410112359550561	0.024344569288389514	0.04400749063670412	49.1933520599251	0.04422131992953191	2150399656	150	0.0	0.09410112359550561	0.024344569288389514	0.04400749063670412	49.193820224719104	0.044218318873160065	58	COMPLETE
59	0.09363295880149813	2020-03-12 22:46:02.203836	2020-03-12 22:49:51.896731	128	64	9	0.0019896852862087908	128	1.0228756588730221	0.0	0.09363295880149813	0.024812734082397005	0.04728464419475655	49.44522471910113	0.04476267891773138	0.0	0.09363295880149813	0.024812734082397005	0.04728464419475655	49.44522471910113	0.04476267891773138	2906554775	150	0.0	0.09363295880149813	0.024812734082397005	0.04728464419475655	49.44522471910113	0.04476267891773138	59	COMPLETE
60	0.09363295880149813	2020-03-12 22:49:51.908942	2020-03-12 22:52:17.091941	128	64	69	0.0345288510870207	512	1.0070700254831952	0.0	0.09363295880149813	0.02153558052434457	0.04353932584269663	48.61142322097378	0.04377547974943171	0.0	0.09363295880149813	0.02153558052434457	0.04353932584269663	48.61142322097378	0.04377547974943171	1371191556	250	0.0	0.09363295880149813	0.02153558052434457	0.04353932584269663	48.61142322097378	0.04377547974943171	60	COMPLETE
61	0.09363295880149813	2020-03-12 22:52:17.104114	2020-03-12 22:53:21.017139	64	64	33	0.018008956695860178	512	1.006792804428589	0.0	0.09363295880149813	0.016853932584269662	0.037921348314606744	48.548689138576776	0.04318956609072553	0.0	0.09363295880149813	0.016853932584269662	0.037921348314606744	48.548689138576776	0.04318956609072553	2397526977	150	0.0	0.09363295880149813	0.016853932584269662	0.037921348314606744	48.548689138576776	0.04318956609072553	61	COMPLETE
62	0.09129213483146068	2020-03-12 22:53:21.029351	2020-03-12 22:54:57.493883	64	256	83	0.007257674568512145	512	1.0135474845449604	0.0	0.09129213483146068	0.016853932584269662	0.03838951310861423	48.918539325842694	0.04229582735157322	0.0	0.09129213483146068	0.016853932584269662	0.03838951310861423	48.918539325842694	0.04229582735157322	3701076441	150	0.0	0.09129213483146068	0.016853932584269662	0.03838951310861423	48.918539325842694	0.04229582735157322	62	COMPLETE
63	0.08661048689138577	2020-03-12 22:54:57.506364	2020-03-12 22:57:08.599751	256	64	65	0.0701245215274484	256	1.0152413004726757	0.0	0.08661048689138577	0.019662921348314606	0.039794007490636704	48.94616104868914	0.04268862784123288	0.0	0.08661048689138577	0.019662921348314606	0.039794007490636704	48.94616104868914	0.04268862784123288	2242959583	150	0.0	0.08661048689138577	0.019662921348314606	0.039794007490636704	48.94616104868914	0.04268862784123288	63	COMPLETE
64	0.09363295880149813	2020-03-12 22:57:08.612346	2020-03-12 22:59:07.116894	64	256	48	0.00812330372110778	256	0.9952383895652291	0.0	0.09363295880149813	0.018726591760299626	0.041666666666666664	48.05571161048689	0.043490785025847745	0.0	0.09363295880149813	0.018726591760299626	0.041666666666666664	48.05571161048689	0.043490785025847745	3182847773	150	0.0	0.09363295880149813	0.018726591760299626	0.041666666666666664	48.05571161048689	0.043490785025847745	64	COMPLETE
65	0.09410112359550561	2020-03-12 22:59:07.129682	2020-03-12 23:00:16.407157	128	128	50	0.0022303314199993824	512	1.0021797025485544	0.0	0.09410112359550561	0.016853932584269662	0.03885767790262172	48.3562734082397	0.04288319425907884	0.0	0.09410112359550561	0.016853932584269662	0.03885767790262172	48.3562734082397	0.04288319425907884	2657388668	150	0.0	0.09410112359550561	0.016853932584269662	0.03885767790262172	48.3562734082397	0.04288319425907884	65	COMPLETE
66	0.10018726591760299	2020-03-12 23:00:16.417741	2020-03-12 23:01:21.097749	128	64	31	0.0011477642440808804	512	0.9976904499588695	0.0	0.10018726591760299	0.0299625468164794	0.046348314606741575	48.17462546816479	0.047329203779166114	0.0	0.10018726591760299	0.0299625468164794	0.046348314606741575	48.17462546816479	0.047329203779166114	3558488502	150	0.0	0.10018726591760299	0.0299625468164794	0.046348314606741575	48.17462546816479	0.047329203779166114	66	COMPLETE
67	0.09784644194756555	2020-03-12 23:01:21.108681	2020-03-12 23:03:19.561933	64	256	50	0.06727210270948349	256	1.0140156219835474	0.0	0.09784644194756555	0.02200374531835206	0.0449438202247191	48.879681647940075	0.04378261917234377	0.0	0.09784644194756555	0.02200374531835206	0.0449438202247191	48.879681647940075	0.04378261917234377	2319059775	150	0.0	0.09784644194756555	0.02200374531835206	0.0449438202247191	48.879681647940075	0.04378261917234377	67	COMPLETE
68	0.10533707865168539	2020-03-12 23:03:19.573706	2020-03-12 23:04:29.435099	64	64	99	0.0039055277694741526	512	0.9952582896561519	0.0	0.10533707865168539	0.02247191011235955	0.04260299625468165	48.02059925093633	0.0452583924908954	0.0	0.10533707865168539	0.02247191011235955	0.04260299625468165	48.02059925093633	0.0452583924908954	1455707479	150	0.0	0.10533707865168539	0.02247191011235955	0.04260299625468165	48.02059925093633	0.0452583924908954	68	COMPLETE
69	0.08801498127340825	2020-03-12 23:04:29.444925	2020-03-12 23:08:11.209265	64	256	66	0.00744323074670505	128	1.0273355897359047	0.0	0.08801498127340825	0.018258426966292134	0.040262172284644196	49.60159176029963	0.04166072192935378	0.0	0.08801498127340825	0.018258426966292134	0.040262172284644196	49.60159176029963	0.04166072192935378	2281438178	150	0.0	0.08801498127340825	0.018258426966292134	0.040262172284644196	49.60159176029963	0.04166072192935378	69	COMPLETE
70	0.07958801498127341	2020-03-12 23:08:11.220851	2020-03-12 23:11:51.578875	64	256	29	0.01650051397381504	128	1.052969445446541	0.0	0.07958801498127341	0.018258426966292134	0.03417602996254682	50.7373595505618	0.04006800098331978	0.0	0.07958801498127341	0.018258426966292134	0.03417602996254682	50.7373595505618	0.04006800098331978	3004628855	150	0.0	0.07958801498127341	0.018258426966292134	0.03417602996254682	50.7373595505618	0.04006800098331978	70	COMPLETE
71	0.09550561797752809	2020-03-12 23:11:51.589563	2020-03-12 23:15:31.429306	128	128	55	0.0015993436493714648	128	1.010089329058437	0.0	0.09550561797752809	0.018258426966292134	0.039794007490636704	48.75	0.043193422885183345	0.0	0.09550561797752809	0.018258426966292134	0.039794007490636704	48.75	0.043193422885183345	3315404325	150	0.0	0.09550561797752809	0.018258426966292134	0.039794007490636704	48.75	0.043193422885183345	71	COMPLETE
72	0.10205992509363296	2020-03-12 23:15:31.439870	2020-03-12 23:18:29.854761	256	128	89	0.04460011178613792	512	1.0072144634711246	0.0	0.10205992509363296	0.024344569288389514	0.04541198501872659	48.577715355805246	0.04524484784195203	0.0	0.10205992509363296	0.024344569288389514	0.04541198501872659	48.577715355805246	0.04524484784195203	3573331497	250	0.0	0.10205992509363296	0.024344569288389514	0.04541198501872659	48.577715355805246	0.04524484784195203	72	COMPLETE
73	0.09878277153558053	2020-03-12 23:18:29.867399	2020-03-12 23:22:24.836174	256	256	90	0.0030232369184139034	128	1.0070695532607927	0.0	0.09878277153558053	0.017790262172284643	0.037921348314606744	48.609082397003746	0.04303252429704114	0.0	0.09878277153558053	0.017790262172284643	0.037921348314606744	48.609082397003746	0.04303252429704114	2252385397	150	0.0	0.09878277153558053	0.017790262172284643	0.037921348314606744	48.609082397003746	0.04303252429704114	73	COMPLETE
74	0.08661048689138577	2020-03-12 23:22:24.848945	2020-03-12 23:26:30.671560	128	128	100	0.012017280565885899	256	1.0254895695945603	0.0	0.08661048689138577	0.02200374531835206	0.03745318352059925	49.50421348314607	0.0422709994888927	0.0	0.08661048689138577	0.02200374531835206	0.03745318352059925	49.50421348314607	0.0422709994888927	2740565085	250	0.0	0.08661048689138577	0.02200374531835206	0.03745318352059925	49.50421348314607	0.0422709994888927	74	COMPLETE
75	0.10018726591760299	2020-03-12 23:26:30.683729	2020-03-12 23:28:27.108014	128	256	37	0.06493154093532713	256	1.0423618974948952	0.0	0.10018726591760299	0.023408239700374533	0.04541198501872659	50.27340823970037	0.04375962925617275	0.0	0.10018726591760299	0.023408239700374533	0.04541198501872659	50.27340823970037	0.04375962925617275	2868284244	150	0.0	0.10018726591760299	0.023408239700374533	0.04541198501872659	50.27340823970037	0.04375962925617275	75	COMPLETE
76	0.08052434456928839	2020-03-12 23:28:27.119208	2020-03-12 23:30:33.795746	128	256	65	0.0581027138090145	256	1.0465508796804852	0.0	0.08052434456928839	0.017322097378277154	0.0351123595505618	50.478932584269664	0.03985803107382058	0.0	0.08052434456928839	0.017322097378277154	0.0351123595505618	50.478932584269664	0.03985803107382058	997754405	150	0.0	0.08052434456928839	0.017322097378277154	0.0351123595505618	50.478932584269664	0.03985803107382058	76	COMPLETE
77	0.09597378277153558	2020-03-12 23:30:33.806357	2020-03-12 23:32:30.437702	64	128	53	0.0022829409683350053	256	1.0206143812290376	0.0	0.09597378277153558	0.018726591760299626	0.04400749063670412	49.23314606741573	0.04327433711242868	0.0	0.09597378277153558	0.018726591760299626	0.04400749063670412	49.23314606741573	0.04327433711242868	129447616	150	0.0	0.09597378277153558	0.018726591760299626	0.04400749063670412	49.23314606741573	0.04327433711242868	77	COMPLETE
78	0.08661048689138577	2020-03-12 23:32:30.450345	2020-03-12 23:34:26.008627	128	64	15	0.002290958188526666	256	1.0171578350714112	0.0	0.08661048689138577	0.021067415730337078	0.03745318352059925	49.12687265917603	0.04244803242424927	0.0	0.08661048689138577	0.021067415730337078	0.03745318352059925	49.12687265917603	0.04244803242424927	3697180308	150	0.0	0.08661048689138577	0.021067415730337078	0.03745318352059925	49.12687265917603	0.04244803242424927	78	COMPLETE
79	0.08754681647940075	2020-03-12 23:34:26.023483	2020-03-12 23:36:22.616565	128	64	22	0.010138005152853865	256	1.0193506171647808	0.0	0.08754681647940075	0.020599250936329586	0.040262172284644196	49.18539325842696	0.043039241649086804	0.0	0.08754681647940075	0.020599250936329586	0.040262172284644196	49.18539325842696	0.043039241649086804	195723201	150	0.0	0.08754681647940075	0.020599250936329586	0.040262172284644196	49.18539325842696	0.043039241649086804	79	COMPLETE
80	0.08941947565543071	2020-03-12 23:36:22.630891	2020-03-12 23:38:21.275318	128	256	44	0.03872495035396536	256	1.013845763692444	0.0	0.08941947565543071	0.023408239700374533	0.039794007490636704	48.9063670411985	0.043433785723243065	0.0	0.08941947565543071	0.023408239700374533	0.039794007490636704	48.9063670411985	0.043433785723243065	3174360311	150	0.0	0.08941947565543071	0.023408239700374533	0.039794007490636704	48.9063670411985	0.043433785723243065	80	COMPLETE
81	0.09644194756554307	2020-03-12 23:38:21.285704	2020-03-12 23:39:27.645762	256	64	34	0.003204806752824517	512	1.0098671985490157	0.0	0.09644194756554307	0.019194756554307114	0.03604868913857678	48.681179775280896	0.043271084747528776	0.0	0.09644194756554307	0.019194756554307114	0.03604868913857678	48.681179775280896	0.043271084747528776	911330295	150	0.0	0.09644194756554307	0.019194756554307114	0.03604868913857678	48.681179775280896	0.043271084747528776	81	COMPLETE
82	0.08099250936329588	2020-03-12 23:39:27.656998	2020-03-12 23:40:38.843866	128	256	36	0.03376008496666364	512	1.0149233267391415	0.0	0.08099250936329588	0.019662921348314606	0.039794007490636704	48.9941479400749	0.042358852659132425	0.0	0.08099250936329588	0.019662921348314606	0.039794007490636704	48.9939138576779	0.04235985946514105	1199304205	150	0.0	0.08099250936329588	0.019662921348314606	0.039794007490636704	48.99438202247191	0.04235790877849935	82	COMPLETE
83	0.0945692883895131	2020-03-12 23:40:38.855960	2020-03-12 23:42:39.037545	128	128	75	0.008495844154049826	256	1.0227067273664758	0.0	0.0945692883895131	0.020131086142322098	0.03932584269662921	49.38483146067416	0.043135988960185744	0.0	0.0945692883895131	0.020131086142322098	0.03932584269662921	49.38483146067416	0.043135988960185744	1169341153	150	0.0	0.0945692883895131	0.020131086142322098	0.03932584269662921	49.38483146067416	0.043135988960185744	83	COMPLETE
84	0.10393258426966293	2020-03-12 23:42:39.048062	2020-03-12 23:46:41.866316	256	128	65	0.0015117500816444864	256	0.988952172960221	0.0	0.10393258426966293	0.017790262172284643	0.04119850187265917	47.75234082397004	0.04409200824800798	0.0	0.10393258426966293	0.017790262172284643	0.04119850187265917	47.75234082397004	0.04409200824800798	1263168301	250	0.0	0.10393258426966293	0.017790262172284643	0.04119850187265917	47.75234082397004	0.04409200824800798	84	COMPLETE
85	0.09316479400749064	2020-03-12 23:46:41.879290	2020-03-12 23:48:19.537566	128	64	53	0.032189723885625604	512	1.0231340649705172	0.0	0.09316479400749064	0.019662921348314606	0.03885767790262172	49.4063670411985	0.04298186345604477	0.0	0.09316479400749064	0.019662921348314606	0.03885767790262172	49.4063670411985	0.04298186345604477	109110772	200	0.0	0.09316479400749064	0.019662921348314606	0.03885767790262172	49.4063670411985	0.04298186345604477	85	COMPLETE
86	0.08099250936329588	2020-03-12 23:48:19.550410	2020-03-12 23:49:36.872328	64	256	54	0.0031085886808079103	512	1.0278459371029214	0.0	0.08099250936329588	0.017790262172284643	0.033707865168539325	49.58988764044944	0.040550042000619034	0.0	0.08099250936329588	0.017790262172284643	0.033707865168539325	49.58988764044944	0.040550042000619034	3946993978	150	0.0	0.08099250936329588	0.017790262172284643	0.033707865168539325	49.58988764044944	0.040550042000619034	86	COMPLETE
87	0.09035580524344569	2020-03-12 23:49:36.884502	2020-03-12 23:55:10.037779	256	128	61	0.010426692333414884	128	1.0341129054224698	0.0	0.09035580524344569	0.016853932584269662	0.03651685393258427	49.91151685393258	0.04139181462379428	0.0	0.09035580524344569	0.016853932584269662	0.03651685393258427	49.91151685393258	0.04139181462379428	1760905206	200	0.0	0.09035580524344569	0.016853932584269662	0.03651685393258427	49.91151685393258	0.04139181462379428	87	COMPLETE
88	0.09550561797752809	2020-03-12 23:55:10.048850	2020-03-12 23:58:48.977690	64	64	60	0.007405633009354545	128	1.022358976166751	0.0	0.09550561797752809	0.024344569288389514	0.047752808988764044	49.34176029962547	0.04440939801098306	0.0	0.09550561797752809	0.024344569288389514	0.047752808988764044	49.34176029962547	0.04440939801098306	475340623	150	0.0	0.09550561797752809	0.024344569288389514	0.047752808988764044	49.34176029962547	0.04440939801098306	88	COMPLETE
89	0.09363295880149813	2020-03-12 23:58:48.988294	2020-03-13 00:00:45.996357	128	64	13	0.0697328129940762	256	1.0356992850069668	0.0	0.09363295880149813	0.018258426966292134	0.03651685393258427	50.03932584269663	0.04163527414393187	0.0	0.09363295880149813	0.018258426966292134	0.03651685393258427	50.03932584269663	0.04163527414393187	1569812091	150	0.0	0.09363295880149813	0.018258426966292134	0.03651685393258427	50.03932584269663	0.04163527414393187	89	COMPLETE
90	0.09035580524344569	2020-03-13 00:00:46.007361	2020-03-13 00:01:59.953818	256	64	79	0.009674539096866589	512	1.0242098192701794	0.0	0.09035580524344569	0.019194756554307114	0.035580524344569285	49.374063670411985	0.04224850917245608	0.0	0.09035580524344569	0.019194756554307114	0.035580524344569285	49.374063670411985	0.04224850917245608	2377729161	150	0.0	0.09035580524344569	0.019194756554307114	0.035580524344569285	49.374063670411985	0.04224850917245608	90	COMPLETE
91	0.09363295880149813	2020-03-13 00:01:59.965394	2020-03-13 00:05:38.624197	64	64	64	0.004859424954628301	128	1.0062620306199186	0.0	0.09363295880149813	0.017790262172284643	0.03838951310861423	48.546816479400746	0.04273948475092924	0.0	0.09363295880149813	0.017790262172284643	0.03838951310861423	48.546816479400746	0.04273948475092924	2173365527	150	0.0	0.09363295880149813	0.017790262172284643	0.03838951310861423	48.546816479400746	0.04273948475092924	91	COMPLETE
92	0.09550561797752809	2020-03-13 00:05:38.636959	2020-03-13 00:09:19.484371	256	64	31	0.0030947281748153668	128	1.0227256057040996	0.0	0.09550561797752809	0.020131086142322098	0.037921348314606744	49.353932584269664	0.04279085472236766	0.0	0.09550561797752809	0.020131086142322098	0.037921348314606744	49.353932584269664	0.04279085472236766	3767043361	150	0.0	0.09550561797752809	0.020131086142322098	0.037921348314606744	49.353932584269664	0.04279085472236766	92	COMPLETE
93	0.06320224719101124	2020-03-13 00:09:19.496739	2020-03-13 00:13:01.607786	256	64	21	0.08835727238245936	128	1.0818253740274142	0.0	0.06320224719101124	0.012640449438202247	0.024812734082397005	52.098314606741575	0.036036861429798714	0.0	0.06320224719101124	0.012640449438202247	0.024812734082397005	52.098314606741575	0.036036861429798714	2921388282	150	0.0	0.06320224719101124	0.012640449438202247	0.024812734082397005	52.098314606741575	0.036036861429798714	93	COMPLETE
94	0.09035580524344569	2020-03-13 00:13:01.620872	2020-03-13 00:16:41.300788	64	64	64	0.00515994269167571	128	1.0231573745304865	0.0	0.09035580524344569	0.021067415730337078	0.041666666666666664	49.43211610486891	0.043234160723608965	0.0	0.09035580524344569	0.021067415730337078	0.041666666666666664	49.43211610486891	0.043234160723608965	2449506557	150	0.0	0.09035580524344569	0.021067415730337078	0.041666666666666664	49.43211610486891	0.043234160723608965	94	COMPLETE
95	0.08286516853932584	2020-03-13 00:16:41.313421	2020-03-13 00:20:38.131882	256	64	47	0.012597529410688469	256	1.035822301062717	0.00046816479400749064	0.08286516853932584	0.020599250936329586	0.04400749063670412	49.944054307116104	0.04286475424250561	0.00046816479400749064	0.08286516853932584	0.020599250936329586	0.04400749063670412	49.943820224719104	0.04286480922369105	3462316486	250	0.00046816479400749064	0.08286516853932584	0.020599250936329586	0.04400749063670412	49.94428838951311	0.04286470009436844	95	COMPLETE
96	0.10767790262172285	2020-03-13 00:20:38.149618	2020-03-13 00:21:47.214107	64	256	33	0.002317687567833523	512	0.9984350940875346	0.0	0.10767790262172285	0.023408239700374533	0.04400749063670412	48.19147940074907	0.04595763813535631	0.0	0.10767790262172285	0.023408239700374533	0.04400749063670412	48.19147940074907	0.04595763813535631	4143381220	150	0.0	0.10767790262172285	0.023408239700374533	0.04400749063670412	48.19147940074907	0.04595763813535631	96	COMPLETE
97	0.0997191011235955	2020-03-13 00:21:47.226942	2020-03-13 00:23:22.794756	64	128	36	0.006350188807628578	512	1.0045853305820809	0.0	0.0997191011235955	0.02294007490636704	0.0449438202247191	48.482677902621724	0.04485212877861204	0.0	0.0997191011235955	0.02294007490636704	0.0449438202247191	48.482677902621724	0.04485212877861204	2322198324	200	0.0	0.0997191011235955	0.02294007490636704	0.0449438202247191	48.482677902621724	0.04485212877861204	97	COMPLETE
98	0.09737827715355805	2020-03-13 00:23:22.805417	2020-03-13 00:27:01.208827	64	64	51	0.002157630661226105	128	1.0079801101568906	0.0	0.09737827715355805	0.02153558052434457	0.04073033707865169	48.64840823970037	0.04446138263015096	0.0	0.09737827715355805	0.02153558052434457	0.04073033707865169	48.64840823970037	0.04446138263015096	400205971	150	0.0	0.09737827715355805	0.02153558052434457	0.04073033707865169	48.64840823970037	0.04446138263015096	98	COMPLETE
99	0.09129213483146068	2020-03-13 00:27:01.220801	2020-03-13 00:28:05.028001	128	128	30	0.009618261568468817	512	1.0270097570385686	0.0	0.09129213483146068	0.025749063670411985	0.04260299625468165	49.54026217228464	0.04399802215110216	0.0	0.09129213483146068	0.025749063670411985	0.04260299625468165	49.539794007490634	0.04399837832585835	1537461397	150	0.0	0.09129213483146068	0.025749063670411985	0.04260299625468165	49.54073033707865	0.04399767662581287	99	COMPLETE
