number	value	datetime_start	datetime_complete	params_model.embedding_dim	params_model.scoring_fct_norm	params_optimizer.lr	params_regularizer.weight	params_training.batch_size	params_training.label_smoothing	user_attrs_avg.adjusted_mean_rank	user_attrs_avg.hits_at_1	user_attrs_avg.hits_at_10	user_attrs_avg.hits_at_3	user_attrs_avg.hits_at_5	user_attrs_avg.mean_rank	user_attrs_avg.mean_reciprocal_rank	user_attrs_best.hits_at_1	user_attrs_best.hits_at_10	user_attrs_best.hits_at_3	user_attrs_best.hits_at_5	user_attrs_best.mean_rank	user_attrs_best.mean_reciprocal_rank	user_attrs_random_seed	user_attrs_stopped_epoch	user_attrs_worst.hits_at_1	user_attrs_worst.hits_at_10	user_attrs_worst.hits_at_3	user_attrs_worst.hits_at_5	user_attrs_worst.mean_rank	user_attrs_worst.mean_reciprocal_rank	system_attrs__number	state
0	0.10112359550561797	2020-03-07 06:09:28.240262	2020-03-07 06:09:39.789850	128	1	0.0010150421108335124	0.03642178120137257	256	0.09688192704155409	1.0084642350119069	0.0	0.10112359550561797	0.02294007490636704	0.04868913857677903	48.688202247191015	0.04554257973557264	0.0	0.10112359550561797	0.02294007490636704	0.04868913857677903	48.688202247191015	0.04554257973557264	1899037062	150	0.0	0.10112359550561797	0.02294007490636704	0.04868913857677903	48.688202247191015	0.04554257973557264	0	COMPLETE
1	0.17649812734082396	2020-03-07 06:09:39.808207	2020-03-07 06:11:15.675193	256	1	0.045237400326461036	0.13925762125583066	128	0.01871265197930846	0.8263571823943644	0.017790262172284643	0.17649812734082396	0.05102996254681648	0.09082397003745318	39.75187265917603	0.07730214815743759	0.017790262172284643	0.17649812734082396	0.05102996254681648	0.09082397003745318	39.75187265917603	0.07730214815743759	545278183	650	0.017790262172284643	0.17649812734082396	0.05102996254681648	0.09082397003745318	39.75187265917603	0.07730214815743759	1	COMPLETE
2	0.09035580524344569	2020-03-07 06:11:15.693032	2020-03-07 06:11:32.226234	128	2	0.004690019500729117	0.033193854593459395	128	0.1883780365591696	1.009403063880789	0.0	0.09035580524344569	0.017790262172284643	0.04260299625468165	48.668539325842694	0.04308872368652578	0.0	0.09035580524344569	0.017790262172284643	0.04260299625468165	48.668539325842694	0.04308872368652578	4037191028	150	0.0	0.09035580524344569	0.017790262172284643	0.04260299625468165	48.668539325842694	0.04308872368652578	2	COMPLETE
3	0.11797752808988764	2020-03-07 06:11:32.236789	2020-03-07 06:12:15.252137	128	2	0.037490380147032834	0.09790447975199848	512	0.027648129144351784	0.9556443214273492	0.0	0.11797752808988764	0.02949438202247191	0.05711610486891386	45.99695692883895	0.05112098959356913	0.0	0.11797752808988764	0.02949438202247191	0.05711610486891386	45.99672284644195	0.051121094445706644	492260886	550	0.0	0.11797752808988764	0.02949438202247191	0.05711610486891386	45.997191011235955	0.051120886925851136	3	COMPLETE
4	0.09363295880149813	2020-03-07 06:12:15.264323	2020-03-07 06:12:24.370585	64	1	0.009598986321676288	0.17408157812542355	512	0.3490509334289959	1.0129126137338773	0.0	0.09363295880149813	0.017322097378277154	0.035580524344569285	48.81226591760299	0.042884676131250625	0.0	0.09363295880149813	0.017322097378277154	0.035580524344569285	48.81226591760299	0.042884676131250625	1752205250	150	0.0	0.09363295880149813	0.017322097378277154	0.035580524344569285	48.81226591760299	0.042884676131250625	4	COMPLETE
5	0.17228464419475656	2020-03-07 06:12:24.383126	2020-03-07 06:13:43.901742	256	1	0.07630677511682087	0.1423805738381342	128	0.015903024424484966	0.8359117960262598	0.021067415730337078	0.17228464419475656	0.054775280898876406	0.08754681647940075	40.197565543071164	0.07922704876913586	0.021067415730337078	0.17228464419475656	0.054775280898876406	0.08754681647940075	40.197565543071164	0.07922704876913586	4134805071	550	0.021067415730337078	0.17228464419475656	0.054775280898876406	0.08754681647940075	40.197565543071164	0.07922704876913586	5	COMPLETE
6	0.09550561797752809	2020-03-07 06:13:43.912562	2020-03-07 06:13:55.439258	64	2	0.0732583601771113	0.015604014901096959	256	0.03333718334068507	1.0005716013038455	0.0	0.09550561797752809	0.028089887640449437	0.04915730337078652	48.29073033707865	0.04689423850064006	0.0	0.09550561797752809	0.028089887640449437	0.04915730337078652	48.29073033707865	0.04689423850064006	696615587	150	0.0	0.09550561797752809	0.028089887640449437	0.04915730337078652	48.29073033707865	0.04689423850064006	6	COMPLETE
7	0.09035580524344569	2020-03-07 06:13:55.451133	2020-03-07 06:14:12.035907	128	1	0.02257472296096001	0.010808723109965213	256	0.4705039206882304	1.0088491508901147	0.0	0.09035580524344569	0.019194756554307114	0.040262172284644196	48.72191011235955	0.043363398485535234	0.0	0.09035580524344569	0.019194756554307114	0.040262172284644196	48.72191011235955	0.043363398485535234	4090592636	200	0.0	0.09035580524344569	0.019194756554307114	0.040262172284644196	48.72191011235955	0.043363398485535234	7	COMPLETE
8	0.10065543071161048	2020-03-07 06:14:12.048082	2020-03-07 06:14:21.353899	128	2	0.0015303402906461472	0.1481757840593888	512	0.009831182163302046	1.0056690473967556	0.0	0.10065543071161048	0.023408239700374533	0.04588014981273408	48.497191011235955	0.04545721286677555	0.0	0.10065543071161048	0.023408239700374533	0.04588014981273408	48.497191011235955	0.04545721286677555	21020124	150	0.0	0.10065543071161048	0.023408239700374533	0.04588014981273408	48.497191011235955	0.04545721286677555	8	COMPLETE
9	0.10299625468164794	2020-03-07 06:14:21.365852	2020-03-07 06:14:43.822760	256	1	0.008180648006759708	0.018762953844319585	256	0.024083748021421263	1.010359973001402	0.0	0.10299625468164794	0.026217228464419477	0.04868913857677903	48.71114232209738	0.04624322503330834	0.0	0.10299625468164794	0.026217228464419477	0.04868913857677903	48.71114232209738	0.04624322503330834	2478296396	250	0.0	0.10299625468164794	0.026217228464419477	0.04868913857677903	48.71114232209738	0.04624322503330834	9	COMPLETE
10	0.09176029962546817	2020-03-07 06:14:43.834929	2020-03-07 06:14:52.869343	64	2	0.0304885799802318	0.22771393919154861	512	0.00901295527368254	1.021645341795775	0.0	0.09176029962546817	0.02294007490636704	0.04353932584269663	49.331460674157306	0.04305135932354019	0.0	0.09176029962546817	0.02294007490636704	0.04353932584269663	49.331460674157306	0.04305135932354019	2454842933	150	0.0	0.09176029962546817	0.02294007490636704	0.04353932584269663	49.331460674157306	0.04305135932354019	10	COMPLETE
11	0.0898876404494382	2020-03-07 06:14:52.879612	2020-03-07 06:15:01.942177	128	2	0.06310261426948159	0.06983896245871138	512	0.0017244243522461756	1.010309732056917	0.0	0.0898876404494382	0.019662921348314606	0.03698501872659176	48.666666666666664	0.04258499603940674	0.0	0.0898876404494382	0.019662921348314606	0.03698501872659176	48.666666666666664	0.04258499603940674	1262843332	150	0.0	0.0898876404494382	0.019662921348314606	0.03698501872659176	48.666666666666664	0.04258499603940674	11	COMPLETE
12	0.09644194756554307	2020-03-07 06:15:01.960278	2020-03-07 06:15:11.034855	256	1	0.031155661363001387	0.06167558338290994	512	0.07181713602564838	0.9994643595878886	0.0	0.09644194756554307	0.02200374531835206	0.042134831460674156	48.202715355805246	0.04457935798626276	0.0	0.09644194756554307	0.02200374531835206	0.042134831460674156	48.202715355805246	0.04457935798626276	281203583	150	0.0	0.09644194756554307	0.02200374531835206	0.042134831460674156	48.202715355805246	0.04457935798626276	12	COMPLETE
13	0.08941947565543071	2020-03-07 06:15:11.046751	2020-03-07 06:15:22.365285	64	2	0.04071750065386689	0.044017828360036544	256	0.01599618271559538	1.0056532946962877	0.0	0.08941947565543071	0.020131086142322098	0.03651685393258427	48.521067415730336	0.04247406369093381	0.0	0.08941947565543071	0.020131086142322098	0.03651685393258427	48.521067415730336	0.04247406369093381	738527	150	0.0	0.08941947565543071	0.020131086142322098	0.03651685393258427	48.521067415730336	0.04247406369093381	13	COMPLETE
14	0.0945692883895131	2020-03-07 06:15:22.377394	2020-03-07 06:15:31.441764	128	2	0.0020023376466937154	0.08295907376062554	512	0.04882396900742137	0.9925704710063444	0.0	0.0945692883895131	0.017322097378277154	0.039794007490636704	47.83567415730337	0.04329609720989512	0.0	0.0945692883895131	0.017322097378277154	0.039794007490636704	47.83567415730337	0.04329609720989512	797099106	150	0.0	0.0945692883895131	0.017322097378277154	0.039794007490636704	47.83567415730337	0.04329609720989512	14	COMPLETE
15	0.10159176029962547	2020-03-07 06:15:31.453630	2020-03-07 06:15:42.503402	64	2	0.0021565745045153675	0.15781869962461229	256	0.004426584131583052	0.9971268651989543	0.0	0.10159176029962547	0.028089887640449437	0.04728464419475655	48.157303370786515	0.046219353263086446	0.0	0.10159176029962547	0.028089887640449437	0.04728464419475655	48.157303370786515	0.046219353263086446	228501678	150	0.0	0.10159176029962547	0.028089887640449437	0.04728464419475655	48.157303370786515	0.046219353263086446	15	COMPLETE
16	0.13576779026217228	2020-03-07 06:15:42.515087	2020-03-07 06:16:42.302046	256	1	0.052173652231802786	0.21142177849386865	512	0.005771736570821364	0.9325472077734992	0.007022471910112359	0.13576779026217228	0.0351123595505618	0.06367041198501873	44.87874531835206	0.058714369875193295	0.007022471910112359	0.13576779026217228	0.0351123595505618	0.06367041198501873	44.87874531835206	0.058714369875193295	3648212263	750	0.007022471910112359	0.13576779026217228	0.0351123595505618	0.06367041198501873	44.87874531835206	0.058714369875193295	16	COMPLETE
17	0.11142322097378277	2020-03-07 06:16:42.314026	2020-03-07 06:16:51.327348	128	2	0.011409420191223622	0.043792131917642016	512	0.015680217194565433	1.0126474634412856	0.0	0.11142322097378277	0.020599250936329586	0.04868913857677903	48.89700374531835	0.04568025481519996	0.0	0.11142322097378277	0.020599250936329586	0.04868913857677903	48.89700374531835	0.04568025481519996	434959030	150	0.0	0.11142322097378277	0.020599250936329586	0.04868913857677903	48.89700374531835	0.04568025481519996	17	COMPLETE
18	0.1441947565543071	2020-03-07 06:16:51.339880	2020-03-07 06:17:29.337408	256	1	0.0596118669614225	0.12332782074518751	256	0.008364169443653587	0.9061877316540659	0.0018726591760299626	0.1441947565543071	0.03932584269662921	0.07303370786516854	43.61610486891386	0.05858873173924976	0.0018726591760299626	0.1441947565543071	0.03932584269662921	0.07303370786516854	43.61610486891386	0.05858873173924976	2959812086	400	0.0018726591760299626	0.1441947565543071	0.03932584269662921	0.07303370786516854	43.61610486891386	0.05858873173924976	18	COMPLETE
19	0.08239700374531835	2020-03-07 06:17:29.349505	2020-03-07 06:17:40.506080	256	1	0.002426651608950197	0.15903053508245626	256	0.0013033012095088304	1.0060643644162806	0.0	0.08239700374531835	0.019194756554307114	0.03885767790262172	48.552434456928836	0.04211231208432507	0.0	0.08239700374531835	0.019194756554307114	0.03885767790262172	48.552434456928836	0.04211231208432507	3387449823	150	0.0	0.08239700374531835	0.019194756554307114	0.03885767790262172	48.552434456928836	0.04211231208432507	19	COMPLETE
20	0.08895131086142322	2020-03-07 06:17:40.517998	2020-03-07 06:17:49.753970	64	1	0.03234561893703773	0.0825989586231655	512	0.05630080804706987	0.9881077279870429	0.0	0.08895131086142322	0.02153558052434457	0.039794007490636704	47.6933520599251	0.04445856789670298	0.0	0.08895131086142322	0.02153558052434457	0.039794007490636704	47.6933520599251	0.04445856789670298	2623570077	150	0.0	0.08895131086142322	0.02153558052434457	0.039794007490636704	47.6933520599251	0.04445856789670298	20	COMPLETE
21	0.08941947565543071	2020-03-07 06:17:49.764307	2020-03-07 06:18:01.127086	128	1	0.0035305273910284725	0.016055122459771323	256	0.24913078348560677	1.0295567127303935	0.0	0.08941947565543071	0.0149812734082397	0.042134831460674156	49.68211610486891	0.042060955613117415	0.0	0.08941947565543071	0.0149812734082397	0.042134831460674156	49.68211610486891	0.042060955613117415	397753405	150	0.0	0.08941947565543071	0.0149812734082397	0.042134831460674156	49.68211610486891	0.042060955613117415	21	COMPLETE
22	0.10674157303370786	2020-03-07 06:18:01.139114	2020-03-07 06:18:25.292414	64	2	0.0011301319886749639	0.01793867964846405	128	0.006197380053772114	1.003475571612824	0.0	0.10674157303370786	0.024344569288389514	0.04447565543071161	48.40777153558052	0.04594578493731386	0.0	0.10674157303370786	0.024344569288389514	0.04447565543071161	48.40777153558052	0.04594578493731386	3915644321	200	0.0	0.10674157303370786	0.024344569288389514	0.04447565543071161	48.40777153558052	0.04594578493731386	22	COMPLETE
23	0.10533707865168539	2020-03-07 06:18:25.304513	2020-03-07 06:18:42.110221	128	2	0.001064351397369404	0.012958697561902698	128	0.46745563231470844	1.0057180336038216	0.0	0.10533707865168539	0.023408239700374533	0.052434456928838954	48.52059925093633	0.04653505165949955	0.0	0.10533707865168539	0.023408239700374533	0.052434456928838954	48.52059925093633	0.04653505165949955	2494468087	150	0.0	0.10533707865168539	0.023408239700374533	0.052434456928838954	48.52059925093633	0.04653505165949955	23	COMPLETE
24	0.09035580524344569	2020-03-07 06:18:42.121098	2020-03-07 06:18:53.424388	64	1	0.034055251110130635	0.23760556349339643	256	0.01108495956591129	1.0015157465369542	0.0	0.09035580524344569	0.019662921348314606	0.03838951310861423	48.396067415730336	0.042542051415667775	0.0	0.09035580524344569	0.019662921348314606	0.03838951310861423	48.396067415730336	0.042542051415667775	908504	150	0.0	0.09035580524344569	0.019662921348314606	0.03838951310861423	48.396067415730336	0.042542051415667775	24	COMPLETE
25	0.09784644194756555	2020-03-07 06:18:53.436238	2020-03-07 06:19:02.680168	256	2	0.02474907996356317	0.13848268747166328	512	0.19824586662252797	1.004604666385702	0.0	0.09784644194756555	0.021067415730337078	0.040262172284644196	48.51123595505618	0.04371805045985303	0.0	0.09784644194756555	0.021067415730337078	0.040262172284644196	48.51123595505618	0.04371805045985303	3421970413	150	0.0	0.09784644194756555	0.021067415730337078	0.040262172284644196	48.51123595505618	0.04371805045985303	25	COMPLETE
26	0.0950374531835206	2020-03-07 06:19:02.691981	2020-03-07 06:19:11.923584	256	1	0.002013330547885133	0.02105783074432158	512	0.19610483443059448	0.9902476375810941	0.0	0.0950374531835206	0.021067415730337078	0.03885767790262172	47.79307116104869	0.04384478017601707	0.0	0.0950374531835206	0.021067415730337078	0.03885767790262172	47.79307116104869	0.04384478017601707	3521176566	150	0.0	0.0950374531835206	0.021067415730337078	0.03885767790262172	47.79307116104869	0.04384478017601707	26	COMPLETE
27	0.09597378277153558	2020-03-07 06:19:11.935572	2020-03-07 06:19:21.218677	256	1	0.0022718288701994494	0.053452173786588175	512	0.0016662768835800576	1.0301433702902902	0.0	0.09597378277153558	0.025280898876404494	0.04073033707865169	49.6999063670412	0.04365271144521354	0.0	0.09597378277153558	0.025280898876404494	0.04073033707865169	49.6999063670412	0.04365271144521354	2611504658	150	0.0	0.09597378277153558	0.025280898876404494	0.04073033707865169	49.6999063670412	0.04365271144521354	27	COMPLETE
28	0.09597378277153558	2020-03-07 06:19:21.230540	2020-03-07 06:19:32.705466	256	1	0.003100542828977272	0.012052268580342725	256	0.0032159883560444894	1.0146775140918876	0.0	0.09597378277153558	0.018258426966292134	0.041666666666666664	48.94428838951311	0.04297291568782549	0.0	0.09597378277153558	0.018258426966292134	0.041666666666666664	48.94428838951311	0.04297291568782549	1607247089	150	0.0	0.09597378277153558	0.018258426966292134	0.041666666666666664	48.94428838951311	0.04297291568782549	28	COMPLETE
29	0.1793071161048689	2020-03-07 06:19:32.717383	2020-03-07 06:21:22.390887	128	1	0.05003879301734794	0.01603673806044013	128	0.0014064860961182342	0.8363032259913824	0.020599250936329586	0.1793071161048689	0.0552434456928839	0.09129213483146068	40.23244382022472	0.07943543230197785	0.020599250936329586	0.1793071161048689	0.0552434456928839	0.09129213483146068	40.232209737827716	0.07943547152818597	1585752031	750	0.020599250936329586	0.1793071161048689	0.0552434456928839	0.09129213483146068	40.232677902621724	0.07943539357866981	29	COMPLETE
30	0.14700374531835206	2020-03-07 06:21:22.409541	2020-03-07 06:22:21.653027	256	2	0.03978332684563294	0.24295198031911738	256	0.04164042677633736	0.8947956199968785	0.009363295880149813	0.14700374531835206	0.04541198501872659	0.07584269662921349	43.05898876404494	0.06567788743237074	0.009363295880149813	0.14700374531835206	0.04541198501872659	0.07584269662921349	43.05898876404494	0.06567788743237074	679708940	600	0.009363295880149813	0.14700374531835206	0.04541198501872659	0.07584269662921349	43.05898876404494	0.06567788743237074	30	COMPLETE
31	0.17368913857677903	2020-03-07 06:22:21.664962	2020-03-07 06:24:12.359998	256	1	0.028709624020930007	0.017701426922493938	128	0.0031606828189102015	0.8318150191566094	0.02855805243445693	0.17368913857677903	0.0599250936329588	0.08146067415730338	40.04002808988764	0.08334039437013811	0.02855805243445693	0.17368913857677903	0.0599250936329588	0.08146067415730338	40.039794007490634	0.08334049087906288	867372388	750	0.02855805243445693	0.17368913857677903	0.0599250936329588	0.08146067415730338	40.04026217228464	0.08334029979139186	31	COMPLETE
32	0.10346441947565543	2020-03-07 06:24:12.371956	2020-03-07 06:24:21.590698	64	1	0.002884761108988851	0.11545403565804933	512	0.0019154830987115658	1.0013759937398974	0.0	0.10346441947565543	0.024344569288389514	0.04868913857677903	48.30337078651685	0.046112556008776805	0.0	0.10346441947565543	0.024344569288389514	0.04868913857677903	48.30337078651685	0.046112556008776805	499995697	150	0.0	0.10346441947565543	0.024344569288389514	0.04868913857677903	48.30337078651685	0.046112556008776805	32	COMPLETE
33	0.09363295880149813	2020-03-07 06:24:21.602467	2020-03-07 06:24:37.992549	64	1	0.0014784244626043137	0.060890134207330346	128	0.038859333811415854	0.9813787479455887	0.0	0.09363295880149813	0.02200374531835206	0.04073033707865169	47.396067415730336	0.04480050881749814	0.0	0.09363295880149813	0.02200374531835206	0.04073033707865169	47.396067415730336	0.04480050881749814	1498332007	150	0.0	0.09363295880149813	0.02200374531835206	0.04073033707865169	47.396067415730336	0.04480050881749814	33	COMPLETE
34	0.0945692883895131	2020-03-07 06:24:38.004364	2020-03-07 06:24:54.512454	128	1	0.001309125882655281	0.020557855168944195	128	0.05056270146369303	1.0071409227037	0.0	0.0945692883895131	0.021067415730337078	0.039794007490636704	48.566947565543074	0.04380434632367781	0.0	0.0945692883895131	0.021067415730337078	0.039794007490636704	48.566947565543074	0.04380434632367781	542844434	150	0.0	0.0945692883895131	0.021067415730337078	0.039794007490636704	48.566947565543074	0.04380434632367781	34	COMPLETE
35	0.09925093632958802	2020-03-07 06:24:54.524323	2020-03-07 06:25:11.114537	256	1	0.0024032367613397287	0.014118380238842116	128	0.03227246667155391	1.0176056326290224	0.0	0.09925093632958802	0.02200374531835206	0.04447565543071161	49.12312734082397	0.04398320016295632	0.0	0.09925093632958802	0.02200374531835206	0.04447565543071161	49.12312734082397	0.04398320016295632	2958855390	150	0.0	0.09925093632958802	0.02200374531835206	0.04447565543071161	49.12312734082397	0.04398320016295632	35	COMPLETE
36	0.0898876404494382	2020-03-07 06:25:11.126393	2020-03-07 06:25:20.224955	64	1	0.011101936315638794	0.018503675993489045	512	0.001544460039255901	1.0357065268858485	0.0	0.0898876404494382	0.014044943820224719	0.03136704119850187	49.94147940074907	0.04001759579233464	0.0	0.0898876404494382	0.014044943820224719	0.03136704119850187	49.94147940074907	0.04001759579233464	575143598	150	0.0	0.0898876404494382	0.014044943820224719	0.03136704119850187	49.94147940074907	0.04001759579233464	36	COMPLETE
37	0.09691011235955056	2020-03-07 06:25:20.236286	2020-03-07 06:25:52.502193	128	1	0.016466887265441637	0.1261718329964944	128	0.3667811246297243	1.0170022756478676	0.0	0.09691011235955056	0.023408239700374533	0.042134831460674156	49.090823970037455	0.044245297119739936	0.0	0.09691011235955056	0.023408239700374533	0.042134831460674156	49.090823970037455	0.044245297119739936	1518830245	250	0.0	0.09691011235955056	0.023408239700374533	0.042134831460674156	49.090823970037455	0.044245297119739936	37	COMPLETE
38	0.10299625468164794	2020-03-07 06:25:52.514394	2020-03-07 06:26:03.697412	256	1	0.04837842150831664	0.20542458082956788	256	0.003604282424531907	1.0089373799975725	0.0	0.10299625468164794	0.0299625468164794	0.05290262172284644	48.681179775280896	0.047273605195359496	0.0	0.10299625468164794	0.0299625468164794	0.05290262172284644	48.681179775280896	0.047273605195359496	500457222	150	0.0	0.10299625468164794	0.0299625468164794	0.05290262172284644	48.681179775280896	0.047273605195359496	38	COMPLETE
39	0.09737827715355805	2020-03-07 06:26:03.709888	2020-03-07 06:26:12.869924	128	1	0.0021092367838386767	0.10970082055542944	512	0.028078113203123096	1.0139549844183222	0.0	0.09737827715355805	0.028089887640449437	0.046348314606741575	48.95786516853933	0.045697212206801216	0.0	0.09737827715355805	0.028089887640449437	0.046348314606741575	48.95786516853933	0.045697212206801216	1344347872	150	0.0	0.09737827715355805	0.028089887640449437	0.046348314606741575	48.95786516853933	0.045697212206801216	39	COMPLETE
40	0.0950374531835206	2020-03-07 06:26:12.881717	2020-03-07 06:26:21.921277	64	1	0.002359203478729383	0.15395073554195032	512	0.07805510110345608	1.0059374663734648	0.0	0.0950374531835206	0.017322097378277154	0.03838951310861423	48.539794007490634	0.04212297348088919	0.0	0.0950374531835206	0.017322097378277154	0.03838951310861423	48.539794007490634	0.04212297348088919	2894175467	150	0.0	0.0950374531835206	0.017322097378277154	0.03838951310861423	48.539794007490634	0.04212297348088919	40	COMPLETE
41	0.1704119850187266	2020-03-07 06:26:21.931487	2020-03-07 06:28:43.668491	256	2	0.027097671798240092	0.07040423367221192	128	0.011973309643312802	0.840168485204316	0.019194756554307114	0.1704119850187266	0.052434456928838954	0.0800561797752809	40.418305243445694	0.07572355479892492	0.019194756554307114	0.17088014981273408	0.052434456928838954	0.0800561797752809	40.41807116104869	0.07572578415508685	154388163	950	0.019194756554307114	0.1704119850187266	0.052434456928838954	0.0800561797752809	40.418539325842694	0.07572152811150497	41	COMPLETE
42	0.09176029962546817	2020-03-07 06:28:43.680404	2020-03-07 06:28:52.900286	256	1	0.05230796838160533	0.042721540561333225	512	0.022417738635701803	1.024333549546573	0.0	0.09176029962546817	0.025749063670411985	0.047752808988764044	49.453183520599254	0.04392531056290809	0.0	0.09176029962546817	0.025749063670411985	0.047752808988764044	49.453183520599254	0.04392531056290809	2859935611	150	0.0	0.09176029962546817	0.025749063670411985	0.047752808988764044	49.453183520599254	0.04392531056290809	42	COMPLETE
43	0.11563670411985019	2020-03-07 06:28:52.912431	2020-03-07 06:29:40.048335	128	1	0.03780580499346877	0.07319596734583723	128	0.031750353328613326	0.9511070423933925	0.013108614232209739	0.11563670411985019	0.039794007490636704	0.06460674157303371	45.84129213483146	0.06079843647412383	0.013108614232209739	0.11563670411985019	0.039794007490636704	0.06460674157303371	45.84129213483146	0.06079843647412383	105260997	350	0.013108614232209739	0.11563670411985019	0.039794007490636704	0.06460674157303371	45.84129213483146	0.06079843647412383	43	COMPLETE
44	0.08707865168539326	2020-03-07 06:29:40.060197	2020-03-07 06:29:51.317023	64	2	0.005363386381408753	0.025804864464249243	256	0.06867527917098679	1.0300329230213014	0.0	0.08707865168539326	0.02247191011235955	0.03885767790262172	49.68913857677903	0.0421689888084146	0.0	0.08707865168539326	0.02247191011235955	0.03885767790262172	49.68913857677903	0.0421689888084146	973929390	150	0.0	0.08707865168539326	0.02247191011235955	0.03885767790262172	49.68913857677903	0.0421689888084146	44	COMPLETE
45	0.0997191011235955	2020-03-07 06:29:51.328961	2020-03-07 06:30:02.583412	256	2	0.0011259584709384701	0.20453015249701392	256	0.12943381449144262	0.9987453396383268	0.0	0.0997191011235955	0.02153558052434457	0.042134831460674156	48.21324906367041	0.04507224187707699	0.0	0.0997191011235955	0.02153558052434457	0.042134831460674156	48.21301498127341	0.04507240187871541	3521195282	150	0.0	0.0997191011235955	0.02153558052434457	0.042134831460674156	48.21348314606742	0.04507208597804469	45	COMPLETE
46	0.175561797752809	2020-03-07 06:30:02.595567	2020-03-07 06:31:23.012105	256	2	0.08664657482236746	0.022163308070212252	256	0.0931278302541879	0.8258700658487024	0.02153558052434457	0.175561797752809	0.05196629213483146	0.0847378277153558	39.72027153558052	0.07847001226336688	0.02153558052434457	0.175561797752809	0.05196629213483146	0.0847378277153558	39.72003745318352	0.0784710190693755	3534481111	800	0.02153558052434457	0.175561797752809	0.05196629213483146	0.0847378277153558	39.72050561797753	0.07846906838273379	46	COMPLETE
47	0.09691011235955056	2020-03-07 06:31:23.023222	2020-03-07 06:31:32.001218	64	1	0.0016898712770287	0.04741698298692923	512	0.004397328467981946	0.9998949497139381	0.0	0.09691011235955056	0.02294007490636704	0.042134831460674156	48.27762172284644	0.04485125689827139	0.0	0.09691011235955056	0.02294007490636704	0.042134831460674156	48.27762172284644	0.04485125689827139	4049298380	150	0.0	0.09691011235955056	0.02294007490636704	0.042134831460674156	48.27762172284644	0.04485125689827139	47	COMPLETE
48	0.09129213483146068	2020-03-07 06:31:32.013129	2020-03-07 06:31:41.162928	64	1	0.002358487674967803	0.014690673845190311	512	0.1730252765247238	1.019796464470135	0.0	0.09129213483146068	0.02247191011235955	0.041666666666666664	49.21910112359551	0.042838013290628814	0.0	0.09129213483146068	0.02247191011235955	0.041666666666666664	49.21910112359551	0.042838013290628814	982766763	150	0.0	0.09129213483146068	0.02247191011235955	0.041666666666666664	49.21910112359551	0.042838013290628814	48	COMPLETE
49	0.10955056179775281	2020-03-07 06:31:41.174690	2020-03-07 06:32:04.967268	128	1	0.006419215748655236	0.2514817160972972	128	0.03756468114262275	0.9913269761314943	0.0	0.10955056179775281	0.026217228464419477	0.04915730337078652	47.79588014981273	0.04798561470366679	0.0	0.10955056179775281	0.026217228464419477	0.04915730337078652	47.79588014981273	0.04798561470366679	2598517466	200	0.0	0.10955056179775281	0.026217228464419477	0.04915730337078652	47.79588014981273	0.04798561470366679	49	COMPLETE
50	0.10159176029962547	2020-03-07 06:32:04.979390	2020-03-07 06:32:21.598820	64	1	0.022512918929114365	0.027300429114970604	128	0.1010255220836494	0.984220266516568	0.0	0.10159176029962547	0.025749063670411985	0.042134831460674156	47.61001872659176	0.04650644384738967	0.0	0.10159176029962547	0.025749063670411985	0.042134831460674156	47.61001872659176	0.04650644384738967	2340890991	150	0.0	0.10159176029962547	0.025749063670411985	0.042134831460674156	47.61001872659176	0.04650644384738967	50	COMPLETE
51	0.09176029962546817	2020-03-07 06:32:21.610868	2020-03-07 06:32:33.052339	128	1	0.0037518350098998603	0.12449467014594552	256	0.010068198841010696	1.011032316884312	0.0	0.09176029962546817	0.01638576779026217	0.039794007490636704	48.83426966292135	0.042165442581283304	0.0	0.09176029962546817	0.01638576779026217	0.039794007490636704	48.83426966292135	0.042165442581283304	3239404349	150	0.0	0.09176029962546817	0.01638576779026217	0.039794007490636704	48.83426966292135	0.042165442581283304	51	COMPLETE
52	0.0950374531835206	2020-03-07 06:32:33.065342	2020-03-07 06:33:05.518592	128	2	0.010796105524546679	0.05761259540500601	256	0.05063293531564731	1.00713886321463	0.0	0.0950374531835206	0.021067415730337078	0.03698501872659176	48.559925093632955	0.043404284380406506	0.0	0.0950374531835206	0.021067415730337078	0.03698501872659176	48.559925093632955	0.043404284380406506	2287080422	350	0.0	0.0950374531835206	0.021067415730337078	0.03698501872659176	48.559925093632955	0.043404284380406506	52	COMPLETE
53	0.09550561797752809	2020-03-07 06:33:05.530723	2020-03-07 06:33:22.031793	128	2	0.002736653392033253	0.012292503167622428	128	0.01970388640708221	1.020618243863255	0.0	0.09550561797752809	0.020599250936329586	0.04681647940074907	49.164794007490634	0.04311286753898165	0.0	0.09550561797752809	0.020599250936329586	0.04681647940074907	49.164794007490634	0.04311286753898165	10084154	150	0.0	0.09550561797752809	0.020599250936329586	0.04681647940074907	49.164794007490634	0.04311286753898165	53	COMPLETE
54	0.09878277153558053	2020-03-07 06:33:22.043703	2020-03-07 06:33:33.251515	128	1	0.005507780275613367	0.08458733307488814	256	0.0032641295851949187	1.0037232039178885	0.0	0.09878277153558053	0.01544943820224719	0.042134831460674156	48.41502808988764	0.04307716933159398	0.0	0.09878277153558053	0.01544943820224719	0.042134831460674156	48.414794007490634	0.043077288883379986	3030811916	150	0.0	0.09878277153558053	0.01544943820224719	0.042134831460674156	48.41526217228464	0.04307705243651432	54	COMPLETE
55	0.09129213483146068	2020-03-07 06:33:33.263389	2020-03-07 06:33:42.556568	128	1	0.014546953846863362	0.05130093039133255	512	0.011156278840659695	1.0115935791088513	0.0	0.09129213483146068	0.02153558052434457	0.04400749063670412	48.78558052434457	0.043786696692980256	0.0	0.09129213483146068	0.02153558052434457	0.04400749063670412	48.78558052434457	0.043786696692980256	1530513835	150	0.0	0.09129213483146068	0.02153558052434457	0.04400749063670412	48.78558052434457	0.043786696692980256	55	COMPLETE
56	0.10159176029962547	2020-03-07 06:33:42.568624	2020-03-07 06:33:58.915754	128	1	0.002877941659787135	0.13821643710225034	128	0.0012631919688465938	0.9945128731610958	0.0	0.10159176029962547	0.024344569288389514	0.04588014981273408	48.06039325842696	0.046009981572856115	0.0	0.10159176029962547	0.024344569288389514	0.04588014981273408	48.06039325842696	0.046009981572856115	4260917536	150	0.0	0.10159176029962547	0.024344569288389514	0.04588014981273408	48.06039325842696	0.046009981572856115	56	COMPLETE
57	0.09550561797752809	2020-03-07 06:33:58.927841	2020-03-07 06:34:10.192673	128	2	0.005615129303618197	0.12025427759264526	256	0.18880579409558051	1.0108842976820351	0.0	0.09550561797752809	0.018726591760299626	0.037921348314606744	48.75936329588015	0.04276419500039068	0.0	0.09550561797752809	0.018726591760299626	0.037921348314606744	48.75936329588015	0.04276419500039068	1525784552	150	0.0	0.09550561797752809	0.018726591760299626	0.037921348314606744	48.75936329588015	0.04276419500039068	57	COMPLETE
58	0.0950374531835206	2020-03-07 06:34:10.205124	2020-03-07 06:34:21.384696	64	1	0.008654672199477728	0.09780527321207738	256	0.06284009044182186	1.0139462780172515	0.0	0.0950374531835206	0.02294007490636704	0.04307116104868914	48.98501872659176	0.044203252535701495	0.0	0.0950374531835206	0.02294007490636704	0.04307116104868914	48.98501872659176	0.044203252535701495	596911952	150	0.0	0.0950374531835206	0.02294007490636704	0.04307116104868914	48.98501872659176	0.044203252535701495	58	COMPLETE
59	0.09597378277153558	2020-03-07 06:34:21.396436	2020-03-07 06:34:30.405709	64	1	0.011803949771322002	0.13899650535421662	512	0.19599078539268605	1.0026350415238503	0.0	0.09597378277153558	0.023876404494382022	0.04353932584269663	48.39138576779026	0.044726758623280786	0.0	0.09597378277153558	0.023876404494382022	0.04353932584269663	48.39138576779026	0.044726758623280786	2388514808	150	0.0	0.09597378277153558	0.023876404494382022	0.04353932584269663	48.39138576779026	0.044726758623280786	59	COMPLETE
60	0.09176029962546817	2020-03-07 06:34:30.418030	2020-03-07 06:34:39.404374	128	1	0.02346903538674975	0.26657252234651885	512	0.009238549249962591	1.0157768079759868	0.0	0.09176029962546817	0.017790262172284643	0.0351123595505618	49.00514981273408	0.04183541129783078	0.0	0.09176029962546817	0.017790262172284643	0.0351123595505618	49.00514981273408	0.04183541129783078	316402301	150	0.0	0.09176029962546817	0.017790262172284643	0.0351123595505618	49.00514981273408	0.04183541129783078	60	COMPLETE
61	0.11235955056179775	2020-03-07 06:34:39.416527	2020-03-07 06:34:48.498243	64	1	0.0016751499232660742	0.2992403361688872	512	0.10933440434076455	0.979069135484917	0.0	0.11235955056179775	0.026685393258426966	0.04915730337078652	47.247191011235955	0.04762144166336425	0.0	0.11235955056179775	0.026685393258426966	0.04915730337078652	47.247191011235955	0.04762144166336425	2532550025	150	0.0	0.11235955056179775	0.026685393258426966	0.04915730337078652	47.247191011235955	0.04762144166336425	61	COMPLETE
62	0.09644194756554307	2020-03-07 06:34:48.510119	2020-03-07 06:34:59.869192	256	1	0.0016582352182218664	0.10357647107129932	256	0.0011577969309081305	1.016128953907304	0.0	0.09644194756554307	0.021067415730337078	0.04307116104868914	49.090823970037455	0.04394367376464328	0.0	0.09644194756554307	0.021067415730337078	0.04307116104868914	49.090823970037455	0.04394367376464328	1433218001	150	0.0	0.09644194756554307	0.021067415730337078	0.04307116104868914	49.090823970037455	0.04394367376464328	62	COMPLETE
63	0.10065543071161048	2020-03-07 06:34:59.881321	2020-03-07 06:35:16.371653	256	2	0.013578267196864346	0.2252728184027557	128	0.0014358967313597216	1.0206262058620288	0.0	0.10065543071161048	0.02200374531835206	0.040262172284644196	49.261470037453186	0.04411450186275555	0.0	0.10065543071161048	0.02200374531835206	0.040262172284644196	49.26123595505618	0.04411459098607442	2652920742	150	0.0	0.10065543071161048	0.02200374531835206	0.040262172284644196	49.26170411985019	0.044114414453346656	63	COMPLETE
64	0.0950374531835206	2020-03-07 06:35:16.384119	2020-03-07 06:35:25.544406	64	1	0.007191688476788134	0.010495017858996723	512	0.008042932306355546	1.0222817053128912	0.0	0.0950374531835206	0.02153558052434457	0.04447565543071161	49.33380149812734	0.04376256360396708	0.0	0.0950374531835206	0.02153558052434457	0.04447565543071161	49.33380149812734	0.04376256360396708	2550935401	150	0.0	0.0950374531835206	0.02153558052434457	0.04447565543071161	49.33380149812734	0.04376256360396708	64	COMPLETE
65	0.08567415730337079	2020-03-07 06:35:25.556276	2020-03-07 06:35:36.875401	128	2	0.0038455230164515884	0.015367168217064455	256	0.026313065455146493	1.0195585553471542	0.0	0.08567415730337079	0.019194756554307114	0.040262172284644196	49.243445692883896	0.04191323356408799	0.0	0.08567415730337079	0.019194756554307114	0.040262172284644196	49.243445692883896	0.04191323356408799	3943109053	150	0.0	0.08567415730337079	0.019194756554307114	0.040262172284644196	49.243445692883896	0.04191323356408799	65	COMPLETE
66	0.09222846441947566	2020-03-07 06:35:36.885482	2020-03-07 06:35:46.020064	64	2	0.006243750077812904	0.09292701251653643	512	0.0014528534139878365	1.0357486446133435	0.0	0.09222846441947566	0.02294007490636704	0.039794007490636704	49.95786516853933	0.04311451480684165	0.0	0.09222846441947566	0.02294007490636704	0.039794007490636704	49.95786516853933	0.04311451480684165	989291368	150	0.0	0.09222846441947566	0.02294007490636704	0.039794007490636704	49.95786516853933	0.04311451480684165	66	COMPLETE
67	0.10393258426966293	2020-03-07 06:35:46.031914	2020-03-07 06:35:57.292571	64	2	0.048752922373444495	0.054656437336383014	256	0.0011894124617094375	0.9975537833764675	0.0	0.10393258426966293	0.02949438202247191	0.054307116104868915	48.11985018726592	0.04763668251608255	0.0	0.10393258426966293	0.02949438202247191	0.054307116104868915	48.11985018726592	0.04763668251608255	2015283736	150	0.0	0.10393258426966293	0.02949438202247191	0.054307116104868915	48.11985018726592	0.04763668251608255	67	COMPLETE
68	0.09176029962546817	2020-03-07 06:35:57.304590	2020-03-07 06:36:13.653309	64	2	0.009512221869201356	0.01466626698782056	128	0.389171097547905	1.0056551211558924	0.0	0.09176029962546817	0.023408239700374533	0.03932584269662921	48.447565543071164	0.043994733063331785	0.0	0.09176029962546817	0.023408239700374533	0.03932584269662921	48.447565543071164	0.043994733063331785	1228232698	150	0.0	0.09176029962546817	0.023408239700374533	0.03932584269662921	48.447565543071164	0.043994733063331785	68	COMPLETE
69	0.0997191011235955	2020-03-07 06:36:13.665375	2020-03-07 06:36:22.967946	256	1	0.001016256819094811	0.08148536679880096	512	0.001351816839839158	1.0002452536967448	0.0	0.0997191011235955	0.021067415730337078	0.04307116104868914	48.25374531835206	0.044038677416484935	0.0	0.0997191011235955	0.021067415730337078	0.04307116104868914	48.25374531835206	0.044038677416484935	3806406004	150	0.0	0.0997191011235955	0.021067415730337078	0.04307116104868914	48.25374531835206	0.044038677416484935	69	COMPLETE
70	0.09644194756554307	2020-03-07 06:36:22.980051	2020-03-07 06:36:34.379167	128	1	0.0010041811674507107	0.14974308505731893	256	0.0019216513711355883	1.022462340586292	0.0	0.09644194756554307	0.02247191011235955	0.04353932584269663	49.35486891385768	0.04443159387933321	0.0	0.09644194756554307	0.02247191011235955	0.04353932584269663	49.35486891385768	0.04443159387933321	264657136	150	0.0	0.09644194756554307	0.02247191011235955	0.04353932584269663	49.35486891385768	0.04443159387933321	70	COMPLETE
71	0.09316479400749064	2020-03-07 06:36:34.390765	2020-03-07 06:36:43.477723	64	1	0.0034482039780009237	0.08455409080825077	512	0.07750206625415494	1.026940589812532	0.0	0.09316479400749064	0.025749063670411985	0.04260299625468165	49.50140449438202	0.04481072874733443	0.0	0.09316479400749064	0.025749063670411985	0.04260299625468165	49.50140449438202	0.04481072874733443	864199099	150	0.0	0.09316479400749064	0.025749063670411985	0.04260299625468165	49.50140449438202	0.04481072874733443	71	COMPLETE
72	0.0898876404494382	2020-03-07 06:36:43.490163	2020-03-07 06:36:54.898143	64	2	0.0638544251960617	0.023748040463265768	256	0.0013935755461991618	1.0238455327398628	0.0	0.0898876404494382	0.019194756554307114	0.041666666666666664	49.32537453183521	0.042830930382300215	0.0	0.0898876404494382	0.019194756554307114	0.041666666666666664	49.32537453183521	0.042830930382300215	3275473922	150	0.0	0.0898876404494382	0.019194756554307114	0.041666666666666664	49.32537453183521	0.042830930382300215	72	COMPLETE
73	0.16573033707865167	2020-03-07 06:36:54.910386	2020-03-07 06:39:15.070936	64	1	0.052960882812742124	0.2906973486671413	128	0.006922424359461138	0.8554295782803834	0.023408239700374533	0.16573033707865167	0.054307116104868915	0.08707865168539326	41.12172284644195	0.07927743771163147	0.023408239700374533	0.16573033707865167	0.054307116104868915	0.08707865168539326	41.12172284644195	0.07927743771163147	1536117123	950	0.023408239700374533	0.16573033707865167	0.054307116104868915	0.08707865168539326	41.12172284644195	0.07927743771163147	73	COMPLETE
74	0.09363295880149813	2020-03-07 06:39:15.083077	2020-03-07 06:39:24.133010	128	2	0.006224090667581873	0.013980943742635105	512	0.013116629451967812	1.0207132710325304	0.0	0.09363295880149813	0.018726591760299626	0.0351123595505618	49.24812734082397	0.041952043479345634	0.0	0.09363295880149813	0.018726591760299626	0.0351123595505618	49.24812734082397	0.041952043479345634	2513726157	150	0.0	0.09363295880149813	0.018726591760299626	0.0351123595505618	49.24812734082397	0.041952043479345634	74	COMPLETE
75	0.11189138576779026	2020-03-07 06:39:24.144872	2020-03-07 06:39:45.745307	128	2	0.010913918991245764	0.27745750383125717	256	0.0016210714564061873	1.0084083386215517	0.0	0.11189138576779026	0.02153558052434457	0.04915730337078652	48.640917602996254	0.04555475319543649	0.0	0.11189138576779026	0.02153558052434457	0.04915730337078652	48.640917602996254	0.04555475319543649	3420595672	250	0.0	0.11189138576779026	0.02153558052434457	0.04915730337078652	48.640917602996254	0.04555475319543649	75	COMPLETE
76	0.08895131086142322	2020-03-07 06:39:45.755936	2020-03-07 06:40:03.102391	64	1	0.03982659674016944	0.06370260563668129	512	0.030475421501271586	1.0204704385093841	0.0	0.08895131086142322	0.021067415730337078	0.03932584269662921	49.21722846441948	0.042678749410121314	0.0	0.08895131086142322	0.021067415730337078	0.03932584269662921	49.21722846441948	0.042678749410121314	3555878480	250	0.0	0.08895131086142322	0.021067415730337078	0.03932584269662921	49.21722846441948	0.042678749410121314	76	COMPLETE
77	0.0945692883895131	2020-03-07 06:40:03.114406	2020-03-07 06:40:14.191411	128	1	0.003965164729722557	0.13324110047032536	256	0.37868296398354884	1.0215744286084945	0.0	0.0945692883895131	0.02200374531835206	0.042134831460674156	49.22846441947566	0.04382023555170134	0.0	0.0945692883895131	0.02200374531835206	0.042134831460674156	49.22846441947566	0.04382023555170134	3217530146	150	0.0	0.0945692883895131	0.02200374531835206	0.042134831460674156	49.22846441947566	0.04382023555170134	77	COMPLETE
78	0.09316479400749064	2020-03-07 06:40:14.203566	2020-03-07 06:40:30.401802	64	2	0.028282746429430287	0.0653301087750554	256	0.0011487602387456606	0.9926233869220378	0.0	0.09316479400749064	0.019194756554307114	0.039794007490636704	47.90870786516854	0.04398530253793304	0.0	0.09316479400749064	0.019194756554307114	0.039794007490636704	47.90870786516854	0.04398530253793304	1434464909	200	0.0	0.09316479400749064	0.019194756554307114	0.039794007490636704	47.90870786516854	0.04398530253793304	78	COMPLETE
79	0.0997191011235955	2020-03-07 06:40:30.413904	2020-03-07 06:40:46.686289	256	1	0.002139734548044766	0.06557881564047427	128	0.1659001484557125	1.0165219142656312	0.0	0.0997191011235955	0.028089887640449437	0.04915730337078652	49.043539325842694	0.04635711813526105	0.0	0.0997191011235955	0.028089887640449437	0.04915730337078652	49.043539325842694	0.04635711813526105	4147976281	150	0.0	0.0997191011235955	0.028089887640449437	0.04915730337078652	49.043539325842694	0.04635711813526105	79	COMPLETE
80	0.09222846441947566	2020-03-07 06:40:46.698309	2020-03-07 06:40:55.787807	128	2	0.08246311185637895	0.1554986807328493	512	0.7998068972147819	1.0139265370237804	0.0	0.09222846441947566	0.016853932584269662	0.039794007490636704	48.84925093632959	0.04206896141253589	0.0	0.09222846441947566	0.016853932584269662	0.039794007490636704	48.84925093632959	0.04206896141253589	1609745557	150	0.0	0.09222846441947566	0.016853932584269662	0.039794007490636704	48.84925093632959	0.04206896141253589	80	COMPLETE
81	0.09129213483146068	2020-03-07 06:40:55.797981	2020-03-07 06:41:11.864837	64	2	0.007553666600423768	0.02417891081879008	128	0.002092440284039951	1.0327360937057921	0.0	0.09129213483146068	0.023408239700374533	0.040262172284644196	49.84784644194757	0.04267597484569068	0.0	0.09129213483146068	0.023408239700374533	0.040262172284644196	49.84784644194757	0.04267597484569068	3711049683	150	0.0	0.09129213483146068	0.023408239700374533	0.040262172284644196	49.84784644194757	0.04267597484569068	81	COMPLETE
82	0.09176029962546817	2020-03-07 06:41:11.876850	2020-03-07 06:41:27.822561	128	2	0.0011009337027815945	0.012110627923737783	128	0.9619821683207904	1.0477948556270464	0.0	0.09176029962546817	0.02153558052434457	0.039794007490636704	50.5877808988764	0.04240015796878135	0.0	0.09176029962546817	0.02153558052434457	0.039794007490636704	50.5875468164794	0.042400198230631535	757873569	150	0.0	0.09176029962546817	0.02153558052434457	0.039794007490636704	50.58801498127341	0.04240011822981233	82	COMPLETE
83	0.17228464419475656	2020-03-07 06:41:27.833950	2020-03-07 06:43:10.299356	128	1	0.05130217823699147	0.07367661473445239	128	0.44279828020421336	0.8302924634892256	0.02294007490636704	0.17228464419475656	0.054307116104868915	0.0945692883895131	39.96816479400749	0.08052392690659203	0.02294007490636704	0.17228464419475656	0.054307116104868915	0.0945692883895131	39.96816479400749	0.08052392690659203	1633762829	700	0.02294007490636704	0.17228464419475656	0.054307116104868915	0.0945692883895131	39.96816479400749	0.08052392690659203	83	COMPLETE
84	0.11938202247191011	2020-03-07 06:43:10.311896	2020-03-07 06:43:44.913655	256	2	0.06965187337657315	0.050300794790227636	512	0.09693113265195183	0.9368180112114476	0.0	0.11938202247191011	0.03323970037453183	0.062265917602996254	45.114700374531836	0.05295524989593448	0.0	0.11938202247191011	0.03323970037453183	0.062265917602996254	45.114700374531836	0.05295524989593448	2858054851	450	0.0	0.11938202247191011	0.03323970037453183	0.062265917602996254	45.114700374531836	0.05295524989593448	84	COMPLETE
85	0.08286516853932584	2020-03-07 06:43:44.925754	2020-03-07 06:43:56.078062	256	2	0.014355353926746157	0.012347868781108873	256	0.04920441759211786	1.024122150981108	0.0	0.08286516853932584	0.021067415730337078	0.03745318352059925	49.368445692883896	0.042105552357407476	0.0	0.08286516853932584	0.021067415730337078	0.03745318352059925	49.368445692883896	0.042105552357407476	546099327	150	0.0	0.08286516853932584	0.021067415730337078	0.03745318352059925	49.368445692883896	0.042105552357407476	85	COMPLETE
86	0.09410112359550561	2020-03-07 06:43:56.090635	2020-03-07 06:44:07.362410	64	2	0.0010717397416799587	0.034146846892820916	256	0.02005665354872259	1.0067611554330598	0.0	0.09410112359550561	0.018726591760299626	0.04260299625468165	48.585205992509366	0.04332392793384886	0.0	0.09410112359550561	0.018726591760299626	0.04260299625468165	48.585205992509366	0.04332392793384886	2090451830	150	0.0	0.09410112359550561	0.018726591760299626	0.04260299625468165	48.585205992509366	0.04332392793384886	86	COMPLETE
87	0.0950374531835206	2020-03-07 06:44:07.373266	2020-03-07 06:44:18.441567	128	2	0.0029465614322578874	0.1285611325401484	256	0.00259019263222293	1.024108941005787	0.0	0.0950374531835206	0.02200374531835206	0.04588014981273408	49.41807116104869	0.043845906484098494	0.0	0.0950374531835206	0.02200374531835206	0.04588014981273408	49.41807116104869	0.043845906484098494	1677206198	150	0.0	0.0950374531835206	0.02200374531835206	0.04588014981273408	49.41807116104869	0.043845906484098494	87	COMPLETE
88	0.10159176029962547	2020-03-07 06:44:18.451708	2020-03-07 06:44:35.996775	256	1	0.03049498328717172	0.28097545964227133	512	0.025844049583306033	1.0119558208716217	0.0	0.10159176029962547	0.024344569288389514	0.0449438202247191	48.80711610486891	0.04474275391068099	0.0	0.10159176029962547	0.024344569288389514	0.0449438202247191	48.80711610486891	0.04474275391068099	3108189255	250	0.0	0.10159176029962547	0.024344569288389514	0.0449438202247191	48.80711610486891	0.04474275391068099	88	COMPLETE
89	0.09644194756554307	2020-03-07 06:44:36.008740	2020-03-07 06:44:45.146990	128	2	0.04333859137742206	0.015903344154444866	512	0.6663430920599459	1.0186184004004974	0.0	0.09644194756554307	0.02153558052434457	0.04400749063670412	49.1123595505618	0.044049824361469175	0.0	0.09644194756554307	0.02153558052434457	0.04400749063670412	49.1123595505618	0.044049824361469175	163159692	150	0.0	0.09644194756554307	0.02153558052434457	0.04400749063670412	49.1123595505618	0.044049824361469175	89	COMPLETE
90	0.09082397003745318	2020-03-07 06:44:45.158951	2020-03-07 06:44:56.111173	64	2	0.0025551447195099044	0.07682736589427766	256	0.20989223175602936	1.0210944459082956	0.0	0.09082397003745318	0.018258426966292134	0.04353932584269663	49.291666666666664	0.04238475907383821	0.0	0.09082397003745318	0.018258426966292134	0.04353932584269663	49.291666666666664	0.04238475907383821	1740524121	150	0.0	0.09082397003745318	0.018258426966292134	0.04353932584269663	49.291666666666664	0.04238475907383821	90	COMPLETE
91	0.08707865168539326	2020-03-07 06:44:56.123230	2020-03-07 06:45:05.049769	128	2	0.0014490225178878785	0.028945517654474676	512	0.0012473874180129751	1.0186494664683212	0.0	0.08707865168539326	0.019662921348314606	0.03745318352059925	49.11446629213483	0.04242212118959789	0.0	0.08707865168539326	0.019662921348314606	0.03745318352059925	49.11423220973783	0.04242255427451372	1920990994	150	0.0	0.08707865168539326	0.019662921348314606	0.03745318352059925	49.114700374531836	0.04242170614988689	91	COMPLETE
92	0.11376404494382023	2020-03-07 06:45:05.061732	2020-03-07 06:45:30.448928	64	1	0.0291387393791396	0.012678813403109576	512	0.30461388318441307	1.0154968888293046	0.0	0.11376404494382023	0.02762172284644195	0.05383895131086142	49.04962546816479	0.04749284289404371	0.0	0.11376404494382023	0.02762172284644195	0.05383895131086142	49.04962546816479	0.04749284289404371	3832345452	350	0.0	0.11376404494382023	0.02762172284644195	0.05383895131086142	49.04962546816479	0.04749284289404371	92	COMPLETE
93	0.09082397003745318	2020-03-07 06:45:30.460997	2020-03-07 06:45:39.606658	256	2	0.01706482504087103	0.04102745904450741	512	0.05081230926731108	1.0248286559958053	0.0	0.09082397003745318	0.023876404494382022	0.04353932584269663	49.50702247191011	0.044392734805622606	0.0	0.09082397003745318	0.023876404494382022	0.04353932584269663	49.50702247191011	0.044392734805622606	2780917593	150	0.0	0.09082397003745318	0.023876404494382022	0.04353932584269663	49.50702247191011	0.044392734805622606	93	COMPLETE
94	0.09831460674157304	2020-03-07 06:45:39.619060	2020-03-07 06:45:48.495599	64	1	0.011449748683663675	0.0201260517919844	512	0.5725089839337508	1.0035904070383377	0.0	0.09831460674157304	0.021067415730337078	0.040262172284644196	48.4559925093633	0.043981130093155955	0.0	0.09831460674157304	0.021067415730337078	0.040262172284644196	48.4559925093633	0.043981130093155955	1176813740	150	0.0	0.09831460674157304	0.021067415730337078	0.040262172284644196	48.4559925093633	0.043981130093155955	94	COMPLETE
95	0.09035580524344569	2020-03-07 06:45:48.507544	2020-03-07 06:46:04.733587	64	1	0.004125191128271831	0.019210399326234136	128	0.007574760241905901	0.999679128780668	0.0	0.09035580524344569	0.020599250936329586	0.040262172284644196	48.24578651685393	0.04396820519777537	0.0	0.09035580524344569	0.020599250936329586	0.040262172284644196	48.24578651685393	0.04396820519777537	1747831570	150	0.0	0.09035580524344569	0.020599250936329586	0.040262172284644196	48.24578651685393	0.04396820519777537	95	COMPLETE
96	0.08801498127340825	2020-03-07 06:46:04.752305	2020-03-07 06:46:21.094521	64	2	0.04344598754345562	0.19882162615287427	128	0.006268790055225623	1.006924396764473	0.0	0.08801498127340825	0.017790262172284643	0.03651685393258427	48.627808988764045	0.0422411341618385	0.0	0.08801498127340825	0.017790262172284643	0.03651685393258427	48.627808988764045	0.0422411341618385	1169984542	150	0.0	0.08801498127340825	0.017790262172284643	0.03651685393258427	48.627808988764045	0.0422411341618385	96	COMPLETE
97	0.09784644194756555	2020-03-07 06:46:21.104998	2020-03-07 06:46:37.718203	256	1	0.0010966152296035044	0.24255924366589704	128	0.016011361628996714	0.9906011801021181	0.0	0.09784644194756555	0.016853932584269662	0.04400749063670412	47.868445692883896	0.04351608024475269	0.0	0.09784644194756555	0.016853932584269662	0.04400749063670412	47.868445692883896	0.04351608024475269	1413321230	150	0.0	0.09784644194756555	0.016853932584269662	0.04400749063670412	47.868445692883896	0.04351608024475269	97	COMPLETE
98	0.09550561797752809	2020-03-07 06:46:37.731379	2020-03-07 06:46:46.946002	64	2	0.0021356914250371547	0.19137090656341968	512	0.4439941341922634	1.0071980904452922	0.0	0.09550561797752809	0.023408239700374533	0.04260299625468165	48.60440074906367	0.04430034959990426	0.0	0.09550561797752809	0.023408239700374533	0.04260299625468165	48.60440074906367	0.04430034959990426	1006257288	150	0.0	0.09550561797752809	0.023408239700374533	0.04260299625468165	48.60440074906367	0.04430034959990426	98	COMPLETE
99	0.08801498127340825	2020-03-07 06:46:46.958439	2020-03-07 06:46:58.142713	64	1	0.007953437887981953	0.2628168537440794	256	0.07908310540800265	1.0130286642563031	0.0	0.08801498127340825	0.019194756554307114	0.03885767790262172	48.87687265917603	0.042917047372750476	0.0	0.08801498127340825	0.019194756554307114	0.03885767790262172	48.87687265917603	0.042917047372750476	3229143513	150	0.0	0.08801498127340825	0.019194756554307114	0.03885767790262172	48.87687265917603	0.042917047372750476	99	COMPLETE
