number	value	datetime_start	datetime_complete	params_model.embedding_dim	params_training.batch_size	params_training.label_smoothing	user_attrs_avg.adjusted_mean_rank	user_attrs_avg.hits_at_1	user_attrs_avg.hits_at_10	user_attrs_avg.hits_at_3	user_attrs_avg.hits_at_5	user_attrs_avg.mean_rank	user_attrs_avg.mean_reciprocal_rank	user_attrs_best.hits_at_1	user_attrs_best.hits_at_10	user_attrs_best.hits_at_3	user_attrs_best.hits_at_5	user_attrs_best.mean_rank	user_attrs_best.mean_reciprocal_rank	user_attrs_random_seed	user_attrs_stopped_epoch	user_attrs_worst.hits_at_1	user_attrs_worst.hits_at_10	user_attrs_worst.hits_at_3	user_attrs_worst.hits_at_5	user_attrs_worst.mean_rank	user_attrs_worst.mean_reciprocal_rank	system_attrs__number	state
0	0.10533707865168539	2020-04-07 16:12:16.280587	2020-04-07 16:12:50.841724	128	512	0.2552547947002594	1.003049878043398	0.010767790262172285	0.10533707865168539	0.03651685393258427	0.056179775280898875	48.36797752808989	0.055656522581375094	0.010767790262172285	0.10533707865168539	0.03651685393258427	0.056179775280898875	48.36797752808989	0.055656522581375094	2980742709	300.0	0.010767790262172285	0.10533707865168539	0.03651685393258427	0.056179775280898875	48.36797752808989	0.055656522581375094	0	COMPLETE
1	0.8300561797752809	2020-04-07 16:12:50.856709	2020-04-07 16:15:31.886361	128	256	0.028869664315413806	0.13264339603047665	0.21395131086142322	0.8300561797752809	0.46114232209737827	0.6104868913857678	6.414794007490637	0.393195564973654	0.21395131086142322	0.8300561797752809	0.46114232209737827	0.6104868913857678	6.414794007490637	0.393195564973654	1153768678		0.21395131086142322	0.8300561797752809	0.46114232209737827	0.6104868913857678	6.414794007490637	0.393195564973654	1	COMPLETE
2	0.0997191011235955	2020-04-07 16:15:31.901450	2020-04-07 16:16:18.474246	128	128	0.9897043095894875	1.0087234094505257	0.008426966292134831	0.0997191011235955	0.030430711610486893	0.054307116104868915	48.66058052434457	0.05232651780464155	0.008426966292134831	0.0997191011235955	0.030430711610486893	0.054307116104868915	48.66058052434457	0.05232651780464155	441968115	250.0	0.008426966292134831	0.0997191011235955	0.030430711610486893	0.054307116104868915	48.66058052434457	0.05232651780464155	2	COMPLETE
3	0.8066479400749064	2020-04-07 16:16:18.484493	2020-04-07 16:18:39.592745	256	512	0.03607605349359093	0.1374863893899383	0.17837078651685392	0.8066479400749064	0.44288389513108617	0.5838014981273408	6.6427902621722845	0.3665789446678755	0.17837078651685392	0.8066479400749064	0.44288389513108617	0.5838014981273408	6.6427902621722845	0.3665789446678755	3452008304		0.17837078651685392	0.8066479400749064	0.44288389513108617	0.5838014981273408	6.6427902621722845	0.3665789446678755	3	COMPLETE
4	0.10908239700374532	2020-04-07 16:18:39.603147	2020-04-07 16:19:26.852564	128	512	0.8437119570895645	0.9924345708143468	0.010767790262172285	0.10908239700374532	0.033707865168539325	0.05805243445692884	47.88389513108614	0.05516586547035919	0.010767790262172285	0.10908239700374532	0.033707865168539325	0.05805243445692884	47.88389513108614	0.05516586547035919	3817889154	400.0	0.010767790262172285	0.10908239700374532	0.033707865168539325	0.05805243445692884	47.88389513108614	0.05516586547035919	4	COMPLETE
5	0.8525280898876404	2020-04-07 16:19:26.864853	2020-04-07 16:23:04.183814	128	128	0.0015629605265787998	0.11959271966863409	0.24906367041198502	0.8525280898876404	0.5397940074906367	0.6741573033707865	5.772471910112359	0.4401569517258432	0.24906367041198502	0.8525280898876404	0.5397940074906367	0.6741573033707865	5.772471910112359	0.4401569517258432	1632465078		0.24906367041198502	0.8525280898876404	0.5397940074906367	0.6741573033707865	5.772471910112359	0.4401569517258432	5	COMPLETE
6	0.11235955056179775	2020-04-07 16:23:04.198844	2020-04-07 16:23:26.260766	64	512	0.09518720632322786	0.9803797519035038	0.012172284644194757	0.11235955056179775	0.03464419475655431	0.054775280898876406	47.16690074906367	0.05676299904626025	0.012172284644194757	0.11235955056179775	0.03464419475655431	0.054775280898876406	47.166666666666664	0.05676347193999157	2119658802	200.0	0.012172284644194757	0.11235955056179775	0.03464419475655431	0.054775280898876406	47.16713483146067	0.05676254671312594	6	COMPLETE
7	0.852996254681648	2020-04-07 16:23:26.271120	2020-04-07 16:26:08.501828	256	256	0.0016114262495208161	0.12117141692843358	0.22799625468164794	0.852996254681648	0.5009363295880149	0.6395131086142322	5.840823970037453	0.4183747310853835	0.22799625468164794	0.852996254681648	0.5009363295880149	0.6395131086142322	5.840823970037453	0.4183747310853835	2145956040		0.22799625468164794	0.852996254681648	0.5009363295880149	0.6395131086142322	5.840823970037453	0.4183747310853835	7	COMPLETE
8	0.09316479400749064	2020-04-07 16:26:08.517709	2020-04-07 16:26:22.449952	128	512	0.003948232752319128	1.0041978764365174	0.011235955056179775	0.09316479400749064	0.0299625468164794	0.04915730337078652	48.416666666666664	0.05277130635127383	0.011235955056179775	0.09316479400749064	0.0299625468164794	0.04915730337078652	48.416666666666664	0.05277130635127383	2509098980	150.0	0.011235955056179775	0.09316479400749064	0.0299625468164794	0.04915730337078652	48.416666666666664	0.05277130635127383	8	COMPLETE
9	0.8665730337078652	2020-04-07 16:26:22.460126	2020-04-07 16:30:06.365737	128	128	0.00749268992404187	0.1156588192071682	0.24906367041198502	0.8665730337078652	0.5234082397003745	0.6512172284644194	5.569288389513108	0.43503926086080524	0.24906367041198502	0.8665730337078652	0.5234082397003745	0.6512172284644194	5.569288389513108	0.43503926086080524	832573377	950.0	0.24906367041198502	0.8665730337078652	0.5234082397003745	0.6512172284644194	5.569288389513108	0.43503926086080524	9	COMPLETE
10	0.09784644194756555	2020-04-07 16:30:06.380620	2020-04-07 16:30:21.813161	256	512	0.42385094547813784	1.000497451310189	0.010767790262172285	0.09784644194756555	0.03089887640449438	0.04400749063670412	48.23338014981273	0.05273005936095051	0.010767790262172285	0.09784644194756555	0.03089887640449438	0.04400749063670412	48.23314606741573	0.05273014848426937	2562949570	150.0	0.010767790262172285	0.09784644194756555	0.03089887640449438	0.04400749063670412	48.23361423220974	0.05272997195154161	10	COMPLETE
11	0.1104868913857678	2020-04-07 16:30:21.825162	2020-04-07 16:31:12.843958	64	256	0.5228649773608739	0.9870947064685353	0.010299625468164793	0.1104868913857678	0.03838951310861423	0.06273408239700375	47.596441947565545	0.05739204967748778	0.010299625468164793	0.1104868913857678	0.03838951310861423	0.06273408239700375	47.59597378277154	0.057392575905098574	316303225	350.0	0.010299625468164793	0.1104868913857678	0.03838951310861423	0.06273408239700375	47.59691011235955	0.057391544806502055	11	COMPLETE
12	0.6058052434456929	2020-04-07 16:31:12.853845	2020-04-07 16:33:28.814520	64	128	0.2926336033440765	0.20633285455423153	0.07443820224719101	0.6058052434456929	0.2303370786516854	0.34831460674157305	9.998595505617978	0.22562352078804396	0.07443820224719101	0.6058052434456929	0.2303370786516854	0.34831460674157305	9.998595505617978	0.22562352078804396	1652192394	600.0	0.07443820224719101	0.6058052434456929	0.2303370786516854	0.34831460674157305	9.998595505617978	0.22562352078804396	12	COMPLETE
13	0.12172284644194757	2020-04-07 16:33:28.826502	2020-04-07 16:34:29.715820	64	128	0.3982732319203307	0.9637933267133959	0.013108614232209739	0.12172284644194757	0.04353932584269663	0.07162921348314606	46.36985018726592	0.06240017529980077	0.013108614232209739	0.12172284644194757	0.04353932584269663	0.07162921348314606	46.36985018726592	0.06240017529980077	804307308	300.0	0.013108614232209739	0.12172284644194757	0.04353932584269663	0.07162921348314606	46.36985018726592	0.06240017529980077	13	COMPLETE
14	0.8445692883895131	2020-04-07 16:34:29.725784	2020-04-07 16:37:27.241876	128	256	0.002253837683563765	0.12561693908175808	0.22799625468164794	0.8445692883895131	0.5098314606741573	0.648876404494382	6.069756554307116	0.417691469900465	0.22799625468164794	0.8445692883895131	0.5098314606741573	0.648876404494382	6.069756554307116	0.417691469900465	1162629528		0.22799625468164794	0.8445692883895131	0.5098314606741573	0.648876404494382	6.069756554307116	0.417691469900465	14	COMPLETE
15	0.773876404494382	2020-04-07 16:37:27.253938	2020-04-07 16:39:43.885746	256	512	0.020503214564323653	0.146767798520813	0.17322097378277154	0.773876404494382	0.4166666666666667	0.547752808988764	7.1072097378277155	0.3518435227776772	0.17322097378277154	0.773876404494382	0.4166666666666667	0.547752808988764	7.1072097378277155	0.3518435227776772	2638948567	950.0	0.17322097378277154	0.773876404494382	0.4166666666666667	0.547752808988764	7.1072097378277155	0.3518435227776772	15	COMPLETE
16	0.09784644194756555	2020-04-07 16:39:43.895875	2020-04-07 16:39:58.565269	64	512	0.07822926318823978	1.0008185241721947	0.008895131086142321	0.09784644194756555	0.027153558052434457	0.050093632958801496	48.24672284644195	0.05182183261216739	0.008895131086142321	0.09784644194756555	0.027153558052434457	0.050093632958801496	48.24672284644195	0.05182183261216739	3464141799	150.0	0.008895131086142321	0.09784644194756555	0.027153558052434457	0.050093632958801496	48.24672284644195	0.05182183261216739	16	COMPLETE
17	0.8033707865168539	2020-04-07 16:39:58.577322	2020-04-07 16:42:26.861631	256	512	0.05686312052451086	0.14217698684290106	0.18071161048689138	0.8033707865168539	0.4302434456928839	0.575374531835206	6.88436329588015	0.36365166528683646	0.18071161048689138	0.8033707865168539	0.4302434456928839	0.575374531835206	6.88436329588015	0.36365166528683646	3087350984		0.18071161048689138	0.8033707865168539	0.4302434456928839	0.575374531835206	6.88436329588015	0.36365166528683646	17	COMPLETE
18	0.11329588014981273	2020-04-07 16:42:26.873648	2020-04-07 16:42:41.593353	128	512	0.34078137331404573	0.9869106180367692	0.008426966292134831	0.11329588014981273	0.027153558052434457	0.05196629213483146	47.58497191011236	0.05326898579464347	0.008426966292134831	0.11329588014981273	0.027153558052434457	0.05196629213483146	47.58473782771536	0.053269059777701945	3332924305	150.0	0.008426966292134831	0.11329588014981273	0.027153558052434457	0.05196629213483146	47.585205992509366	0.05326891310953339	18	COMPLETE
19	0.8548689138576779	2020-04-07 16:42:41.605348	2020-04-07 16:45:58.856440	256	128	0.035758984015337676	0.11903417124744323	0.24672284644194756	0.8548689138576779	0.5177902621722846	0.6540262172284644	5.7382958801498125	0.4326500777668025	0.24672284644194756	0.8548689138576779	0.5177902621722846	0.6540262172284644	5.7382958801498125	0.4326500777668025	4269626755	800.0	0.24672284644194756	0.8548689138576779	0.5177902621722846	0.6540262172284644	5.7382958801498125	0.4326500777668025	19	COMPLETE
20	0.8642322097378277	2020-04-07 16:45:58.866537	2020-04-07 16:50:01.151027	128	128	0.004310757779442155	0.11502524557146715	0.25936329588014984	0.8642322097378277	0.5341760299625468	0.6591760299625468	5.538857677902621	0.4427094277445896	0.25936329588014984	0.8642322097378277	0.5341760299625468	0.6591760299625468	5.538857677902621	0.4427094277445896	859658628	1000.0	0.25936329588014984	0.8642322097378277	0.5341760299625468	0.6591760299625468	5.538857677902621	0.4427094277445896	20	COMPLETE
21	0.8473782771535581	2020-04-07 16:50:01.162581	2020-04-07 16:52:41.977450	128	128	0.0070284608192041995	0.12219058111752994	0.2340823970037453	0.8473782771535581	0.5098314606741573	0.647003745318352	5.893258426966292	0.4193033702171454	0.2340823970037453	0.8473782771535581	0.5098314606741573	0.647003745318352	5.893258426966292	0.4193033702171454	738297367	750.0	0.2340823970037453	0.8473782771535581	0.5098314606741573	0.647003745318352	5.893258426966292	0.4193033702171454	21	COMPLETE
22	0.827247191011236	2020-04-07 16:52:41.989323	2020-04-07 16:55:22.595748	128	256	0.016505470532832286	0.13351541428481428	0.20177902621722846	0.827247191011236	0.46629213483146065	0.6118913857677902	6.458333333333333	0.3891818089068854	0.20177902621722846	0.827247191011236	0.46629213483146065	0.6118913857677902	6.458333333333333	0.3891818089068854	4065562585		0.20177902621722846	0.827247191011236	0.46629213483146065	0.6118913857677902	6.458333333333333	0.3891818089068854	22	COMPLETE
23	0.10767790262172285	2020-04-07 16:55:22.607681	2020-04-07 16:55:50.047590	256	512	0.39288453173200605	0.9797233938115687	0.011704119850187267	0.10767790262172285	0.03745318352059925	0.06132958801498127	47.109316479400746	0.05725375520522851	0.011704119850187267	0.10767790262172285	0.03745318352059925	0.06132958801498127	47.109082397003746	0.0572538347439295	585675894	250.0	0.011704119850187267	0.10767790262172285	0.03745318352059925	0.06132958801498127	47.109550561797754	0.057253677112685725	23	COMPLETE
24	0.8515917602996255	2020-04-07 16:55:50.057904	2020-04-07 16:58:38.844421	128	128	0.05022050984992218	0.11970235440053381	0.23829588014981273	0.8515917602996255	0.5056179775280899	0.6568352059925093	5.772940074906367	0.42396241728076467	0.23829588014981273	0.8515917602996255	0.5056179775280899	0.6568352059925093	5.772940074906367	0.42396241728076467	3088763507	800.0	0.23829588014981273	0.8515917602996255	0.5056179775280899	0.6568352059925093	5.772940074906367	0.42396241728076467	24	COMPLETE
25	0.11470037453183521	2020-04-07 16:58:38.856260	2020-04-07 16:59:26.494280	256	512	0.6345148423954354	0.9760440701378111	0.007022471910112359	0.11470037453183521	0.03136704119850187	0.05337078651685393	47.151685393258425	0.05382945205183573	0.007022471910112359	0.11470037453183521	0.03136704119850187	0.05337078651685393	47.151685393258425	0.05382945205183573	71787893	400.0	0.007022471910112359	0.11470037453183521	0.03136704119850187	0.05337078651685393	47.151685393258425	0.05382945205183573	25	COMPLETE
26	0.0997191011235955	2020-04-07 16:59:26.506268	2020-04-07 16:59:45.641236	256	256	0.521467884442473	0.9982296132660481	0.010299625468164793	0.0997191011235955	0.03089887640449438	0.04868913857677903	48.12546816479401	0.052924684330742974	0.010299625468164793	0.0997191011235955	0.03089887640449438	0.04868913857677903	48.12546816479401	0.052924684330742974	2339310026	150.0	0.010299625468164793	0.0997191011235955	0.03089887640449438	0.04868913857677903	48.12546816479401	0.052924684330742974	26	COMPLETE
27	0.10112359550561797	2020-04-07 16:59:45.653082	2020-04-07 17:00:15.833741	256	512	0.3705858211694857	1.018230123070421	0.009831460674157303	0.10112359550561797	0.02902621722846442	0.05149812734082397	49.00514981273408	0.05239941488049403	0.009831460674157303	0.10112359550561797	0.02902621722846442	0.05149812734082397	49.00514981273408	0.05239941488049403	1326499821	250.0	0.009831460674157303	0.10112359550561797	0.02902621722846442	0.05149812734082397	49.00514981273408	0.05239941488049403	27	COMPLETE
28	0.10112359550561797	2020-04-07 17:00:15.843986	2020-04-07 17:00:32.053270	128	512	0.19873531869754849	1.0149536660186989	0.008895131086142321	0.10112359550561797	0.02762172284644195	0.046348314606741575	48.866573033707866	0.05131487425876072	0.008895131086142321	0.10112359550561797	0.02762172284644195	0.046348314606741575	48.866573033707866	0.05131487425876072	4142013588	150.0	0.008895131086142321	0.10112359550561797	0.02762172284644195	0.046348314606741575	48.866573033707866	0.05131487425876072	28	COMPLETE
29	0.09831460674157304	2020-04-07 17:00:32.063330	2020-04-07 17:00:45.901433	128	512	0.06252672349883936	1.0090791934809895	0.011704119850187267	0.09831460674157304	0.03417602996254682	0.054775280898876406	48.56671348314607	0.05447213338406014	0.011704119850187267	0.09831460674157304	0.03417602996254682	0.054775280898876406	48.56647940074907	0.054473140190068756	1176791804	150.0	0.011704119850187267	0.09831460674157304	0.03417602996254682	0.054775280898876406	48.566947565543074	0.05447118950342706	29	COMPLETE
30	0.8094569288389513	2020-04-07 17:00:45.913597	2020-04-07 17:03:49.920369	64	128	0.030895694867395032	0.1349614291645461	0.1956928838951311	0.8094569288389513	0.45692883895131087	0.6034644194756554	6.537921348314606	0.3817731137561721	0.1956928838951311	0.8094569288389513	0.45692883895131087	0.6034644194756554	6.537921348314606	0.3817731137561721	828298459	900.0	0.1956928838951311	0.8094569288389513	0.45692883895131087	0.6034644194756554	6.537921348314606	0.3817731137561721	30	COMPLETE
31	0.8342696629213483	2020-04-07 17:03:49.932396	2020-04-07 17:06:29.153781	128	256	0.04774608267506386	0.12499015096205283	0.22612359550561797	0.8342696629213483	0.48314606741573035	0.625	6.034176029962547	0.40850263381006274	0.22612359550561797	0.8342696629213483	0.48314606741573035	0.625	6.034176029962547	0.40850263381006274	751771517	1000.0	0.22612359550561797	0.8342696629213483	0.48314606741573035	0.625	6.034176029962547	0.40850263381006274	31	COMPLETE
32	0.8572097378277154	2020-04-07 17:06:29.163814	2020-04-07 17:09:27.415256	256	256	0.05245400313463386	0.11783743385933619	0.2397003745318352	0.8572097378277154	0.5196629213483146	0.6493445692883895	5.6793071161048685	0.42793140580474487	0.2397003745318352	0.8572097378277154	0.5196629213483146	0.6493445692883895	5.6793071161048685	0.42793140580474487	1367467715		0.2397003745318352	0.8572097378277154	0.5196629213483146	0.6493445692883895	5.6793071161048685	0.42793140580474487	32	COMPLETE
33	0.10440074906367042	2020-04-07 17:09:27.425495	2020-04-07 17:09:42.354356	256	512	0.9994763718781318	0.9912330232201361	0.013108614232209739	0.10440074906367042	0.03464419475655431	0.05149812734082397	47.822799625468164	0.05645181730489062	0.013108614232209739	0.10440074906367042	0.03464419475655431	0.05149812734082397	47.822565543071164	0.056451986012924504	3466983335	150.0	0.013108614232209739	0.10440074906367042	0.03464419475655431	0.05149812734082397	47.82303370786517	0.05645165303654185	33	COMPLETE
34	0.798689138576779	2020-04-07 17:09:42.364247	2020-04-07 17:12:39.584450	256	256	0.23045510514235484	0.1405096551044129	0.20365168539325842	0.798689138576779	0.4330524344569288	0.5711610486891385	6.804775280898877	0.3771991893609348	0.20365168539325842	0.798689138576779	0.4330524344569288	0.5711610486891385	6.804775280898877	0.3771991893609348	1313833294		0.20365168539325842	0.798689138576779	0.4330524344569288	0.5711610486891385	6.804775280898877	0.3771991893609348	34	COMPLETE
35	0.7804307116104869	2020-04-07 17:12:39.594746	2020-04-07 17:15:38.117121	64	256	0.0024234610244756277	0.1452634980385837	0.17415730337078653	0.7804307116104869	0.42275280898876405	0.5730337078651685	7.037453183520599	0.35778723642039617	0.17415730337078653	0.7804307116104869	0.42275280898876405	0.5730337078651685	7.037453183520599	0.35778723642039617	587481031		0.17415730337078653	0.7804307116104869	0.42275280898876405	0.5730337078651685	7.037453183520599	0.35778723642039617	35	COMPLETE
36	0.10018726591760299	2020-04-07 17:15:38.128962	2020-04-07 17:15:54.750157	128	512	0.32006146924093326	1.000877581467008	0.011704119850187267	0.10018726591760299	0.03089887640449438	0.04962546816479401	48.213951310861425	0.05327571906032569	0.011704119850187267	0.10018726591760299	0.03089887640449438	0.04962546816479401	48.213951310861425	0.05327571906032569	1174238139	150.0	0.011704119850187267	0.10018726591760299	0.03089887640449438	0.04962546816479401	48.213951310861425	0.05327571906032569	36	COMPLETE
37	0.7972846441947565	2020-04-07 17:15:54.762178	2020-04-07 17:18:23.665665	256	512	0.0244122023620625	0.1374918779154214	0.19756554307116106	0.7972846441947565	0.45880149812734083	0.5959737827715356	6.659644194756554	0.3820124484461432	0.19756554307116106	0.7972846441947565	0.45880149812734083	0.5959737827715356	6.659644194756554	0.3820124484461432	2114704654		0.19756554307116106	0.7972846441947565	0.45880149812734083	0.5959737827715356	6.659644194756554	0.3820124484461432	37	COMPLETE
38	0.7462546816479401	2020-04-07 17:18:23.675945	2020-04-07 17:20:37.624826	128	512	0.004211090663345413	0.15652683113652807	0.16713483146067415	0.7462546816479401	0.37734082397003743	0.5107677902621723	7.573501872659176	0.33542222304877506	0.16713483146067415	0.7462546816479401	0.37734082397003743	0.5107677902621723	7.573501872659176	0.33542222304877506	4201039739		0.16713483146067415	0.7462546816479401	0.37734082397003743	0.5107677902621723	7.573501872659176	0.33542222304877506	38	COMPLETE
39	0.8216292134831461	2020-04-07 17:20:37.642034	2020-04-07 17:23:19.921893	128	256	0.046287716464077144	0.13157633682521067	0.21769662921348315	0.8216292134831461	0.4747191011235955	0.6067415730337079	6.367977528089888	0.40073111070678225	0.21769662921348315	0.8216292134831461	0.4747191011235955	0.6067415730337079	6.367977528089888	0.40073111070678225	3353806679		0.21769662921348315	0.8216292134831461	0.4747191011235955	0.6067415730337079	6.367977528089888	0.40073111070678225	39	COMPLETE
40	0.8609550561797753	2020-04-07 17:23:19.933837	2020-04-07 17:26:54.626220	128	128	0.016637355364103695	0.11716664694720523	0.25374531835205993	0.8609550561797753	0.5234082397003745	0.6741573033707865	5.6437265917602994	0.44015988728220257	0.25374531835205993	0.8609550561797753	0.5234082397003745	0.6741573033707865	5.6437265917602994	0.44015988728220257	2200754527	1000.0	0.25374531835205993	0.8609550561797753	0.5234082397003745	0.6741573033707865	5.6437265917602994	0.44015988728220257	40	COMPLETE
41	0.6582397003745318	2020-04-07 17:26:54.638091	2020-04-07 17:28:49.729940	64	512	0.012816263245707945	0.20588687355961469	0.10814606741573034	0.6582397003745318	0.2649812734082397	0.39185393258426965	9.952715355805243	0.2603343855744801	0.10814606741573034	0.6582397003745318	0.2649812734082397	0.39185393258426965	9.952715355805243	0.2603343855744801	361010446	900.0	0.10814606741573034	0.6582397003745318	0.2649812734082397	0.39185393258426965	9.952715355805243	0.2603343855744801	41	COMPLETE
42	0.8122659176029963	2020-04-07 17:28:49.742102	2020-04-07 17:31:38.333721	256	256	0.15409163010812182	0.13340102777509402	0.22612359550561797	0.8122659176029963	0.46769662921348315	0.6095505617977528	6.462546816479401	0.40260847109544035	0.22612359550561797	0.8122659176029963	0.46769662921348315	0.6095505617977528	6.462546816479401	0.40260847109544035	767561679		0.22612359550561797	0.8122659176029963	0.46769662921348315	0.6095505617977528	6.462546816479401	0.40260847109544035	42	COMPLETE
43	0.10720973782771535	2020-04-07 17:31:38.345694	2020-04-07 17:31:58.846582	64	512	0.0030272083255108388	1.005034238563969	0.009363295880149813	0.10720973782771535	0.031835205992509365	0.05337078651685393	48.39840823970037	0.054010980456042336	0.009363295880149813	0.10720973782771535	0.031835205992509365	0.05337078651685393	48.39840823970037	0.054010980456042336	404628197	200.0	0.009363295880149813	0.10720973782771535	0.031835205992509365	0.05337078651685393	48.39840823970037	0.054010980456042336	43	COMPLETE
44	0.8567415730337079	2020-04-07 17:31:58.856527	2020-04-07 17:34:52.741642	128	128	0.001498612514941701	0.1185496043603979	0.25046816479400746	0.8567415730337079	0.5201310861423221	0.6633895131086143	5.722378277153558	0.43517245343981015	0.25046816479400746	0.8567415730337079	0.5201310861423221	0.6633895131086143	5.722378277153558	0.43517245343981015	4245841066	800.0	0.25046816479400746	0.8567415730337079	0.5201310861423221	0.6633895131086143	5.722378277153558	0.43517245343981015	44	COMPLETE
45	0.8099250936329588	2020-04-07 17:34:52.753583	2020-04-07 17:37:12.649534	128	256	0.006271439155172572	0.13475242603224902	0.21301498127340823	0.8099250936329588	0.46207865168539325	0.602996254681648	6.51123595505618	0.3919741792731454	0.21301498127340823	0.8099250936329588	0.46207865168539325	0.602996254681648	6.51123595505618	0.3919741792731454	888616605	900.0	0.21301498127340823	0.8099250936329588	0.46207865168539325	0.602996254681648	6.51123595505618	0.3919741792731454	45	COMPLETE
46	0.0950374531835206	2020-04-07 17:37:12.659538	2020-04-07 17:37:30.073083	256	256	0.7168057613606982	0.9976025719443259	0.011235955056179775	0.0950374531835206	0.03089887640449438	0.05056179775280899	48.03277153558052	0.052945653121898535	0.011235955056179775	0.0950374531835206	0.03089887640449438	0.05056179775280899	48.03277153558052	0.052945653121898535	1197953236	150.0	0.011235955056179775	0.0950374531835206	0.03089887640449438	0.05056179775280899	48.03277153558052	0.052945653121898535	46	COMPLETE
47	0.7364232209737828	2020-04-07 17:37:30.082907	2020-04-07 17:40:12.622309	64	256	0.15829374070194074	0.18232222067886328	0.1441947565543071	0.7364232209737828	0.3202247191011236	0.47752808988764045	8.8061797752809	0.3058201739060092	0.1441947565543071	0.7364232209737828	0.3202247191011236	0.47752808988764045	8.8061797752809	0.3058201739060092	31520509		0.1441947565543071	0.7364232209737828	0.3202247191011236	0.47752808988764045	8.8061797752809	0.3058201739060092	47	COMPLETE
48	0.10440074906367042	2020-04-07 17:40:12.634191	2020-04-07 17:40:38.264062	128	256	0.6388333666533186	0.9959518968071859	0.011704119850187267	0.10440074906367042	0.0351123595505618	0.0552434456928839	48.030196629213485	0.056398499050857316	0.011704119850187267	0.10440074906367042	0.0351123595505618	0.0552434456928839	48.02996254681648	0.056398546483967145	3540246524	200.0	0.011704119850187267	0.10440074906367042	0.0351123595505618	0.0552434456928839	48.030430711610485	0.05639845228581945	48	COMPLETE
49	0.8436329588014981	2020-04-07 17:40:38.274641	2020-04-07 17:44:17.983636	64	128	0.02123043094206607	0.12462404285285496	0.23782771535580524	0.8436329588014981	0.5032771535580525	0.6413857677902621	6.0187265917602994	0.4210431818359171	0.23782771535580524	0.8436329588014981	0.5032771535580525	0.6413857677902621	6.0187265917602994	0.4210431818359171	759897994	1000.0	0.23782771535580524	0.8436329588014981	0.5032771535580525	0.6413857677902621	6.0187265917602994	0.4210431818359171	49	COMPLETE
50	0.10159176029962547	2020-04-07 17:44:17.995593	2020-04-07 17:44:32.246950	128	512	0.0010075430768053985	1.0080620814995553	0.011704119850187267	0.10159176029962547	0.030430711610486893	0.056179775280898875	48.541666666666664	0.054134285557936	0.011704119850187267	0.10159176029962547	0.030430711610486893	0.056179775280898875	48.541666666666664	0.054134285557936	3507064897	150.0	0.011704119850187267	0.10159176029962547	0.030430711610486893	0.056179775280898875	48.541666666666664	0.054134285557936	50	COMPLETE
51	0.8103932584269663	2020-04-07 17:44:32.259044	2020-04-07 17:46:56.127951	256	512	0.022155757721036128	0.13804007012899336	0.17696629213483145	0.8103932584269663	0.425561797752809	0.5842696629213483	6.665262172284645	0.36309460092876383	0.17696629213483145	0.8103932584269663	0.425561797752809	0.5842696629213483	6.665262172284645	0.36309460092876383	2437682636		0.17696629213483145	0.8103932584269663	0.425561797752809	0.5842696629213483	6.665262172284645	0.36309460092876383	51	COMPLETE
52	0.7130149812734082	2020-04-07 17:46:56.144381	2020-04-07 17:49:25.615044	64	128	0.22544778343099883	0.1672615642242538	0.15262172284644196	0.7130149812734082	0.3544007490636704	0.48267790262172283	8.124063670411985	0.31663955457466114	0.15262172284644196	0.7130149812734082	0.3544007490636704	0.48267790262172283	8.124063670411985	0.31663955457466114	3760390620	700.0	0.15262172284644196	0.7130149812734082	0.3544007490636704	0.48267790262172283	8.124063670411985	0.31663955457466114	52	COMPLETE
53	0.8235018726591761	2020-04-07 17:49:25.627631	2020-04-07 17:53:09.341482	64	128	0.004844620810491657	0.1289813630213117	0.22612359550561797	0.8235018726591761	0.49204119850187267	0.6142322097378277	6.232677902621723	0.40917424741891206	0.22612359550561797	0.8235018726591761	0.49204119850187267	0.6142322097378277	6.232677902621723	0.40917424741891206	3172978294		0.22612359550561797	0.8235018726591761	0.49204119850187267	0.6142322097378277	6.232677902621723	0.40917424741891206	53	COMPLETE
54	0.8539325842696629	2020-04-07 17:53:09.353758	2020-04-07 17:56:53.635498	64	128	0.00926457671650639	0.12343573929700122	0.23829588014981273	0.8539325842696629	0.4948501872659176	0.6427902621722846	5.965355805243446	0.4217980490537133	0.23829588014981273	0.8539325842696629	0.4948501872659176	0.6427902621722846	5.965355805243446	0.4217980490537133	998234410		0.23829588014981273	0.8539325842696629	0.4948501872659176	0.6427902621722846	5.965355805243446	0.4217980490537133	54	COMPLETE
55	0.6610486891385767	2020-04-07 17:56:53.647458	2020-04-07 17:59:34.251454	64	256	0.29782406762143904	0.19677996642238807	0.09831460674157304	0.6610486891385767	0.2532771535580524	0.38764044943820225	9.540262172284644	0.24997910876446783	0.09831460674157304	0.6610486891385767	0.2532771535580524	0.38764044943820225	9.540262172284644	0.24997910876446783	3982092156		0.09831460674157304	0.6610486891385767	0.2532771535580524	0.38764044943820225	9.540262172284644	0.24997910876446783	55	COMPLETE
56	0.10205992509363296	2020-04-07 17:59:34.263812	2020-04-07 17:59:49.061368	256	512	0.24643787073062745	0.9873466383210603	0.010767790262172285	0.10205992509363296	0.030430711610486893	0.0552434456928839	47.49485018726592	0.054468544491496323	0.010767790262172285	0.10205992509363296	0.030430711610486893	0.0552434456928839	47.49485018726592	0.054468544491496323	461051645	150.0	0.010767790262172285	0.10205992509363296	0.030430711610486893	0.0552434456928839	47.49485018726592	0.054468544491496323	56	COMPLETE
57	0.8333333333333334	2020-04-07 17:59:49.072155	2020-04-07 18:02:02.593829	256	256	0.017831534617723892	0.12479170200620754	0.23267790262172286	0.8333333333333334	0.5004681647940075	0.6357677902621723	6.027621722846442	0.4173722037956338	0.23267790262172286	0.8333333333333334	0.5004681647940075	0.6357677902621723	6.027621722846442	0.4173722037956338	651219432	850.0	0.23267790262172286	0.8333333333333334	0.5004681647940075	0.6357677902621723	6.027621722846442	0.4173722037956338	57	COMPLETE
58	0.700374531835206	2020-04-07 18:02:02.604822	2020-04-07 18:04:26.296764	128	512	0.18846437806223512	0.18715194137313504	0.12406367041198502	0.700374531835206	0.30664794007490637	0.4508426966292135	9.03370786516854	0.28579330679026266	0.12406367041198502	0.700374531835206	0.30664794007490637	0.4508426966292135	9.03370786516854	0.28579330679026266	334216906		0.12406367041198502	0.700374531835206	0.30664794007490637	0.4508426966292135	9.03370786516854	0.28579330679026266	58	COMPLETE
59	0.6226591760299626	2020-04-07 18:04:26.315673	2020-04-07 18:05:59.816141	64	512	0.008314862635744404	0.19972567851585424	0.0749063670411985	0.6226591760299626	0.22846441947565543	0.35346441947565543	9.673220973782772	0.22677400754716268	0.0749063670411985	0.6226591760299626	0.22846441947565543	0.35346441947565543	9.673220973782772	0.22677400754716268	2432581167	750.0	0.0749063670411985	0.6226591760299626	0.22846441947565543	0.35346441947565543	9.673220973782772	0.22677400754716268	59	COMPLETE
60	0.829119850187266	2020-04-07 18:05:59.827498	2020-04-07 18:08:42.638042	128	256	0.0011077419794396728	0.13254426762527935	0.1956928838951311	0.829119850187266	0.45552434456928836	0.6020599250936329	6.412921348314606	0.38235749063442964	0.1956928838951311	0.829119850187266	0.45552434456928836	0.6020599250936329	6.412921348314606	0.38235749063442964	2952120778		0.1956928838951311	0.829119850187266	0.45552434456928836	0.6020599250936329	6.412921348314606	0.38235749063442964	60	COMPLETE
61	0.8113295880149812	2020-04-07 18:08:42.648726	2020-04-07 18:11:35.486323	256	256	0.1727488327505172	0.13540184677731984	0.2205056179775281	0.8113295880149812	0.4508426966292135	0.6067415730337079	6.557584269662922	0.39581780900212354	0.2205056179775281	0.8113295880149812	0.4508426966292135	0.6067415730337079	6.557584269662922	0.39581780900212354	4261126143		0.2205056179775281	0.8113295880149812	0.4508426966292135	0.6067415730337079	6.557584269662922	0.39581780900212354	61	COMPLETE
62	0.8656367041198502	2020-04-07 18:11:35.498393	2020-04-07 18:14:42.295114	256	256	0.0012775149000764986	0.11622210594996364	0.2612359550561798	0.8656367041198502	0.5341760299625468	0.6718164794007491	5.610486891385768	0.445913352150494	0.2612359550561798	0.8656367041198502	0.5341760299625468	0.6718164794007491	5.610486891385768	0.445913352150494	3536823213		0.2612359550561798	0.8656367041198502	0.5341760299625468	0.6718164794007491	5.610486891385768	0.445913352150494	62	COMPLETE
63	0.8558052434456929	2020-04-07 18:14:42.306373	2020-04-07 18:17:47.395583	256	256	0.0012044133714435798	0.11902005747065283	0.2640449438202247	0.8558052434456929	0.5191947565543071	0.6624531835205992	5.7504681647940075	0.44265252258474563	0.2640449438202247	0.8558052434456929	0.5191947565543071	0.6624531835205992	5.7504681647940075	0.44265252258474563	3550585793		0.2640449438202247	0.8558052434456929	0.5191947565543071	0.6624531835205992	5.7504681647940075	0.44265252258474563	63	COMPLETE
64	0.7125468164794008	2020-04-07 18:17:47.407575	2020-04-07 18:20:15.638618	256	512	0.18416511111309386	0.1687986459155752	0.14372659176029962	0.7125468164794008	0.33754681647940077	0.4695692883895131	8.169007490636703	0.3059663306536082	0.14372659176029962	0.7125468164794008	0.33754681647940077	0.4695692883895131	8.169007490636703	0.3059663306536082	2098743039		0.14372659176029962	0.7125468164794008	0.33754681647940077	0.4695692883895131	8.169007490636703	0.3059663306536082	64	COMPLETE
65	0.7621722846441947	2020-04-07 18:20:15.649545	2020-04-07 18:22:18.745569	128	512	0.00460241932171758	0.15040308832407193	0.18398876404494383	0.7621722846441947	0.4190074906367041	0.5617977528089888	7.2860486891385765	0.35809211419308556	0.18398876404494383	0.7621722846441947	0.4190074906367041	0.5617977528089888	7.2860486891385765	0.35809211419308556	3722783897	900.0	0.18398876404494383	0.7621722846441947	0.4190074906367041	0.5617977528089888	7.2860486891385765	0.35809211419308556	65	COMPLETE
66	0.8150749063670412	2020-04-07 18:22:18.755736	2020-04-07 18:24:45.572343	256	512	0.011905594142426064	0.13962514917732458	0.17275280898876405	0.8150749063670412	0.42275280898876405	0.5669475655430711	6.75	0.3590390972785801	0.17275280898876405	0.8150749063670412	0.42275280898876405	0.5669475655430711	6.75	0.3590390972785801	28952507		0.17275280898876405	0.8150749063670412	0.42275280898876405	0.5669475655430711	6.75	0.3590390972785801	66	COMPLETE
67	0.10159176029962547	2020-04-07 18:24:45.584272	2020-04-07 18:25:00.594022	64	512	0.1034855317540834	1.0006738043493113	0.0149812734082397	0.10159176029962547	0.03604868913857678	0.05337078651685393	48.21114232209738	0.0574761885883221	0.0149812734082397	0.10159176029962547	0.03604868913857678	0.05337078651685393	48.21114232209738	0.0574761885883221	245296089	150.0	0.0149812734082397	0.10159176029962547	0.03604868913857678	0.05337078651685393	48.21114232209738	0.0574761885883221	67	COMPLETE
68	0.8600187265917603	2020-04-07 18:25:00.605646	2020-04-07 18:29:51.122659	128	128	0.004074635123079072	0.11834411753763616	0.25608614232209737	0.8600187265917603	0.5205992509363296	0.6633895131086143	5.699906367041199	0.4381043904670966	0.25608614232209737	0.8600187265917603	0.5205992509363296	0.6633895131086143	5.699906367041199	0.4381043904670966	1835984102		0.25608614232209737	0.8600187265917603	0.5205992509363296	0.6633895131086143	5.699906367041199	0.4381043904670966	68	COMPLETE
69	0.8235018726591761	2020-04-07 18:29:51.134345	2020-04-07 18:32:56.166796	128	256	0.014850453428043994	0.13166996750244628	0.20739700374531836	0.8235018726591761	0.4648876404494382	0.6058052434456929	6.350187265917603	0.39061227989084946	0.20739700374531836	0.8235018726591761	0.4648876404494382	0.6058052434456929	6.350187265917603	0.39061227989084946	4089412968	1000.0	0.20739700374531836	0.8235018726591761	0.4648876404494382	0.6058052434456929	6.350187265917603	0.39061227989084946	69	COMPLETE
70	0.8441011235955056	2020-04-07 18:32:56.178653	2020-04-07 18:37:11.445477	128	128	0.1752683482457217	0.1224483819896432	0.23595505617977527	0.8441011235955056	0.5009363295880149	0.649812734082397	5.916666666666667	0.42176252509975226	0.23595505617977527	0.8441011235955056	0.5009363295880149	0.649812734082397	5.916666666666667	0.42176252509975226	1555999195		0.23595505617977527	0.8441011235955056	0.5009363295880149	0.649812734082397	5.916666666666667	0.42176252509975226	70	COMPLETE
71	0.10908239700374532	2020-04-07 18:37:11.457496	2020-04-07 18:37:52.273689	64	256	0.5967833452058032	0.9841043748387069	0.011235955056179775	0.10908239700374532	0.03323970037453183	0.05571161048689138	47.46629213483146	0.05597515174987462	0.011235955056179775	0.10908239700374532	0.03323970037453183	0.05571161048689138	47.46535580524345	0.055975622733057666	766266478	250.0	0.011235955056179775	0.10908239700374532	0.03323970037453183	0.05571161048689138	47.46722846441948	0.05597469256480258	71	COMPLETE
72	0.8136704119850188	2020-04-07 18:37:52.284591	2020-04-07 18:40:17.254041	256	256	0.013887918352124329	0.1305713934103578	0.2153558052434457	0.8136704119850188	0.4653558052434457	0.6123595505617978	6.308988764044944	0.3980608191595145	0.2153558052434457	0.8136704119850188	0.4653558052434457	0.6123595505617978	6.308988764044944	0.3980608191595145	2346705270	800.0	0.2153558052434457	0.8136704119850188	0.4653558052434457	0.6123595505617978	6.308988764044944	0.3980608191595145	72	COMPLETE
73	0.11470037453183521	2020-04-07 18:40:17.266043	2020-04-07 18:41:10.515090	256	512	0.5468702763777709	0.9716483387304296	0.012640449438202247	0.11470037453183521	0.04073033707865169	0.05898876404494382	46.855805243445694	0.05903318370194676	0.012640449438202247	0.11470037453183521	0.04073033707865169	0.05898876404494382	46.85533707865169	0.059033750658853114	808333772	400.0	0.012640449438202247	0.11470037453183521	0.04073033707865169	0.05898876404494382	46.8562734082397	0.05903263598077215	73	COMPLETE
74	0.7176966292134831	2020-04-07 18:41:10.527171	2020-04-07 18:42:46.584512	128	512	0.0021960053752256505	0.1674452765516881	0.12921348314606743	0.7176966292134831	0.32256554307116103	0.4648876404494382	8.094101123595506	0.29680048677617066	0.12921348314606743	0.7176966292134831	0.32256554307116103	0.4648876404494382	8.094101123595506	0.29680048677617066	2180592723	750.0	0.12921348314606743	0.7176966292134831	0.32256554307116103	0.4648876404494382	8.094101123595506	0.29680048677617066	74	COMPLETE
75	0.8544007490636704	2020-04-07 18:42:46.595086	2020-04-07 18:45:43.483775	128	128	0.006243116290464714	0.12336621645485724	0.21956928838951312	0.8544007490636704	0.4953183520599251	0.6484082397003745	5.949906367041199	0.41073004460994417	0.21956928838951312	0.8544007490636704	0.4953183520599251	0.6484082397003745	5.949906367041199	0.41073004460994417	1444133733	850.0	0.21956928838951312	0.8544007490636704	0.4953183520599251	0.6484082397003745	5.949906367041199	0.41073004460994417	75	COMPLETE
76	0.6863295880149812	2020-04-07 18:45:43.495954	2020-04-07 18:48:05.771885	256	512	0.22439736716107778	0.1808033506595268	0.13717228464419476	0.6863295880149812	0.30337078651685395	0.4405430711610487	8.747659176029963	0.29224062620438146	0.13717228464419476	0.6863295880149812	0.30337078651685395	0.4405430711610487	8.747659176029963	0.29224062620438146	2680878042		0.13717228464419476	0.6863295880149812	0.30337078651685395	0.4405430711610487	8.747659176029963	0.29224062620438146	76	COMPLETE
77	0.776685393258427	2020-04-07 18:48:05.784098	2020-04-07 18:50:52.568057	128	256	0.17228901868996715	0.14688562086699636	0.18679775280898878	0.776685393258427	0.4232209737827715	0.5585205992509363	7.124063670411985	0.36178697647975433	0.18679775280898878	0.776685393258427	0.4232209737827715	0.5585205992509363	7.124063670411985	0.36178697647975433	794558247		0.18679775280898878	0.776685393258427	0.4232209737827715	0.5585205992509363	7.124063670411985	0.36178697647975433	77	COMPLETE
78	0.6783707865168539	2020-04-07 18:50:52.579975	2020-04-07 18:53:40.288248	256	256	0.33582402820729046	0.20090008856578684	0.10393258426966293	0.6783707865168539	0.2663857677902622	0.40870786516853935	9.69756554307116	0.26211040010123837	0.10393258426966293	0.6783707865168539	0.2663857677902622	0.40870786516853935	9.69756554307116	0.26211040010123837	59605641		0.10393258426966293	0.6783707865168539	0.2663857677902622	0.40870786516853935	9.69756554307116	0.26211040010123837	78	COMPLETE
79	0.09784644194756555	2020-04-07 18:53:40.301115	2020-04-07 18:53:54.415817	128	512	0.006083838502175053	1.0318105037695613	0.009831460674157303	0.09784644194756555	0.03089887640449438	0.04962546816479401	49.670411985018724	0.052577559364332574	0.009831460674157303	0.09784644194756555	0.03089887640449438	0.04962546816479401	49.670411985018724	0.052577559364332574	1492071893	150.0	0.009831460674157303	0.09784644194756555	0.03089887640449438	0.04962546816479401	49.670411985018724	0.052577559364332574	79	COMPLETE
80	0.8089887640449438	2020-04-07 18:53:54.425904	2020-04-07 18:56:10.144407	256	512	0.030077395122173833	0.13150048432679853	0.2102059925093633	0.8089887640449438	0.4653558052434457	0.6015917602996255	6.352059925093633	0.39145733822343687	0.2102059925093633	0.8089887640449438	0.4653558052434457	0.6015917602996255	6.352059925093633	0.39145733822343687	1641570482	1000.0	0.2102059925093633	0.8089887640449438	0.4653558052434457	0.6015917602996255	6.352059925093633	0.39145733822343687	80	COMPLETE
81	0.797752808988764	2020-04-07 18:56:10.154471	2020-04-07 18:58:58.888142	64	256	0.0010790570111666711	0.14249079946466905	0.1760299625468165	0.797752808988764	0.424625468164794	0.5519662921348315	6.912921348314606	0.35839648146456515	0.1760299625468165	0.797752808988764	0.424625468164794	0.5519662921348315	6.912921348314606	0.35839648146456515	3075203027		0.1760299625468165	0.797752808988764	0.424625468164794	0.5519662921348315	6.912921348314606	0.35839648146456515	81	COMPLETE
82	0.8174157303370787	2020-04-07 18:58:58.900124	2020-04-07 19:01:31.646724	128	256	0.021576143249289106	0.13677589794226716	0.19194756554307116	0.8174157303370787	0.4363295880149813	0.5912921348314607	6.611423220973783	0.37319852784661894	0.19194756554307116	0.8174157303370787	0.4363295880149813	0.5912921348314607	6.611423220973783	0.37319852784661894	408986832	950.0	0.19194756554307116	0.8174157303370787	0.4363295880149813	0.5912921348314607	6.611423220973783	0.37319852784661894	82	COMPLETE
83	0.6970973782771536	2020-04-07 19:01:31.658895	2020-04-07 19:03:32.107273	64	512	0.028079810074196913	0.181231169650952	0.11423220973782772	0.6970973782771536	0.2785580524344569	0.42228464419475653	8.775280898876405	0.2708957545554422	0.11423220973782772	0.6970973782771536	0.2785580524344569	0.42228464419475653	8.775280898876405	0.2708957545554422	4004228902	950.0	0.11423220973782772	0.6970973782771536	0.2785580524344569	0.42228464419475653	8.775280898876405	0.2708957545554422	83	COMPLETE
84	0.8539325842696629	2020-04-07 19:03:32.117347	2020-04-07 19:07:14.077039	128	128	0.008523200188963995	0.11894165888979807	0.2551498127340824	0.8539325842696629	0.5360486891385767	0.6615168539325843	5.745318352059925	0.4408387588690872	0.2551498127340824	0.8539325842696629	0.5360486891385767	0.6615168539325843	5.745318352059925	0.4408387588690872	3367731722	1000.0	0.2551498127340824	0.8539325842696629	0.5360486891385767	0.6615168539325843	5.745318352059925	0.4408387588690872	84	COMPLETE
85	0.8169475655430711	2020-04-07 19:07:14.088813	2020-04-07 19:09:58.461786	64	256	0.015662547537959176	0.1308553734687872	0.2144194756554307	0.8169475655430711	0.4789325842696629	0.602996254681648	6.3155430711610485	0.3963299597899663	0.2144194756554307	0.8169475655430711	0.4789325842696629	0.602996254681648	6.3155430711610485	0.3963299597899663	1502025844		0.2144194756554307	0.8169475655430711	0.4789325842696629	0.602996254681648	6.3155430711610485	0.3963299597899663	85	COMPLETE
86	0.826310861423221	2020-04-07 19:09:58.471887	2020-04-07 19:12:29.635677	128	128	0.01466939153772291	0.12624237011884398	0.2406367041198502	0.826310861423221	0.49953183520599254	0.6352996254681648	6.0950374531835205	0.4205733584316422	0.2406367041198502	0.826310861423221	0.49953183520599254	0.6352996254681648	6.0950374531835205	0.4205733584316422	3521855464	700.0	0.2406367041198502	0.826310861423221	0.49953183520599254	0.6352996254681648	6.0950374531835205	0.4205733584316422	86	COMPLETE
87	0.851123595505618	2020-04-07 19:12:29.647666	2020-04-07 19:15:44.879545	128	128	0.02348794957156433	0.11830529691790988	0.2448501872659176	0.851123595505618	0.5318352059925093	0.6821161048689138	5.701310861423221	0.4363645275176233	0.2448501872659176	0.851123595505618	0.5318352059925093	0.6821161048689138	5.701310861423221	0.4363645275176233	251573060	900.0	0.2448501872659176	0.851123595505618	0.5318352059925093	0.6821161048689138	5.701310861423221	0.4363645275176233	87	COMPLETE
88	0.6591760299625468	2020-04-07 19:15:44.890666	2020-04-07 19:17:55.384068	128	512	0.2377416390967718	0.2048795254175527	0.12453183520599251	0.6591760299625468	0.2949438202247191	0.42134831460674155	9.924157303370787	0.2790323938894054	0.12453183520599251	0.6591760299625468	0.2949438202247191	0.42134831460674155	9.924157303370787	0.2790323938894054	3118182554		0.12453183520599251	0.6591760299625468	0.2949438202247191	0.42134831460674155	9.924157303370787	0.2790323938894054	88	COMPLETE
89	0.798689138576779	2020-04-07 19:17:55.396046	2020-04-07 19:20:05.901907	64	128	0.0043863342776043895	0.13787606317542966	0.20224719101123595	0.798689138576779	0.45786516853932585	0.5959737827715356	6.673689138576779	0.38486479775607474	0.20224719101123595	0.798689138576779	0.45786516853932585	0.5959737827715356	6.673689138576779	0.38486479775607474	1427089394	650.0	0.20224719101123595	0.798689138576779	0.45786516853932585	0.5959737827715356	6.673689138576779	0.38486479775607474	89	COMPLETE
90	0.8651685393258427	2020-04-07 19:20:05.912089	2020-04-07 19:22:40.171497	256	128	0.0028362076475517456	0.11322761349875327	0.2762172284644195	0.8651685393258427	0.5346441947565543	0.6638576779026217	5.465823970037453	0.45496316082189714	0.2762172284644195	0.8651685393258427	0.5346441947565543	0.6638576779026217	5.465823970037453	0.45496316082189714	219899920	750.0	0.2762172284644195	0.8651685393258427	0.5346441947565543	0.6638576779026217	5.465823970037453	0.45496316082189714	90	COMPLETE
91	0.7743445692883895	2020-04-07 19:22:40.183509	2020-04-07 19:26:19.060663	128	128	0.3187473190439029	0.14866989685487603	0.19101123595505617	0.7743445692883895	0.41385767790262173	0.5379213483146067	7.206460674157303	0.36054110480095003	0.19101123595505617	0.7743445692883895	0.41385767790262173	0.5379213483146067	7.206460674157303	0.36054110480095003	2240663258		0.19101123595505617	0.7743445692883895	0.41385767790262173	0.5379213483146067	7.206460674157303	0.36054110480095003	91	COMPLETE
92	0.10627340823970037	2020-04-07 19:26:19.072635	2020-04-07 19:26:33.445328	128	512	0.10886822922522028	0.98427630052553	0.012172284644194757	0.10627340823970037	0.02902621722846442	0.05196629213483146	47.38810861423221	0.05533893875778058	0.012172284644194757	0.10627340823970037	0.02902621722846442	0.05196629213483146	47.38810861423221	0.05533893875778058	1255492108	150.0	0.012172284644194757	0.10627340823970037	0.02902621722846442	0.05196629213483146	47.38810861423221	0.05533893875778058	92	COMPLETE
93	0.8581460674157303	2020-04-07 19:26:33.457634	2020-04-07 19:28:55.174986	256	128	0.0040944054253667286	0.1146307568343126	0.27153558052434457	0.8581460674157303	0.5369850187265918	0.6797752808988764	5.519662921348314	0.4535501737944299	0.27153558052434457	0.8581460674157303	0.5369850187265918	0.6797752808988764	5.519662921348314	0.4535501737944299	2250257426	700.0	0.27153558052434457	0.8581460674157303	0.5369850187265918	0.6797752808988764	5.519662921348314	0.4535501737944299	93	COMPLETE
94	0.846441947565543	2020-04-07 19:28:55.186050	2020-04-07 19:32:23.295602	128	128	0.0010009734191641895	0.12073358953302579	0.2542134831460674	0.846441947565543	0.5327715355805244	0.6582397003745318	5.823501872659176	0.438543249677336	0.2542134831460674	0.846441947565543	0.5327715355805244	0.6582397003745318	5.823501872659176	0.438543249677336	503910998	1000.0	0.2542134831460674	0.846441947565543	0.5327715355805244	0.6582397003745318	5.823501872659176	0.438543249677336	94	COMPLETE
95	0.8085205992509363	2020-04-07 19:32:23.307561	2020-04-07 19:34:33.775001	128	512	0.006045033850366011	0.141015856000089	0.19241573033707865	0.8085205992509363	0.4353932584269663	0.575374531835206	6.817883895131086	0.37176828154736397	0.19241573033707865	0.8085205992509363	0.4353932584269663	0.575374531835206	6.817883895131086	0.37176828154736397	2531001081		0.19241573033707865	0.8085205992509363	0.4353932584269663	0.575374531835206	6.817883895131086	0.37176828154736397	95	COMPLETE
96	0.8684456928838952	2020-04-07 19:34:33.786984	2020-04-07 19:37:50.849333	256	128	0.025914661677824295	0.11102554102668936	0.2654494382022472	0.8684456928838952	0.5571161048689138	0.6886704119850188	5.34691011235955	0.45612195109106884	0.2654494382022472	0.8684456928838952	0.5571161048689138	0.6886704119850188	5.34691011235955	0.45612195109106884	1896227183	950.0	0.2654494382022472	0.8684456928838952	0.5571161048689138	0.6886704119850188	5.34691011235955	0.45612195109106884	96	COMPLETE
97	0.8576779026217228	2020-04-07 19:37:50.867349	2020-04-07 19:40:33.657948	256	256	0.025553419896904298	0.11595734582833722	0.25936329588014984	0.8576779026217228	0.5337078651685393	0.6652621722846442	5.58567415730337	0.4418680689803119	0.25936329588014984	0.8576779026217228	0.5337078651685393	0.6652621722846442	5.58567415730337	0.4418680689803119	808310361		0.25936329588014984	0.8576779026217228	0.5337078651685393	0.6652621722846442	5.58567415730337	0.4418680689803119	97	COMPLETE
98	0.8206928838951311	2020-04-07 19:40:33.668130	2020-04-07 19:43:05.569878	64	128	0.0025668776482996787	0.1334828596312748	0.20177902621722846	0.8206928838951311	0.45880149812734083	0.6067415730337079	6.455056179775281	0.3868359774052396	0.20177902621722846	0.8206928838951311	0.45880149812734083	0.6067415730337079	6.455056179775281	0.3868359774052396	3987011164	750.0	0.20177902621722846	0.8206928838951311	0.45880149812734083	0.6067415730337079	6.455056179775281	0.3868359774052396	98	COMPLETE
99	0.8796816479400749	2020-04-07 19:43:05.580190	2020-04-07 19:46:39.875829	256	128	0.10284468400337869	0.10832615412182213	0.2720037453183521	0.8796816479400749	0.5514981273408239	0.6961610486891385	5.215355805243446	0.46173967657191883	0.2720037453183521	0.8796816479400749	0.5514981273408239	0.6961610486891385	5.215355805243446	0.46173967657191883	3880536573	1000.0	0.2720037453183521	0.8796816479400749	0.5514981273408239	0.6961610486891385	5.215355805243446	0.46173967657191883	99	COMPLETE
