number	value	datetime_start	datetime_complete	params_model.embedding_dim	params_optimizer.lr	params_training.batch_size	params_training.label_smoothing	user_attrs_avg.adjusted_mean_rank	user_attrs_avg.hits_at_1	user_attrs_avg.hits_at_10	user_attrs_avg.hits_at_3	user_attrs_avg.hits_at_5	user_attrs_avg.mean_rank	user_attrs_avg.mean_reciprocal_rank	user_attrs_best.hits_at_1	user_attrs_best.hits_at_10	user_attrs_best.hits_at_3	user_attrs_best.hits_at_5	user_attrs_best.mean_rank	user_attrs_best.mean_reciprocal_rank	user_attrs_random_seed	user_attrs_stopped_epoch	user_attrs_worst.hits_at_1	user_attrs_worst.hits_at_10	user_attrs_worst.hits_at_3	user_attrs_worst.hits_at_5	user_attrs_worst.mean_rank	user_attrs_worst.mean_reciprocal_rank	system_attrs__number	state
0	0.7944756554307116	2020-04-03 00:28:25.610215	2020-04-03 00:29:47.119714	64	0.030700422812775845	128	0.05563813353345872	0.206533032208716	0.09784644194756555	0.7944756554307116	0.40402621722846443	0.5819288389513109	10.101357677902621	0.3316790387113796	0.6460674157303371	0.952247191011236	0.8075842696629213	0.8651685393258427	2.697565543071161	0.74589302091375	3230005937	500.0	0.09784644194756555	0.6554307116104869	0.2799625468164794	0.425561797752809	17.505149812734082	0.25528359265518363	0	COMPLETE
1	0.07303370786516854	2020-04-03 00:29:47.196072	2020-04-03 00:30:08.999461	128	0.010486548587663689	512	0.559785418547827	0.9939912138628854	0.0056179775280898875	0.07303370786516854	0.02153558052434457	0.03885767790262172	47.960205992509366	0.042071782834106924	0.07865168539325842	0.6067415730337079	0.21254681647940074	0.3497191011235955	10.514044943820224	0.22332046015446616	469383974	150.0	0.0056179775280898875	0.050093632958801496	0.01638576779026217	0.026685393258426966	85.40636704119851	0.028605715915348787	1	COMPLETE
2	0.09410112359550561	2020-04-03 00:30:09.049699	2020-04-03 00:30:35.329579	128	0.001506436033559001	128	0.012974837416936186	1.0042945408141972	0.0009363295880149813	0.09410112359550561	0.020599250936329586	0.04915730337078652	48.41315543071161	0.04602147563020311	0.04073033707865169	0.11423220973782772	0.048220973782771535	0.06741573033707865	46.070692883895134	0.07757210901725829	3889873330	150.0	0.0009363295880149813	0.07771535580524344	0.007022471910112359	0.02762172284644195	50.75561797752809	0.03778710062318691	2	COMPLETE
3	0.08707865168539326	2020-04-03 00:30:35.369812	2020-04-03 00:31:01.387721	128	0.0010592154738514592	128	0.0010509125775516083	1.0023115904014628	0.0	0.08707865168539326	0.02153558052434457	0.04353932584269663	48.306179775280896	0.044526371817637474	0.04073033707865169	0.11329588014981273	0.04681647940074907	0.06413857677902622	46.081460674157306	0.07721173412904134	2529849205	150.0	0.0	0.06694756554307116	0.006554307116104869	0.023408239700374533	50.53089887640449	0.03614503310769443	3	COMPLETE
4	0.14559925093632958	2020-04-03 00:31:01.425591	2020-04-03 00:32:16.060551	64	0.003537526001363747	256	0.0012327879798244477	0.9064687741266333	0.01544943820224719	0.14559925093632958	0.04119850187265917	0.07818352059925093	43.7127808988764	0.06628035019300194	0.052434456928838954	0.38717228464419473	0.12078651685393259	0.18726591760299627	16.342228464419474	0.15255552323920551	1263173831	550.0	0.01544943820224719	0.12593632958801498	0.027153558052434457	0.05290262172284644	71.08333333333333	0.052271861636285874	4	COMPLETE
5	0.09878277153558053	2020-04-03 00:32:16.109353	2020-04-03 00:32:49.195548	256	0.00945228640312183	512	0.016601751216414173	0.9802538738446485	0.0056179775280898875	0.09878277153558053	0.02153558052434457	0.04353932584269663	47.34784644194757	0.04892700224015904	0.02153558052434457	0.2645131086142322	0.07911985018726592	0.14606741573033707	22.9812734082397	0.1064666477502384	4092867251	150.0	0.0056179775280898875	0.07350187265917603	0.017790262172284643	0.03277153558052434	71.71441947565543	0.03705328402955248	5	COMPLETE
6	0.8408239700374532	2020-04-03 00:32:49.242649	2020-04-03 00:34:10.883388	64	0.024956897392409583	128	0.10617971288467516	0.17370383153854405	0.10908239700374532	0.8408239700374532	0.47097378277153557	0.6573033707865169	8.477059925093632	0.3683776454993438	0.6629213483146067	0.9405430711610487	0.802434456928839	0.8787453183520599	2.8202247191011236	0.7531867829142097	406174671	500.0	0.10908239700374532	0.7336142322097379	0.34222846441947563	0.49953183520599254	14.133895131086142	0.28771138138736985	6	COMPLETE
7	0.5852059925093633	2020-04-03 00:34:10.954693	2020-04-03 00:36:22.562166	256	0.03149470973012976	256	0.010875715470716016	0.33734662821498956	0.06367041198501873	0.5852059925093633	0.2607677902621723	0.39232209737827717	16.452247191011235	0.23770500738150188	0.375	0.8684456928838952	0.6292134831460674	0.7420411985018727	5.0706928838951315	0.5371205011602804	821492683	600.0	0.06367041198501873	0.46114232209737827	0.18679775280898878	0.2902621722846442	27.83380149812734	0.18365052027057255	7	COMPLETE
8	0.04400749063670412	2020-04-03 00:36:22.612321	2020-04-03 00:37:50.728766	256	0.077590422327913	256	0.7281244245744785	0.9466035854932939	0.007022471910112359	0.04400749063670412	0.027153558052434457	0.03277153558052434	45.651685393258425	0.04180641845643031	0.48080524344569286	0.898876404494382	0.7078651685393258	0.7968164794007491	5.10814606741573	0.6232549722399113	3319150490	400.0	0.007022471910112359	0.03698501872659176	0.02200374531835206	0.027153558052434457	86.19522471910112	0.02790938764942471	8	COMPLETE
9	0.721441947565543	2020-04-03 00:37:50.777382	2020-04-03 00:39:56.828384	256	0.023933897171252612	512	0.015374506921046876	0.2434673960519473	0.1203183520599251	0.721441947565543	0.39747191011235955	0.549625468164794	11.880149812734082	0.3284927922378152	0.49063670411985016	0.9143258426966292	0.6882022471910112	0.7865168539325843	3.7579588014981273	0.6248840295573383	3336760877	600.0	0.1203183520599251	0.6184456928838952	0.300561797752809	0.4353932584269663	20.002340823970037	0.26676700371789197	9	COMPLETE
10	0.06741573033707865	2020-04-03 00:39:56.880700	2020-04-03 00:40:17.225219	64	0.009175206447434482	128	0.6096149930613823	0.9919609087126936	0.0046816479400749065	0.06741573033707865	0.02247191011235955	0.039794007490636704	47.86750936329588	0.03958243900629109	0.11423220973782772	0.7359550561797753	0.30852059925093633	0.47097378277153557	8.613295880149813	0.28310703790787367	152395235	150.0	0.0046816479400749065	0.05383895131086142	0.01451310861423221	0.028089887640449437	87.12172284644194	0.027018492193992837	10	COMPLETE
11	0.6891385767790262	2020-04-03 00:40:17.264424	2020-04-03 00:41:25.018207	64	0.05511471227851058	512	0.007075207445038534	0.26499415452553704	0.05290262172284644	0.6891385767790262	0.2607677902621723	0.44662921348314605	12.976825842696629	0.24430613296456977	0.5739700374531835	0.9199438202247191	0.7322097378277154	0.8249063670411985	3.5149812734082397	0.6824181359339239	2617321489	550.0	0.05290262172284644	0.5234082397003745	0.16151685393258428	0.2893258426966292	22.43867041198502	0.17966460142670085	11	COMPLETE
12	0.28136704119850187	2020-04-03 00:41:25.072476	2020-04-03 00:43:51.357582	64	0.004912539534114014	256	0.003112525726019793	0.7466323806508357	0.1100187265917603	0.28136704119850187	0.2303370786516854	0.2649812734082397	36.22401685393258	0.19734580211684227	0.4363295880149813	0.9681647940074907	0.7930711610486891	0.8951310861423221	3.519662921348315	0.6305693041579566	382183539		0.1100187265917603	0.27808988764044945	0.20973782771535582	0.24719101123595505	68.92837078651685	0.17499688409391778	12	COMPLETE
13	0.0898876404494382	2020-04-03 00:43:51.402340	2020-04-03 00:45:05.940312	256	0.09073785185696305	512	0.005565558204542051	0.9387003265274165	0.007958801498127341	0.0898876404494382	0.0351123595505618	0.05290262172284644	45.32186329588015	0.04997919732786286	0.1699438202247191	0.7294007490636704	0.38108614232209737	0.5126404494382022	10.685393258426966	0.33327433558142455	3003415586	350.0	0.007958801498127341	0.06788389513108614	0.023876404494382022	0.03932584269662921	79.95833333333333	0.034828778805710205	13	COMPLETE
14	0.04915730337078652	2020-04-03 00:45:05.977813	2020-04-03 00:45:21.826063	64	0.02263285799961241	512	0.007735892849403939	0.9808268930757774	0.006554307116104869	0.04915730337078652	0.02200374531835206	0.03885767790262172	47.346441947565545	0.03920603911399152	0.36891385767790263	0.9133895131086143	0.6484082397003745	0.7804307116104869	4.23314606741573	0.5454994027190981	3101370716	150.0	0.006554307116104869	0.04447565543071161	0.019194756554307114	0.02762172284644195	90.45973782771536	0.026736244439217082	14	COMPLETE
15	0.8347378277153558	2020-04-03 00:45:21.880055	2020-04-03 00:49:35.095918	256	0.007173526483421645	128	0.022958453609304992	0.19424841555937677	0.20739700374531836	0.8347378277153558	0.5702247191011236	0.7097378277153558	9.494850187265918	0.44944877973677316	0.5163857677902621	0.9499063670411985	0.7579588014981273	0.8623595505617978	3.0519662921348316	0.6610481087431826	2879906012		0.20739700374531836	0.7855805243445693	0.48314606741573035	0.6338951310861424	15.937734082397004	0.3907729519594794	15	COMPLETE
16	0.6128277153558053	2020-04-03 00:49:35.143769	2020-04-03 00:52:12.081451	256	0.030486515026464746	512	0.21857734398773593	0.3462293668351858	0.0552434456928839	0.6128277153558053	0.24672284644194756	0.3852996254681648	16.917837078651687	0.2293034277677468	0.4297752808988764	0.898876404494382	0.670880149812734	0.7682584269662921	4.105805243445693	0.5818876916685835	244996325	750.0	0.0552434456928839	0.4602059925093633	0.17368913857677903	0.26685393258426965	29.72986891385768	0.17305543284670416	16	COMPLETE
17	0.08426966292134831	2020-04-03 00:52:12.137105	2020-04-03 00:52:42.804275	128	0.00406501635490609	256	0.2230739616551139	0.9985485449677494	0.006554307116104869	0.08426966292134831	0.021067415730337078	0.03838951310861423	48.14115168539326	0.045912334838203624	0.04353932584269663	0.32631086142322097	0.11610486891385768	0.18726591760299627	20.658239700374533	0.1375179686596275	3881495141	200.0	0.006554307116104869	0.054775280898876406	0.015917602996254682	0.02949438202247191	75.62406367041199	0.03371827542723884	17	COMPLETE
18	0.1647940074906367	2020-04-03 00:52:42.850568	2020-04-03 00:54:19.375705	256	0.03389574307363918	128	0.45770653328260014	0.8341716872057302	0.009831460674157303	0.1647940074906367	0.05337078651685393	0.09597378277153558	40.36212546816479	0.07076265768478489	0.30711610486891383	0.8375468164794008	0.5594569288389513	0.6750936329588015	6.39185393258427	0.4734679465800568	1780197127	400.0	0.009831460674157303	0.11142322097378277	0.03651685393258427	0.05711610486891386	74.33239700374531	0.04809111170907189	18	COMPLETE
19	0.8047752808988764	2020-04-03 00:54:19.437380	2020-04-03 00:57:14.061007	256	0.01150340631917601	256	0.0016555437713421483	0.20506517862123244	0.17181647940074907	0.8047752808988764	0.49719101123595505	0.6502808988764045	10.023408239700375	0.4057263754575071	0.4897003745318352	0.9410112359550562	0.7368913857677902	0.8323970037453183	3.256554307116105	0.6404975883684092	3193808138	800.0	0.17181647940074907	0.7317415730337079	0.42790262172284643	0.5440074906367042	16.790262172284645	0.34640277040473355	19	COMPLETE
20	0.8347378277153558	2020-04-03 00:57:14.112237	2020-04-03 00:58:29.058749	64	0.02666054436707663	512	0.01562604379162155	0.19145653612060604	0.16853932584269662	0.8347378277153558	0.5500936329588015	0.7162921348314607	9.353698501872659	0.4303750636745237	0.6409176029962547	0.9611423220973783	0.827247191011236	0.900749063670412	2.724250936329588	0.7512641387180353	3529553494	600.0	0.16853932584269662	0.7780898876404494	0.4559925093632959	0.5842696629213483	15.98314606741573	0.35639897846131946	20	COMPLETE
21	0.0950374531835206	2020-04-03 00:58:29.114767	2020-04-03 00:59:13.704034	128	0.002252385146086689	512	0.32521019282666513	1.0285975304615338	0.0018726591760299626	0.0950374531835206	0.026217228464419477	0.04307116104868914	49.636470037453186	0.046059573810237245	0.040262172284644196	0.11750936329588015	0.048220973782771535	0.07209737827715355	47.18445692883895	0.07719018188606128	1705340877	300.0	0.0018726591760299626	0.07631086142322098	0.009831460674157303	0.02762172284644195	52.08848314606742	0.037459616593501735	21	COMPLETE
22	0.07911985018726592	2020-04-03 00:59:13.759417	2020-04-03 00:59:51.667585	64	0.0016691452241218252	128	0.25512633529551454	1.0143141019609774	0.005149812734082397	0.07911985018726592	0.015917602996254682	0.03604868913857678	48.92954119850187	0.04097345975642278	0.02855805243445693	0.3249063670411985	0.0852059925093633	0.16151685393258428	18.116573033707866	0.12330543440767491	459343920	250.0	0.005149812734082397	0.05898876404494382	0.011235955056179775	0.028089887640449437	79.74250936329588	0.030874354341666257	22	COMPLETE
23	0.07724719101123595	2020-04-03 00:59:51.710240	2020-04-03 01:00:25.853031	256	0.0075484384394096165	256	0.4727581578552918	1.0214266734396558	0.005149812734082397	0.07724719101123595	0.021067415730337078	0.035580524344569285	49.260065543071164	0.04309906743615185	0.03323970037453183	0.27715355805243447	0.08801498127340825	0.14232209737827714	20.412921348314608	0.11892664944546405	1361370111	150.0	0.005149812734082397	0.052434456928838954	0.014044943820224719	0.025749063670411985	78.10720973782772	0.03082755713580644	23	COMPLETE
24	0.017322097378277154	2020-04-03 01:00:25.905934	2020-04-03 01:00:47.393850	128	0.023471116036465362	512	0.8712242987213328	0.9998398085006195	0.003745318352059925	0.017322097378277154	0.009831460674157303	0.013108614232209739	48.25117041198502	0.02826594172695545	0.5318352059925093	0.9705056179775281	0.7837078651685393	0.8764044943820225	2.735955056179775	0.6801699280794073	2052970561	150.0	0.003745318352059925	0.01544943820224719	0.00749063670411985	0.010299625468164793	93.76638576779027	0.017236963589661505	24	COMPLETE
25	0.040262172284644196	2020-04-03 01:00:47.444431	2020-04-03 01:02:12.387117	256	0.08655167953056224	128	0.17543231476230464	0.99411220311393	0.0032771535580524347	0.040262172284644196	0.016853932584269662	0.026217228464419477	47.965823970037455	0.034571682090974436	0.26685393258426965	0.7832397003745318	0.48408239700374533	0.6203183520599251	9.204119850187267	0.42528515359613617	858009023	350.0	0.0032771535580524347	0.03417602996254682	0.011235955056179775	0.017790262172284643	86.72752808988764	0.022012782289397362	25	COMPLETE
26	0.09410112359550561	2020-04-03 01:02:12.448705	2020-04-03 01:02:46.482145	256	0.0025602731988033003	256	0.033576914227563315	1.02604402184455	0.0	0.09410112359550561	0.02200374531835206	0.04915730337078652	49.487827715355806	0.044605504620276196	0.04962546816479401	0.11282771535580524	0.05664794007490637	0.07584269662921349	46.703183520599254	0.08433778941923792	13138684	150.0	0.0	0.07256554307116105	0.006086142322097378	0.024812734082397005	52.27247191011236	0.03527714894483967	26	COMPLETE
27	0.10346441947565543	2020-04-03 01:02:46.524690	2020-04-03 01:03:03.491077	64	0.0029389745390067347	256	0.07275756542425144	0.997151179632437	0.0032771535580524347	0.10346441947565543	0.03464419475655431	0.06460674157303371	48.140449438202246	0.053309320142943734	0.03932584269662921	0.11891385767790262	0.05149812734082397	0.07397003745318352	46.26451310861423	0.07834501073105116	396275672	150.0	0.0032771535580524347	0.09222846441947566	0.020599250936329586	0.048220973782771535	50.01638576779026	0.0457865324462866	27	COMPLETE
28	0.08941947565543071	2020-04-03 01:03:03.540136	2020-04-03 01:03:47.053582	256	0.011603659565953894	512	0.22333897047687942	0.9836612341974336	0.0056179775280898875	0.08941947565543071	0.03136704119850187	0.04353932584269663	47.434925093632955	0.04643052097008505	0.03417602996254682	0.44335205992509363	0.1198501872659176	0.20271535580524344	13.9438202247191	0.15076057771796864	206898061	200.0	0.0056179775280898875	0.06273408239700375	0.024812734082397005	0.03651685393258427	80.92602996254682	0.03339162419279292	28	COMPLETE
29	0.7930711610486891	2020-04-03 01:03:47.102902	2020-04-03 01:05:06.886859	128	0.024887134246279623	256	0.0031625376703462915	0.2061677566905635	0.13717228464419476	0.7930711610486891	0.44662921348314605	0.6104868913857678	10.070926966292134	0.3657915267455769	0.5243445692883895	0.9269662921348315	0.7439138576779026	0.8314606741573034	3.302434456928839	0.6591026096319329	1561619717	500.0	0.13717228464419476	0.699438202247191	0.3506554307116105	0.4779962546816479	16.83941947565543	0.29955269357381825	29	COMPLETE
30	0.4957865168539326	2020-04-03 01:05:06.933272	2020-04-03 01:06:35.417351	256	0.03396603746532316	256	0.0038490198500331536	0.46027032523904315	0.046348314606741575	0.4957865168539326	0.1956928838951311	0.3052434456928839	22.429775280898877	0.1880644132872845	0.30664794007490637	0.797752808988764	0.5280898876404494	0.6399812734082397	6.396067415730337	0.4611045449293086	3180167248	400.0	0.046348314606741575	0.36891385767790263	0.1409176029962547	0.21769662921348315	38.46348314606742	0.14303455266156523	30	COMPLETE
31	0.07256554307116105	2020-04-03 01:06:35.464684	2020-04-03 01:07:42.069429	256	0.0696425076998091	256	0.17760027486672664	0.9535580050847267	0.009831460674157303	0.07256554307116105	0.026217228464419477	0.04073033707865169	45.971441947565545	0.047959610384580756	0.18071161048689138	0.673689138576779	0.40823970037453183	0.5332397003745318	11.875936329588015	0.3421915794625293	3807487341	300.0	0.009831460674157303	0.04915730337078652	0.023408239700374533	0.02855805243445693	80.06694756554307	0.03325430293759251	31	COMPLETE
32	0.11189138576779026	2020-04-03 01:07:42.108514	2020-04-03 01:08:42.690120	256	0.0014005512420283773	128	0.16083872125842658	0.9943311923324769	0.00046816479400749064	0.11189138576779026	0.025749063670411985	0.054307116104868915	47.95763108614232	0.04843116775701825	0.05337078651685393	0.14747191011235955	0.06179775280898876	0.0800561797752809	45.20365168539326	0.0917056649643271	3646488244	250.0	0.00046816479400749064	0.08099250936329588	0.005149812734082397	0.02762172284644195	50.71161048689139	0.038097677525470115	32	COMPLETE
33	0.10393258426966293	2020-04-03 01:08:42.730855	2020-04-03 01:08:59.864351	64	0.006653025839200649	256	0.0019279718465961934	0.9701676961925746	0.007022471910112359	0.10393258426966293	0.030430711610486893	0.047752808988764044	46.79213483146067	0.051475568890836654	0.02855805243445693	0.2532771535580524	0.08941947565543071	0.1352996254681648	22.64138576779026	0.1109202550711677	2938463998	150.0	0.007022471910112359	0.07631086142322098	0.026217228464419477	0.03651685393258427	70.94288389513109	0.04039540639793084	33	COMPLETE
34	0.04447565543071161	2020-04-03 01:08:59.917209	2020-04-03 01:09:16.805522	64	0.018203914509420875	256	0.3727603326702654	0.9950602791491854	0.006554307116104869	0.04447565543071161	0.01544943820224719	0.02762172284644195	48.01427902621723	0.035756151517148005	0.2551498127340824	0.8525280898876404	0.5388576779026217	0.6835205992509363	5.4293071161048685	0.4437051138280752	846309335	150.0	0.006554307116104869	0.03745318352059925	0.011235955056179775	0.018726591760299626	90.59925093632958	0.02389563119236317	34	COMPLETE
35	0.7823033707865169	2020-04-03 01:09:16.848180	2020-04-03 01:10:31.483023	64	0.04974377152731718	512	0.0056616038519652825	0.2126349755885491	0.07256554307116105	0.7823033707865169	0.374063670411985	0.5571161048689138	10.387406367041198	0.30422100639660477	0.6479400749063671	0.9339887640449438	0.7991573033707865	0.8576779026217228	3.0739700374531833	0.7412436960101622	3921267726	600.0	0.07256554307116105	0.6278089887640449	0.2556179775280899	0.3862359550561798	17.700842696629213	0.2284641623810619	35	COMPLETE
36	0.6362359550561798	2020-04-03 01:10:31.533976	2020-04-03 01:12:07.535499	128	0.03532928677805638	256	0.40637783224744667	0.3511876277076185	0.04119850187265917	0.6362359550561798	0.24204119850187267	0.4068352059925094	17.163155430711612	0.22082635739723747	0.5533707865168539	0.899812734082397	0.726123595505618	0.8043071161048689	3.8450374531835205	0.6680714541489553	970446570	600.0	0.04119850187265917	0.4714419475655431	0.14794007490636704	0.2598314606741573	30.4812734082397	0.1576369597374955	36	COMPLETE
37	0.07771535580524344	2020-04-03 01:12:07.585013	2020-04-03 01:12:53.107684	128	0.06365022203103153	128	0.0365770508784673	0.9557614125641	0.007958801498127341	0.07771535580524344	0.027153558052434457	0.04588014981273408	46.15496254681648	0.0456674206256929	0.3150749063670412	0.8286516853932584	0.5210674157303371	0.6343632958801498	7.080524344569288	0.465791589288785	762073840	250.0	0.007958801498127341	0.05571161048689138	0.019194756554307114	0.0299625468164794	85.22940074906367	0.030555857390694396	37	COMPLETE
38	0.07865168539325842	2020-04-03 01:12:53.154757	2020-04-03 01:13:40.529273	128	0.002960047450495807	256	0.8738986423296968	1.010948963203443	0.00749063670411985	0.07865168539325842	0.021067415730337078	0.035580524344569285	48.77153558052434	0.0454162435913882	0.021067415730337078	0.20599250936329588	0.05945692883895131	0.09410112359550561	26.359082397003746	0.09151599585125679	3491435816	300.0	0.00749063670411985	0.06132958801498127	0.019662921348314606	0.026217228464419477	71.18398876404494	0.03619921366894494	38	COMPLETE
39	0.08848314606741572	2020-04-03 01:13:40.575336	2020-04-03 01:14:02.521734	128	0.00354536421819602	512	0.5598696586158192	1.022816749818079	0.0	0.08848314606741572	0.018258426966292134	0.040262172284644196	49.354166666666664	0.04282831956675514	0.0351123595505618	0.10814606741573034	0.04353932584269663	0.06413857677902622	46.81273408239701	0.07243714972137773	1390930171	150.0	0.0	0.06460674157303371	0.007022471910112359	0.021067415730337078	51.89559925093633	0.035031879945138136	39	COMPLETE
40	0.0852059925093633	2020-04-03 01:14:02.568510	2020-04-03 01:14:25.793897	128	0.005305804306784561	256	0.25176111666542844	0.983022846544008	0.006554307116104869	0.0852059925093633	0.024344569288389514	0.046348314606741575	47.4190074906367	0.04859203402106791	0.0599250936329588	0.28277153558052437	0.12265917602996254	0.17883895131086142	23.81741573033708	0.14014059123874	3346256138	150.0	0.006554307116104869	0.060861423220973786	0.015917602996254682	0.032303370786516857	71.02059925093633	0.03580650327098765	40	COMPLETE
41	0.11657303370786516	2020-04-03 01:14:25.841313	2020-04-03 01:15:09.452506	256	0.0034803655206289	512	0.14059754420542778	0.9660104355855046	0.0	0.11657303370786516	0.023876404494382022	0.05758426966292135	46.66596441947566	0.04969047244854229	0.05149812734082397	0.14700374531835206	0.06413857677902622	0.09269662921348315	43.811797752808985	0.09249736289060063	2934014992	200.0	0.0	0.09176029962546817	0.007022471910112359	0.028089887640449437	49.52013108614232	0.039166473782610234	41	COMPLETE
42	0.08707865168539326	2020-04-03 01:15:09.505068	2020-04-03 01:15:29.837894	64	0.0015086037040840051	128	0.001152361918849754	1.0171306740408868	0.0009363295880149813	0.08707865168539326	0.02855805243445693	0.04541198501872659	49.03885767790262	0.047254575558758685	0.0351123595505618	0.10814606741573034	0.04073033707865169	0.05337078651685393	47.66619850187266	0.07032268708163143	822460266	150.0	0.0009363295880149813	0.07631086142322098	0.01544943820224719	0.03651685393258427	50.41151685393258	0.04052253868936932	42	COMPLETE
43	0.0599250936329588	2020-04-03 01:15:29.884307	2020-04-03 01:16:36.555275	256	0.0748026898386242	256	0.6074544956413319	0.9674744386546844	0.008895131086142321	0.0599250936329588	0.026685393258426966	0.03885767790262172	46.676029962546814	0.04379307511500004	0.3913857677902622	0.8085205992509363	0.5875468164794008	0.6886704119850188	7.410112359550562	0.526407484345855	2009730374	300.0	0.008895131086142321	0.0449438202247191	0.02294007490636704	0.0299625468164794	85.94194756554307	0.030433589756528455	43	COMPLETE
44	0.7106741573033708	2020-04-03 01:16:36.600975	2020-04-03 01:17:48.651952	128	0.03286140871071825	256	0.02860219365213571	0.27215763334313947	0.07818352059925093	0.7106741573033708	0.31788389513108617	0.47752808988764045	13.300795880149813	0.2794173660454873	0.5430711610486891	0.9194756554307116	0.7509363295880149	0.8127340823970037	3.4573970037453186	0.6677970747809542	922770312	450.0	0.07818352059925093	0.5463483146067416	0.22565543071161048	0.3356741573033708	23.144194756554306	0.21470165335132774	44	COMPLETE
45	0.08099250936329588	2020-04-03 01:17:48.711619	2020-04-03 01:18:11.835967	128	0.0040690086177013205	256	0.02743468482517453	1.0289280330239052	0.0009363295880149813	0.08099250936329588	0.023876404494382022	0.041666666666666664	49.67088014981273	0.04433228201459379	0.032303370786516857	0.10580524344569288	0.04307116104868914	0.06179775280898876	47.06788389513109	0.07025216376373145	1594924134	150.0	0.0009363295880149813	0.06647940074906367	0.008895131086142321	0.027153558052434457	52.27387640449438	0.03675920581295001	45	COMPLETE
46	0.09878277153558053	2020-04-03 01:18:11.884123	2020-04-03 01:18:41.377422	128	0.0011786802994233547	512	0.009035916752038027	0.9998904532344823	0.0	0.09878277153558053	0.023876404494382022	0.05196629213483146	48.25234082397004	0.04623112808757922	0.04728464419475655	0.13202247191011235	0.05290262172284644	0.06741573033707865	45.885299625468164	0.08391681219164997	3744726104	200.0	0.0	0.07771535580524344	0.006086142322097378	0.02762172284644195	50.61938202247191	0.03735765667288248	46	COMPLETE
47	0.0898876404494382	2020-04-03 01:18:41.428865	2020-04-03 01:19:05.810210	64	0.009030605569846495	256	0.06865319759833027	0.9791613628962235	0.005149812734082397	0.0898876404494382	0.02294007490636704	0.04307116104868914	47.24461610486891	0.04430582062817664	0.06601123595505617	0.5454119850187266	0.19428838951310862	0.3057116104868914	12.348314606741573	0.20205859769664708	2145587991	200.0	0.005149812734082397	0.0702247191011236	0.016853932584269662	0.028089887640449437	82.14091760299625	0.031852425178323825	47	COMPLETE
48	0.08848314606741572	2020-04-03 01:19:05.872369	2020-04-03 01:19:21.528304	64	0.0015371997478379514	512	0.28183534789199616	1.0271394591480285	0.0009363295880149813	0.08848314606741572	0.024344569288389514	0.04400749063670412	49.52738764044944	0.04470550990106712	0.03089887640449438	0.1100187265917603	0.042134831460674156	0.05945692883895131	48.04962546816479	0.06820014518491943	1812076012	150.0	0.0009363295880149813	0.07584269662921349	0.011235955056179775	0.03089887640449438	51.00514981273408	0.03834065828533915	48	COMPLETE
49	0.10159176029962547	2020-04-03 01:19:21.576324	2020-04-03 01:19:54.776491	256	0.004424787406176658	512	0.007517940840689644	1.0159421516564928	0.00046816479400749064	0.10159176029962547	0.03277153558052434	0.05711610486891386	49.04119850187266	0.04931353326185621	0.0552434456928839	0.1198501872659176	0.06179775280898876	0.075374531835206	46.19054307116105	0.09025759062309706	3398035818	150.0	0.00046816479400749064	0.08192883895131087	0.011704119850187267	0.03464419475655431	51.89185393258427	0.03887155325799271	49	COMPLETE
50	0.10018726591760299	2020-04-03 01:19:54.823271	2020-04-03 01:20:11.946235	64	0.002336651927075705	256	0.0874404074892693	1.0162674649819132	0.0009363295880149813	0.10018726591760299	0.027153558052434457	0.050093632958801496	49.06788389513109	0.047673135570019134	0.03604868913857678	0.1203183520599251	0.0449438202247191	0.06601123595505617	47.462078651685395	0.07377021839826836	3510971466	150.0	0.0009363295880149813	0.08099250936329588	0.013108614232209739	0.03417602996254682	50.673689138576776	0.04049088549256019	50	COMPLETE
51	0.10767790262172285	2020-04-03 01:20:11.995049	2020-04-03 01:20:55.577141	256	0.0041778183274893445	512	0.001935125354085779	0.993551324015267	0.0009363295880149813	0.10767790262172285	0.02294007490636704	0.050093632958801496	47.971441947565545	0.048426912198084614	0.04307116104868914	0.1451310861423221	0.05383895131086142	0.07724719101123595	45.171816479400746	0.08412079174280887	244268377	200.0	0.0009363295880149813	0.07724719101123595	0.009363295880149813	0.024344569288389514	50.771067415730336	0.03868574362483578	51	COMPLETE
52	0.11095505617977527	2020-04-03 01:20:55.625168	2020-04-03 01:21:27.126625	64	0.005778688603783668	256	0.0010826461869798746	0.9762702186640757	0.008895131086142321	0.11095505617977527	0.030430711610486893	0.05290262172284644	47.05454119850187	0.05244010442987527	0.054307116104868915	0.4157303370786517	0.15121722846441948	0.21676029962546817	15.213951310861423	0.1662976462319983	2133190086	250.0	0.008895131086142321	0.08146067415730338	0.025280898876404494	0.03698501872659176	78.89513108614233	0.03959164308845994	52	COMPLETE
53	0.8080524344569289	2020-04-03 01:21:27.173088	2020-04-03 01:25:40.350623	256	0.008015089557159162	128	0.2536169335217774	0.22615317411525418	0.1797752808988764	0.8080524344569289	0.5229400749063671	0.675561797752809	11.088249063670412	0.41891403402174227	0.5510299625468165	0.9789325842696629	0.7907303370786517	0.8848314606741573	2.5510299625468167	0.692084676663142	2933436342		0.1797752808988764	0.7485955056179775	0.44241573033707865	0.575374531835206	19.625468164794007	0.35462111991365225	53	COMPLETE
54	0.7982209737827716	2020-04-03 01:25:40.398558	2020-04-03 01:28:29.832676	256	0.008243892352685942	128	0.023801463532133284	0.2183945251817114	0.18679775280898878	0.7982209737827716	0.5102996254681648	0.6722846441947565	10.675795880149813	0.41671411063724817	0.5037453183520599	0.9461610486891385	0.75	0.8553370786516854	3.1549625468164795	0.6516154896791416	2413753746	700.0	0.18679775280898878	0.7485955056179775	0.4438202247191011	0.5711610486891385	18.196629213483146	0.35972907719716907	54	COMPLETE
55	0.0950374531835206	2020-04-03 01:28:29.884205	2020-04-03 01:29:06.336784	256	0.0015358881433298226	128	0.018059327738349503	1.0164648667788865	0.0	0.0950374531835206	0.02762172284644195	0.0552434456928839	49.05196629213483	0.046796067334802634	0.05711610486891386	0.12406367041198502	0.06132958801498127	0.0749063670411985	46.3436329588015	0.0904760258266795	3388415520	150.0	0.0	0.07911985018726592	0.006554307116104869	0.02949438202247191	51.760299625468164	0.03663646030548947	55	COMPLETE
56	0.21395131086142322	2020-04-03 01:29:06.390247	2020-04-03 01:31:00.716463	64	0.004748722181404328	512	0.005297866935010708	0.834399785993844	0.03417602996254682	0.21395131086142322	0.10205992509363296	0.14372659176029962	40.408941947565545	0.10256523840586836	0.10580524344569288	0.7153558052434457	0.27247191011235955	0.42930711610486894	8.411048689138577	0.26606686213472885	2287800934	900.0	0.03417602996254682	0.20177902621722846	0.08801498127340825	0.12406367041198502	72.40683520599251	0.08646741587427395	56	COMPLETE
57	0.09925093632958802	2020-04-03 01:31:00.758223	2020-04-03 01:31:46.494271	128	0.0016363120852912545	128	0.14054511243421527	1.014721420427003	0.0023408239700374533	0.09925093632958802	0.02949438202247191	0.052434456928838954	48.99859550561798	0.04951650917769938	0.048220973782771535	0.1254681647940075	0.056179775280898875	0.07256554307116105	46.588951310861425	0.08468779926021373	400430961	250.0	0.0023408239700374533	0.08052434456928839	0.0149812734082397	0.03277153558052434	51.40823970037453	0.040529530887142194	57	COMPLETE
58	0.054775280898876406	2020-04-03 01:31:46.555497	2020-04-03 01:32:32.315737	128	0.0882588279064779	128	0.14943213494204796	0.9845124459860337	0.004213483146067416	0.054775280898876406	0.014044943820224719	0.028089887640449437	47.508192883895134	0.036483795741275894	0.30290262172284643	0.7869850187265918	0.5093632958801498	0.6381086142322098	8.463014981273409	0.45300559522773115	2208490550	250.0	0.004213483146067416	0.03417602996254682	0.009363295880149813	0.017322097378277154	86.55337078651685	0.022996261791148626	58	COMPLETE
59	0.10065543071161048	2020-04-03 01:32:32.367548	2020-04-03 01:33:09.556275	128	0.003302676689007412	512	0.3163589059248548	0.98759065115779	0.0009363295880149813	0.10065543071161048	0.023408239700374533	0.0449438202247191	47.6690074906367	0.04682679246867786	0.03417602996254682	0.12359550561797752	0.04400749063670412	0.06835205992509363	45.058052434456926	0.0741061285243561	2083800938	250.0	0.0009363295880149813	0.08052434456928839	0.010299625468164793	0.02762172284644195	50.27996254681648	0.038667068475500666	59	COMPLETE
60	0.35252808988764045	2020-04-03 01:33:09.612709	2020-04-03 01:34:24.405966	128	0.03832724607869451	128	0.5160026938840162	0.6400319118940442	0.025280898876404494	0.35252808988764045	0.12687265917602997	0.21207865168539325	31.160814606741575	0.1312648804310572	0.4803370786516854	0.87687265917603	0.6633895131086143	0.7514044943820225	4.3927902621722845	0.6038856727847833	3377381351	400.0	0.025280898876404494	0.24344569288389514	0.08333333333333333	0.1348314606741573	57.92883895131086	0.0926946139204791	60	COMPLETE
61	0.7846441947565543	2020-04-03 01:34:24.459699	2020-04-03 01:36:08.120449	128	0.011100367923019572	128	0.00941976795512723	0.24733742737308953	0.16900749063670412	0.7846441947565543	0.5210674157303371	0.6760299625468165	12.049859550561798	0.4101571323759048	0.5786516853932584	0.9545880149812734	0.8038389513108615	0.8759363295880149	2.8361423220973783	0.7066359903275076	3929432784	550.0	0.16900749063670412	0.727996254681648	0.43726591760299627	0.5739700374531835	21.263576779026216	0.3438288373567595	61	COMPLETE
62	0.12265917602996254	2020-04-03 01:36:08.175666	2020-04-03 01:36:47.003134	64	0.001869845879011473	256	0.04732959437304069	0.955936460917962	0.0018726591760299626	0.12265917602996254	0.037921348314606744	0.0599250936329588	46.14138576779026	0.055584479330077985	0.04588014981273408	0.13857677902621723	0.05758426966292135	0.08192883895131087	44.48361423220974	0.08699211371531741	2523127858	300.0	0.0018726591760299626	0.10861423220973783	0.018258426966292134	0.04681647940074907	47.799157303370784	0.04637388873119389	62	COMPLETE
63	0.007022471910112359	2020-04-03 01:36:47.062606	2020-04-03 01:37:09.112977	128	0.08612056348914444	512	0.5106430794567274	0.9948583064707213	0.0009363295880149813	0.007022471910112359	0.0028089887640449437	0.003745318352059925	47.99976591760299	0.023230146932291234	0.8834269662921348	0.9770599250936329	0.9499063670411985	0.9667602996254682	1.8333333333333333	0.9194744173777346	1916579326	150.0	0.0009363295880149813	0.003745318352059925	0.0014044943820224719	0.0028089887640449437	94.16619850187266	0.012448525133242436	63	COMPLETE
64	0.08192883895131087	2020-04-03 01:37:09.174538	2020-04-03 01:37:35.639624	128	0.006158583199358131	128	0.1998181672896751	0.9876480830113024	0.00749063670411985	0.08192883895131087	0.020131086142322098	0.0351123595505618	47.65379213483146	0.045521466825212804	0.06132958801498127	0.41947565543071164	0.15215355805243447	0.23689138576779026	15.72940074906367	0.173065304901863	474654467	150.0	0.00749063670411985	0.054775280898876406	0.017322097378277154	0.02294007490636704	79.57818352059925	0.032475704826869185	64	COMPLETE
65	0.050093632958801496	2020-04-03 01:37:35.702954	2020-04-03 01:38:10.080234	256	0.028504589649167952	256	0.5547869826942706	0.9814877988664217	0.0046816479400749065	0.050093632958801496	0.023408239700374533	0.0351123595505618	47.35159176029963	0.03921118196152626	0.18211610486891386	0.8707865168539326	0.5088951310861424	0.702247191011236	5.813670411985019	0.39764868572841033	1459971725	150.0	0.0046816479400749065	0.040262172284644196	0.017322097378277154	0.024812734082397005	88.88951310861424	0.02568162542669425	65	COMPLETE
66	0.09410112359550561	2020-04-03 01:38:10.142850	2020-04-03 01:38:53.566830	256	0.0032927690224801302	512	0.038018219392034064	0.9877684595724323	0.00046816479400749064	0.09410112359550561	0.020131086142322098	0.04728464419475655	47.695692883895134	0.04534944004186503	0.041666666666666664	0.12125468164794008	0.05056179775280899	0.06882022471910113	44.90683520599251	0.08003280674476553	482459558	200.0	0.00046816479400749064	0.06975655430711611	0.005149812734082397	0.02247191011235955	50.484550561797754	0.03630962743123716	66	COMPLETE
67	0.0018726591760299626	2020-04-03 01:38:53.616030	2020-04-03 01:39:09.649211	64	0.03680468035946826	512	0.9659712955852638	1.0000712153029172	0.0009363295880149813	0.0018726591760299626	0.0018726591760299626	0.0018726591760299626	48.25749063670412	0.0220638121802796	0.8937265917602997	0.9995318352059925	0.9845505617977528	0.9920411985018727	1.1839887640449438	0.9388285104928363	3745683532	150.0	0.0009363295880149813	0.0018726591760299626	0.0014044943820224719	0.0018726591760299626	95.3309925093633	0.011768554777246828	67	COMPLETE
68	0.7921348314606742	2020-04-03 01:39:09.706594	2020-04-03 01:42:48.377761	256	0.010066238822432074	256	0.18876188517628636	0.24130135834258928	0.1989700374531835	0.7921348314606742	0.5543071161048689	0.6764981273408239	11.78441011235955	0.43172969578553827	0.5379213483146067	0.9564606741573034	0.7593632958801498	0.848314606741573	2.8838951310861423	0.6735840546076071	523283609	1000.0	0.1989700374531835	0.7387640449438202	0.4639513108614232	0.6006554307116105	20.68492509363296	0.3707558266162702	68	COMPLETE
69	0.10908239700374532	2020-04-03 01:42:48.436382	2020-04-03 01:43:08.895225	64	0.001806649908351338	128	0.038886717957063034	1.013637504548232	0.0	0.10908239700374532	0.035580524344569285	0.05945692883895131	48.936563670411985	0.05038738601890043	0.03885767790262172	0.125	0.05290262172284644	0.07116104868913857	47.39840823970037	0.07811812432596445	3506283272	150.0	0.0	0.09410112359550561	0.015917602996254682	0.04681647940074907	50.4747191011236	0.04251011773097362	69	COMPLETE
70	0.08941947565543071	2020-04-03 01:43:08.940964	2020-04-03 01:43:31.026041	64	0.003507811709590923	512	0.11165926460279912	1.0187819463842678	0.0028089887640449437	0.08941947565543071	0.025280898876404494	0.04073033707865169	49.18211610486891	0.04701473303027647	0.02762172284644195	0.10580524344569288	0.03698501872659176	0.05383895131086142	47.44241573033708	0.0651236000113257	3316815858	200.0	0.0028089887640449437	0.07162921348314606	0.016853932584269662	0.03323970037453183	50.921816479400746	0.040827489467145144	70	COMPLETE
71	0.10580524344569288	2020-04-03 01:43:31.080488	2020-04-03 01:44:14.823003	256	0.0033426651608792855	512	0.11853648436476849	1.0037939444983077	0.0	0.10580524344569288	0.025280898876404494	0.05711610486891386	48.46676029962547	0.047995657039066345	0.052434456928838954	0.13717228464419476	0.05945692883895131	0.08239700374531835	45.59784644194757	0.09019148795881558	3262714915	200.0	0.0	0.08099250936329588	0.007022471910112359	0.02762172284644195	51.33567415730337	0.03749677457243802	71	COMPLETE
72	0.0950374531835206	2020-04-03 01:44:14.875598	2020-04-03 01:44:52.112417	128	0.0023447512550664315	512	0.17420172389825628	1.0050980804657235	0.0009363295880149813	0.0950374531835206	0.027153558052434457	0.05149812734082397	48.50725655430712	0.04844300283665414	0.04447565543071161	0.12874531835205993	0.05196629213483146	0.06928838951310862	46.02574906367041	0.08159673162080047	2019324994	250.0	0.0009363295880149813	0.08146067415730338	0.012640449438202247	0.03089887640449438	50.98876404494382	0.0393945455702477	72	COMPLETE
73	0.09269662921348315	2020-04-03 01:44:52.167005	2020-04-03 01:45:12.593337	64	0.0039007268166510282	128	0.11610858023425039	0.9805447859672153	0.006086142322097378	0.09269662921348315	0.026685393258426966	0.04307116104868914	47.293539325842694	0.04916096364540052	0.028089887640449437	0.250936329588015	0.09035580524344569	0.14934456928838952	23.574906367041198	0.1112650592397318	1278740338	150.0	0.006086142322097378	0.06835205992509363	0.02153558052434457	0.03698501872659176	71.0121722846442	0.037984900525708826	73	COMPLETE
74	0.09597378277153558	2020-04-03 01:45:12.649592	2020-04-03 01:45:32.847760	64	0.0018636631163757552	128	0.05140795041461517	1.0007374536948914	0.004213483146067416	0.09597378277153558	0.031835205992509365	0.048220973782771535	48.29424157303371	0.050965839327150486	0.031835205992509365	0.11563670411985019	0.042134831460674156	0.06132958801498127	46.70552434456929	0.07078739997925194	3291671300	150.0	0.004213483146067416	0.08380149812734082	0.020599250936329586	0.039794007490636704	49.88295880149813	0.044487300238556335	74	COMPLETE
75	0.07069288389513109	2020-04-03 01:45:32.891448	2020-04-03 01:45:48.752586	64	0.00897154592887163	512	0.24117017508919344	0.9947665110579256	0.006086142322097378	0.07069288389513109	0.024812734082397005	0.04400749063670412	47.9686329588015	0.042836489509836345	0.10580524344569288	0.6324906367041199	0.2794943820224719	0.4157303370786517	10.661985018726591	0.26014688684646514	681000082	150.0	0.006086142322097378	0.056179775280898875	0.019662921348314606	0.03136704119850187	85.2752808988764	0.03047425348556878	75	COMPLETE
76	0.08426966292134831	2020-04-03 01:45:48.808520	2020-04-03 01:46:10.856926	128	0.007933855997242339	512	0.0554587966759811	0.9823349885762868	0.00749063670411985	0.08426966292134831	0.025280898876404494	0.04400749063670412	47.39466292134831	0.04919997774107572	0.03604868913857678	0.2958801498127341	0.10205992509363296	0.16151685393258428	21.292602996254683	0.12364521565277169	3127099290	150.0	0.00749063670411985	0.05898876404494382	0.021067415730337078	0.031835205992509365	73.49672284644194	0.03696023223023094	76	COMPLETE
77	0.10767790262172285	2020-04-03 01:46:10.912400	2020-04-03 01:46:32.965733	128	0.00148676499381223	512	0.0018372404142956943	1.0064941441425739	0.00046816479400749064	0.10767790262172285	0.024812734082397005	0.05149812734082397	48.54073033707865	0.04821622256341162	0.05056179775280899	0.1409176029962547	0.05805243445692884	0.07677902621722846	46.21816479400749	0.0876822298493523	3815055968	150.0	0.00046816479400749064	0.08567415730337079	0.010299625468164793	0.027153558052434457	50.86329588014981	0.038733012985778005	77	COMPLETE
78	0.7743445692883895	2020-04-03 01:46:33.021749	2020-04-03 01:50:10.982720	256	0.0057444264837941544	128	0.08079317027552614	0.2502972092148098	0.20037453183520598	0.7743445692883895	0.5215355805243446	0.6633895131086143	12.264513108614231	0.42241956709602996	0.5093632958801498	0.9644194756554307	0.7504681647940075	0.8590823970037453	2.9232209737827715	0.6582045591862788	1489163030	900.0	0.20037453183520598	0.725187265917603	0.4452247191011236	0.5786516853932584	21.605805243445694	0.3662087189627222	78	COMPLETE
79	0.7209737827715356	2020-04-03 01:50:11.039399	2020-04-03 01:51:24.206656	64	0.010655724071811748	128	0.031331755023968566	0.2998529675875333	0.20131086142322097	0.7209737827715356	0.550561797752809	0.6568352059925093	14.684456928838951	0.42302801736931334	0.6273408239700374	0.9709737827715356	0.8323970037453183	0.9087078651685393	2.7972846441947565	0.7468835752993203	2010466979	450.0	0.20131086142322097	0.6914794007490637	0.4545880149812734	0.5805243445692884	26.571629213483146	0.3614421726014425	79	COMPLETE
80	0.08754681647940075	2020-04-03 01:51:24.257079	2020-04-03 01:51:57.575347	256	0.003926149093017215	512	0.002702873515865766	1.0037109356875835	0.00046816479400749064	0.08754681647940075	0.02294007490636704	0.04915730337078652	48.42649812734082	0.04508740550818049	0.04588014981273408	0.11376404494382023	0.054307116104868915	0.06835205992509363	45.63014981273408	0.08180715228300206	1636559074	150.0	0.00046816479400749064	0.06975655430711611	0.007022471910112359	0.023408239700374533	51.22284644194757	0.03609343865107795	80	COMPLETE
81	0.10580524344569288	2020-04-03 01:51:57.632006	2020-04-03 01:52:19.324324	128	0.002419427005499502	512	0.010685224244665835	1.000783635615563	0.00046816479400749064	0.10580524344569288	0.025749063670411985	0.05056179775280899	48.29588014981273	0.047347927067217375	0.046348314606741575	0.12968164794007492	0.05383895131086142	0.07209737827715355	45.90870786516854	0.08390870197492582	2889109107	150.0	0.00046816479400749064	0.08099250936329588	0.009363295880149813	0.028089887640449437	50.683052434456926	0.03818093661487205	81	COMPLETE
82	0.07443820224719101	2020-04-03 01:52:19.368136	2020-04-03 01:53:15.418308	256	0.08919352370179826	256	0.10144440369804228	0.9313473224296315	0.009831460674157303	0.07443820224719101	0.02294007490636704	0.04307116104868914	44.920411985018724	0.04719646431441641	0.07303370786516854	0.697565543071161	0.4297752808988764	0.5585205992509363	12.492041198501873	0.2932730215605268	1287220290	250.0	0.009831460674157303	0.05149812734082397	0.020131086142322098	0.031835205992509365	77.34878277153558	0.0338876788533671	82	COMPLETE
83	0.03464419475655431	2020-04-03 01:53:15.467087	2020-04-03 01:54:28.326900	256	0.08175864275771756	128	0.3872515307778458	0.984694418370068	0.0046816479400749065	0.03464419475655431	0.018726591760299626	0.024812734082397005	47.49882958801498	0.03601710001782799	0.31086142322097376	0.8984082397003745	0.6544943820224719	0.7724719101123596	5.402153558052435	0.5115403468887098	2770010112	300.0	0.0046816479400749065	0.02902621722846442	0.018258426966292134	0.020599250936329586	89.59550561797752	0.023294053380103503	83	COMPLETE
84	0.8394194756554307	2020-04-03 01:54:28.384164	2020-04-03 01:55:57.771622	64	0.026779515690570424	256	0.0016470359921546814	0.18111026171448358	0.14185393258426968	0.8394194756554307	0.5365168539325843	0.7045880149812734	8.82935393258427	0.4069815273795636	0.6451310861423221	0.9616104868913857	0.8206928838951311	0.8927902621722846	2.908707865168539	0.7516046893634984	2304682758	650.0	0.14185393258426968	0.7659176029962547	0.3955992509363296	0.5758426966292135	14.75	0.3288788380361761	84	COMPLETE
85	0.05664794007490637	2020-04-03 01:55:57.821547	2020-04-03 01:56:14.978855	64	0.0073463768644435705	256	0.6428908598200817	1.0005086588966294	0.0056179775280898875	0.05664794007490637	0.020599250936329586	0.03464419475655431	48.2558520599251	0.038285277643872406	0.1348314606741573	0.724250936329588	0.36797752808988765	0.5280898876404494	8.183052434456929	0.3137058088773437	1444391867	150.0	0.0056179775280898875	0.047752808988764044	0.015917602996254682	0.025280898876404494	88.32865168539325	0.026734328521958402	85	COMPLETE
86	0.08146067415730338	2020-04-03 01:56:15.033163	2020-04-03 01:56:38.074761	128	0.001405537802943267	256	0.0401940671137907	1.0474678576960532	0.0	0.08146067415730338	0.019662921348314606	0.04588014981273408	50.53441011235955	0.04266487171266106	0.03932584269662921	0.10814606741573034	0.04681647940074907	0.06179775280898876	48.212078651685395	0.07389193375683233	4283000221	150.0	0.0	0.06928838951310862	0.00749063670411985	0.023408239700374533	52.85674157303371	0.03482230003581684	86	COMPLETE
87	0.11470037453183521	2020-04-03 01:56:38.134725	2020-04-03 01:57:23.683529	128	0.06087149401694482	128	0.02928219170119212	0.9036945791745886	0.017322097378277154	0.11470037453183521	0.05337078651685393	0.0749063670411985	43.67766853932584	0.06692764282670521	0.18305243445692884	0.7687265917602997	0.4508426966292135	0.6006554307116105	8.433988764044944	0.3661260609730401	3898052441	250.0	0.017322097378277154	0.08754681647940075	0.04307116104868914	0.05898876404494382	78.92134831460675	0.04899404148431507	87	COMPLETE
88	0.09784644194756555	2020-04-03 01:57:23.737381	2020-04-03 01:57:57.236231	256	0.001726964793463379	512	0.06978088369840939	1.0162320486374534	0.0009363295880149813	0.09784644194756555	0.02762172284644195	0.05898876404494382	49.028558052434455	0.04760642823999654	0.060861423220973786	0.12406367041198502	0.06647940074906367	0.08146067415730338	46.29775280898876	0.09440065861861797	2262227974	150.0	0.0009363295880149813	0.07584269662921349	0.007022471910112359	0.028089887640449437	51.75936329588015	0.03705307232678348	88	COMPLETE
89	0.5407303370786517	2020-04-03 01:57:57.286624	2020-04-03 01:59:25.426201	64	0.014726838637155319	512	0.04754526094308101	0.4771212992164191	0.17228464419475656	0.5407303370786517	0.450374531835206	0.5074906367041199	23.201076779026216	0.3515548301436985	0.5987827715355806	0.9826779026217228	0.8656367041198502	0.9424157303370787	2.4433520599250937	0.7420955595231389	166863715	700.0	0.17228464419475656	0.524812734082397	0.39653558052434457	0.4705056179775281	43.95880149812734	0.3025675356375235	89	COMPLETE
90	0.09410112359550561	2020-04-03 01:59:25.477345	2020-04-03 01:59:47.479173	128	0.0019306318636755897	512	0.002311035917812086	1.009228603003986	0.00046816479400749064	0.09410112359550561	0.023408239700374533	0.05383895131086142	48.68375468164794	0.04680425279561435	0.05056179775280899	0.11750936329588015	0.05758426966292135	0.075374531835206	46.30337078651685	0.08642193200835113	1523501559	150.0	0.00046816479400749064	0.0800561797752809	0.008426966292134831	0.026217228464419477	51.06413857677903	0.037338599291240226	90	COMPLETE
91	0.10112359550561797	2020-04-03 01:59:47.533405	2020-04-03 02:00:09.660966	128	0.004092073736597139	512	0.015887517432437215	0.9993800503988349	0.0009363295880149813	0.10112359550561797	0.023876404494382022	0.04868913857677903	48.261470037453186	0.04746538675915378	0.03932584269662921	0.12968164794007492	0.05290262172284644	0.07677902621722846	45.80898876404494	0.07975818587158381	4051393152	150.0	0.0009363295880149813	0.07865168539325842	0.011235955056179775	0.027153558052434457	50.713951310861425	0.03857288259538637	91	COMPLETE
92	0.601123595505618	2020-04-03 02:00:09.714207	2020-04-03 02:01:47.009539	256	0.02162297012440873	128	0.003749547771950458	0.3595138990733605	0.06320224719101124	0.601123595505618	0.25140449438202245	0.37734082397003743	17.589185393258425	0.23247873347337303	0.45318352059925093	0.8787453183520599	0.6704119850187266	0.7607677902621723	4.532303370786517	0.5929911448604223	2698265322	400.0	0.06320224719101124	0.448501872659176	0.18352059925093633	0.2720037453183521	30.646067415730336	0.177095408994307	92	COMPLETE
93	0.04868913857677903	2020-04-03 02:01:47.066497	2020-04-03 02:02:23.795580	256	0.0538585479185288	128	0.20108116415260596	0.9828373144715605	0.003745318352059925	0.04868913857677903	0.019194756554307114	0.033707865168539325	47.388810861423224	0.03760253744690406	0.2050561797752809	0.8450374531835206	0.5411985018726592	0.7172284644194756	7.543539325842697	0.41274582315255626	2354461847	150.0	0.003745318352059925	0.037921348314606744	0.01451310861423221	0.020599250936329586	87.23408239700375	0.02365231920795267	93	COMPLETE
94	0.08941947565543071	2020-04-03 02:02:23.847891	2020-04-03 02:03:24.604336	256	0.002411696315656068	128	0.0104886253526038	0.9870212427863663	0.006554307116104869	0.08941947565543071	0.019194756554307114	0.03745318352059925	47.66338951310861	0.047468620549963286	0.019194756554307114	0.22799625468164794	0.05664794007490637	0.10299625468164794	23.403089887640448	0.09392735056662656	1069639397	250.0	0.006554307116104869	0.06367041198501873	0.017322097378277154	0.030430711610486893	71.92368913857678	0.03634462519344181	94	COMPLETE
95	0.1100187265917603	2020-04-03 02:03:24.652891	2020-04-03 02:03:51.067012	128	0.0026678881732446666	128	0.014098898255476722	0.9791078194426477	0.0009363295880149813	0.1100187265917603	0.0299625468164794	0.05383895131086142	47.2811329588015	0.04998423107041329	0.05056179775280899	0.1352996254681648	0.05898876404494382	0.07677902621722846	44.78277153558052	0.08843956840190155	3006879286	150.0	0.0009363295880149813	0.08754681647940075	0.012172284644194757	0.031835205992509365	49.77949438202247	0.04028336921032683	95	COMPLETE
96	0.09831460674157304	2020-04-03 02:03:51.120595	2020-04-03 02:04:24.597999	256	0.0012789699485097556	512	0.0021789903035723114	1.0194607305485226	0.00046816479400749064	0.09831460674157304	0.02247191011235955	0.05711610486891386	49.20903558052434	0.04710129323273953	0.0552434456928839	0.13389513108614232	0.06179775280898876	0.07771535580524344	46.45973782771536	0.0910917951683385	611133722	150.0	0.00046816479400749064	0.07911985018726592	0.007958801498127341	0.025280898876404494	51.958333333333336	0.037015012336687275	96	COMPLETE
97	0.0945692883895131	2020-04-03 02:04:24.644317	2020-04-03 02:04:50.977074	128	0.005737169012573719	128	0.01565851786074967	0.9781234199451527	0.007022471910112359	0.0945692883895131	0.024344569288389514	0.042134831460674156	47.19522471910113	0.04903750423406426	0.05102996254681648	0.33146067415730335	0.11891385767790262	0.17462546816479402	18.82256554307116	0.1437466550110416	4167649486	150.0	0.007022471910112359	0.06273408239700375	0.020599250936329586	0.032303370786516857	75.56788389513109	0.03590717191319042	97	COMPLETE
98	0.7560861423220974	2020-04-03 02:04:51.033792	2020-04-03 02:07:13.869143	256	0.01837321372909664	256	0.07062720971640155	0.2518593133435923	0.10861423220973783	0.7560861423220974	0.3946629213483146	0.5646067415730337	12.271769662921349	0.3304224168205063	0.4901685393258427	0.9321161048689138	0.726123595505618	0.829119850187266	3.3937265917602994	0.6363266384358295	2599633717	650.0	0.10861423220973783	0.6418539325842697	0.30430711610486894	0.4353932584269663	21.149812734082396	0.2650334814768557	98	COMPLETE
99	0.34363295880149813	2020-04-03 02:07:13.923829	2020-04-03 02:09:28.523998	64	0.007000307950246306	512	0.006611497949137665	0.6830207643331088	0.10440074906367042	0.34363295880149813	0.25140449438202245	0.3000936329588015	33.225421348314605	0.20856862202189264	0.37219101123595505	0.9555243445692884	0.7036516853932584	0.8361423220973783	3.497191011235955	0.5668762465460876	4267644566		0.10440074906367042	0.33707865168539325	0.22144194756554308	0.28136704119850187	62.95365168539326	0.1842335034351713	99	COMPLETE
