number	value	datetime_start	datetime_complete	params_loss.margin	params_model.embedding_dim	params_model.scoring_fct_norm	params_negative_sampler.num_negs_per_pos	params_training.batch_size	user_attrs_avg.adjusted_mean_rank	user_attrs_avg.hits_at_1	user_attrs_avg.hits_at_10	user_attrs_avg.hits_at_3	user_attrs_avg.hits_at_5	user_attrs_avg.mean_rank	user_attrs_avg.mean_reciprocal_rank	user_attrs_best.hits_at_1	user_attrs_best.hits_at_10	user_attrs_best.hits_at_3	user_attrs_best.hits_at_5	user_attrs_best.mean_rank	user_attrs_best.mean_reciprocal_rank	user_attrs_random_seed	user_attrs_stopped_epoch	user_attrs_worst.hits_at_1	user_attrs_worst.hits_at_10	user_attrs_worst.hits_at_3	user_attrs_worst.hits_at_5	user_attrs_worst.mean_rank	user_attrs_worst.mean_reciprocal_rank	system_attrs__number	state
0	0.2701310861423221	2020-04-10 17:25:36.719132	2020-04-10 17:27:40.066457	3.1936375714698575	256	2	49	128	0.6850067707561723	0.035580524344569285	0.2701310861423221	0.10205992509363296	0.1544943820224719	32.99789325842696	0.11442768897386338	0.035580524344569285	0.2701310861423221	0.10205992509363296	0.1549625468164794	32.99765917602996	0.11443620106102714	783051908	300.0	0.035580524344569285	0.2701310861423221	0.10205992509363296	0.1544943820224719	32.99812734082397	0.11442059556789355	0	COMPLETE
1	0.7045880149812734	2020-04-10 17:27:40.099001	2020-04-10 17:28:49.714595	3.758172063784195	128	1	75	512	0.2065766897847813	0.09129213483146068	0.7045880149812734	0.35767790262172283	0.5215355805243446	10.009831460674157	0.2844296831364962	0.09129213483146068	0.7045880149812734	0.35767790262172283	0.5215355805243446	10.009831460674157	0.2844296831364962	3793642981	450.0	0.09129213483146068	0.7045880149812734	0.35767790262172283	0.5215355805243446	10.009831460674157	0.2844296831364962	1	COMPLETE
2	0.26217228464419473	2020-04-10 17:28:49.746570	2020-04-10 17:29:23.500214	2.1678607377027164	64	2	50	512	0.673159205626822	0.03932584269662921	0.26217228464419473	0.10533707865168539	0.15355805243445692	32.42275280898876	0.1176522901861002	0.03932584269662921	0.26217228464419473	0.10533707865168539	0.15355805243445692	32.42275280898876	0.1176522901861002	1291273079	250.0	0.03932584269662921	0.26217228464419473	0.10533707865168539	0.15355805243445692	32.42275280898876	0.1176522901861002	2	COMPLETE
3	0.650749063670412	2020-04-10 17:29:23.527290	2020-04-10 17:29:58.964370	6.059954411781794	128	1	76	512	0.2554239171987909	0.15262172284644196	0.650749063670412	0.37453183520599254	0.4859550561797753	12.331460674157304	0.3141378108322297	0.15262172284644196	0.650749063670412	0.37453183520599254	0.4859550561797753	12.331460674157304	0.3141378108322297	4143120566	250.0	0.15262172284644196	0.650749063670412	0.37453183520599254	0.4859550561797753	12.331460674157304	0.3141378108322297	3	COMPLETE
4	0.6886704119850188	2020-04-10 17:29:58.991424	2020-04-10 17:31:35.274987	6.894341465167884	256	1	39	128	0.22109324909478062	0.1348314606741573	0.6886704119850188	0.40262172284644193	0.5280898876404494	10.668539325842696	0.3180278954818815	0.1348314606741573	0.6886704119850188	0.40262172284644193	0.5280898876404494	10.668539325842696	0.3180278954818815	166031748	250.0	0.1348314606741573	0.6886704119850188	0.40262172284644193	0.5280898876404494	10.668539325842696	0.3180278954818815	4	COMPLETE
5	0.2607677902621723	2020-04-10 17:31:35.296122	2020-04-10 17:32:16.634200	7.4259559829830435	256	2	99	512	0.6810623228511589	0.04868913857677903	0.2607677902621723	0.09831460674157304	0.14934456928838952	32.809925093632955	0.12004788860244675	0.04868913857677903	0.2607677902621723	0.09831460674157304	0.14934456928838952	32.809925093632955	0.12004788860244675	72663843	250.0	0.04868913857677903	0.2607677902621723	0.09831460674157304	0.14934456928838952	32.809925093632955	0.12004788860244675	5	COMPLETE
6	0.6179775280898876	2020-04-10 17:32:16.661961	2020-04-10 17:32:46.711698	8.57713049456651	128	1	8	512	0.2902923813891991	0.1348314606741573	0.6179775280898876	0.3595505617977528	0.4653558052434457	13.947097378277153	0.29483424538526326	0.1348314606741573	0.6179775280898876	0.3595505617977528	0.4653558052434457	13.947097378277153	0.29483424538526326	2665299141	250.0	0.1348314606741573	0.6179775280898876	0.3595505617977528	0.4653558052434457	13.947097378277153	0.29483424538526326	6	COMPLETE
7	0.7303370786516854	2020-04-10 17:32:46.768397	2020-04-10 17:34:17.708188	2.971211828712894	128	1	18	128	0.19878668087091617	0.07069288389513109	0.7303370786516854	0.37734082397003743	0.5365168539325843	9.624063670411985	0.27949634418509806	0.07069288389513109	0.7303370786516854	0.37734082397003743	0.5365168539325843	9.624063670411985	0.27949634418509806	3617392915	250.0	0.07069288389513109	0.7303370786516854	0.37734082397003743	0.5365168539325843	9.624063670411985	0.27949634418509806	7	COMPLETE
8	0.699438202247191	2020-04-10 17:34:17.740542	2020-04-10 17:35:38.997101	6.88759459955524	256	1	80	128	0.21938041913452164	0.15168539325842698	0.699438202247191	0.40823970037453183	0.5332397003745318	10.578183520599252	0.32979393089317	0.15168539325842698	0.699438202247191	0.40823970037453183	0.5332397003745318	10.578183520599252	0.32979393089317	1040771831	200.0	0.15168539325842698	0.699438202247191	0.40823970037453183	0.5332397003745318	10.578183520599252	0.32979393089317	8	COMPLETE
9	0.651685393258427	2020-04-10 17:35:39.023341	2020-04-10 17:36:08.280489	5.815045670854633	128	1	5	512	0.255212835276025	0.14559925093632958	0.651685393258427	0.3806179775280899	0.4948501872659176	12.292134831460674	0.312762785495695	0.14559925093632958	0.651685393258427	0.3806179775280899	0.4948501872659176	12.292134831460674	0.312762785495695	4019645173	250.0	0.14559925093632958	0.651685393258427	0.3806179775280899	0.4948501872659176	12.292134831460674	0.312762785495695	9	COMPLETE
10	0.8183520599250936	2020-04-10 17:36:08.307287	2020-04-10 17:40:30.760620	1.1528011708939991	128	1	94	128	0.1607224222155783	0.0018726591760299626	0.8183520599250936	0.4353932584269663	0.6142322097378277	7.768960674157303	0.2697738767383324	0.0018726591760299626	0.8183520599250936	0.4353932584269663	0.6142322097378277	7.7687265917602994	0.2697739481593536	646395689	550.0	0.0018726591760299626	0.8183520599250936	0.4353932584269663	0.6142322097378277	7.769194756554307	0.26977380654870814	10	COMPLETE
11	0.7078651685393258	2020-04-10 17:40:30.793004	2020-04-10 17:41:19.701536	3.782524035320795	128	1	45	512	0.21296196050631502	0.10486891385767791	0.7078651685393258	0.37687265917602997	0.5131086142322098	10.309691011235955	0.29448212872202734	0.10486891385767791	0.7078651685393258	0.37687265917602997	0.5131086142322098	10.309456928838951	0.294482699654703	859497991	350.0	0.10486891385767791	0.7078651685393258	0.37687265917602997	0.5131086142322098	10.309925093632959	0.294481584976622	11	COMPLETE
12	0.26170411985018727	2020-04-10 17:41:19.728556	2020-04-10 17:42:10.073027	6.9900013632988305	128	2	67	512	0.6765906514193556	0.047752808988764044	0.26170411985018727	0.10346441947565543	0.14747191011235955	32.58286516853933	0.12144446171110168	0.047752808988764044	0.26170411985018727	0.10346441947565543	0.14747191011235955	32.58286516853933	0.12144446171110168	3405921526	350.0	0.047752808988764044	0.26170411985018727	0.10346441947565543	0.14747191011235955	32.58286516853933	0.12144446171110168	12	COMPLETE
13	0.2640449438202247	2020-04-10 17:42:10.100347	2020-04-10 17:43:47.831032	4.851373282324609	256	2	37	128	0.6864179169134784	0.03651685393258427	0.2640449438202247	0.10018726591760299	0.1549625468164794	33.068820224719104	0.11449664238399693	0.03651685393258427	0.2640449438202247	0.10018726591760299	0.1549625468164794	33.068820224719104	0.11449664238399693	4134513941	250.0	0.03651685393258427	0.2640449438202247	0.10018726591760299	0.1549625468164794	33.068820224719104	0.11449664238399693	13	COMPLETE
14	0.6034644194756554	2020-04-10 17:43:47.854382	2020-04-10 17:44:39.356819	5.574446125826259	64	1	96	512	0.31069684748046017	0.125	0.6034644194756554	0.3169475655430712	0.4353932584269663	14.941479400749063	0.2759567078046589	0.125	0.6034644194756554	0.3169475655430712	0.4353932584269663	14.941479400749063	0.2759567078046589	3778815508	350.0	0.125	0.6034644194756554	0.3169475655430712	0.4353932584269663	14.941479400749063	0.2759567078046589	14	COMPLETE
15	0.2645131086142322	2020-04-10 17:44:39.397870	2020-04-10 17:45:14.126890	5.3042236087121895	64	2	91	512	0.6778898129217006	0.04353932584269663	0.2645131086142322	0.10346441947565543	0.1502808988764045	32.649812734082396	0.1182634819180179	0.04353932584269663	0.2645131086142322	0.10346441947565543	0.1502808988764045	32.649812734082396	0.1182634819180179	1120724890	250.0	0.04353932584269663	0.2645131086142322	0.10346441947565543	0.1502808988764045	32.649812734082396	0.1182634819180179	15	COMPLETE
16	0.5655430711610487	2020-04-10 17:45:14.154040	2020-04-10 17:46:11.734214	9.04198326977347	64	1	47	256	0.3572515765883461	0.14138576779026218	0.5655430711610487	0.32724719101123595	0.42602996254681647	17.221910112359552	0.28200050363636353	0.14138576779026218	0.5655430711610487	0.32724719101123595	0.42602996254681647	17.221910112359552	0.28200050363636353	359394981	250.0	0.14138576779026218	0.5655430711610487	0.32724719101123595	0.42602996254681647	17.221910112359552	0.28200050363636353	16	COMPLETE
17	0.6872659176029963	2020-04-10 17:46:11.773628	2020-04-10 17:46:57.677083	4.371480979582798	128	1	2	128	0.2161440230742069	0.11938202247191011	0.6872659176029963	0.37687265917602997	0.5117041198501873	10.432584269662922	0.30269095841332866	0.11938202247191011	0.6872659176029963	0.37687265917602997	0.5117041198501873	10.432584269662922	0.30269095841332866	3187079774	200.0	0.11938202247191011	0.6872659176029963	0.37687265917602997	0.5117041198501873	10.432584269662922	0.30269095841332866	17	COMPLETE
18	0.8047752808988764	2020-04-10 17:46:57.704713	2020-04-10 17:48:34.604109	1.6281911318336766	128	1	47	256	0.16489031486132982	0.007022471910112359	0.8047752808988764	0.4068352059925094	0.599250936329588	8.011470037453183	0.26475946682257034	0.007022471910112359	0.8047752808988764	0.4068352059925094	0.599250936329588	8.01123595505618	0.2647724714001816	3096147523	400.0	0.007022471910112359	0.8047752808988764	0.4068352059925094	0.599250936329588	8.011704119850187	0.26474906316048125	18	COMPLETE
19	0.2696629213483146	2020-04-10 17:48:34.653289	2020-04-10 17:50:10.369576	4.580278945604005	64	2	36	256	0.6801929087953621	0.03604868913857678	0.2696629213483146	0.10299625468164794	0.150749063670412	32.75327715355805	0.11471472835800302	0.03604868913857678	0.2696629213483146	0.10299625468164794	0.150749063670412	32.75327715355805	0.11471472835800302	3818777457	400.0	0.03604868913857678	0.2696629213483146	0.10299625468164794	0.150749063670412	32.75327715355805	0.11471472835800302	19	COMPLETE
20	0.6404494382022472	2020-04-10 17:50:10.395877	2020-04-10 17:50:48.323455	6.1532186797105695	128	1	15	256	0.2616902061472978	0.14653558052434457	0.6404494382022472	0.36704119850187267	0.46863295880149813	12.620786516853933	0.3066544598352081	0.14653558052434457	0.6404494382022472	0.36704119850187267	0.46863295880149813	12.620786516853933	0.3066544598352081	2776152770	200.0	0.14653558052434457	0.6404494382022472	0.36704119850187267	0.46863295880149813	12.620786516853933	0.3066544598352081	20	COMPLETE
21	0.7560861423220974	2020-04-10 17:50:48.350118	2020-04-10 17:51:35.424338	4.470763028206225	256	1	6	256	0.18026284186242755	0.0800561797752809	0.7560861423220974	0.4049625468164794	0.5692883895131086	8.715355805243446	0.2969960517132419	0.0800561797752809	0.7560861423220974	0.4049625468164794	0.5692883895131086	8.715355805243446	0.2969960517132419	923850168	250.0	0.0800561797752809	0.7560861423220974	0.4049625468164794	0.5692883895131086	8.715355805243446	0.2969960517132419	21	COMPLETE
22	0.6863295880149812	2020-04-10 17:51:35.463634	2020-04-10 17:53:15.148840	7.981465616650764	256	1	46	128	0.22601578003388553	0.14653558052434457	0.6863295880149812	0.3937265917602996	0.5159176029962547	10.900749063670412	0.32242036090772264	0.14653558052434457	0.6863295880149812	0.3937265917602996	0.5159176029962547	10.900749063670412	0.32242036090772264	3436972880	250.0	0.14653558052434457	0.6863295880149812	0.3937265917602996	0.5159176029962547	10.900749063670412	0.32242036090772264	22	COMPLETE
23	0.25936329588014984	2020-04-10 17:53:15.175604	2020-04-10 17:54:28.512312	8.964826293162139	256	2	34	128	0.6803771198556273	0.02762172284644195	0.25936329588014984	0.09597378277153558	0.14700374531835206	32.75421348314607	0.10903811541285323	0.02762172284644195	0.25936329588014984	0.09597378277153558	0.14700374531835206	32.75421348314607	0.10903811541285323	1436789847	200.0	0.02762172284644195	0.25936329588014984	0.09597378277153558	0.14700374531835206	32.75421348314607	0.10903811541285323	23	COMPLETE
24	0.7073970037453183	2020-04-10 17:54:28.535482	2020-04-10 17:55:21.360466	3.7089403255595936	128	1	33	256	0.20771099119237885	0.10955056179775281	0.7073970037453183	0.3801498127340824	0.528558052434457	10.066011235955056	0.2994542117473112	0.10955056179775281	0.7073970037453183	0.3801498127340824	0.528558052434457	10.066011235955056	0.2994542117473112	3839999349	250.0	0.10955056179775281	0.7073970037453183	0.3801498127340824	0.528558052434457	10.066011235955056	0.2994542117473112	24	COMPLETE
25	0.24625468164794007	2020-04-10 17:55:21.404329	2020-04-10 17:55:58.088419	9.999671633179744	64	2	5	256	0.6894606026177285	0.037921348314606744	0.24625468164794007	0.09410112359550561	0.13810861423220974	33.202715355805246	0.11127480932738272	0.037921348314606744	0.24625468164794007	0.09410112359550561	0.13810861423220974	33.202715355805246	0.11127480932738272	2857373484	200.0	0.037921348314606744	0.24625468164794007	0.09410112359550561	0.13810861423220974	33.202715355805246	0.11127480932738272	25	COMPLETE
26	0.6390449438202247	2020-04-10 17:55:58.115277	2020-04-10 17:56:47.456852	6.514118044573513	128	1	50	512	0.26010231387170124	0.14232209737827714	0.6390449438202247	0.3703183520599251	0.48829588014981273	12.543539325842696	0.3078769972959179	0.14232209737827714	0.6390449438202247	0.3703183520599251	0.48829588014981273	12.543539325842696	0.3078769972959179	1651470517	350.0	0.14232209737827714	0.6390449438202247	0.3703183520599251	0.48829588014981273	12.543539325842696	0.3078769972959179	26	COMPLETE
27	0.6694756554307116	2020-04-10 17:56:47.480734	2020-04-10 17:57:40.023296	2.8990552067214033	64	1	3	256	0.2413545510398524	0.10674157303370786	0.6694756554307116	0.33052434456928836	0.4789325842696629	11.675093632958802	0.2785178851281349	0.10674157303370786	0.6694756554307116	0.33052434456928836	0.4789325842696629	11.675093632958802	0.2785178851281349	3402144198	350.0	0.10674157303370786	0.6694756554307116	0.33052434456928836	0.4789325842696629	11.675093632958802	0.2785178851281349	27	COMPLETE
28	0.7813670411985019	2020-04-10 17:57:40.059658	2020-04-10 18:01:21.280330	1.818770959850474	128	1	61	128	0.1767608482732476	0.0149812734082397	0.7813670411985019	0.3895131086142322	0.5739700374531835	8.577715355805243	0.25924211700327743	0.0149812734082397	0.7813670411985019	0.3895131086142322	0.5739700374531835	8.577715355805243	0.25924211700327743	2531200395	500.0	0.0149812734082397	0.7813670411985019	0.3895131086142322	0.5739700374531835	8.577715355805243	0.25924211700327743	28	COMPLETE
29	0.7954119850187266	2020-04-10 18:01:21.302625	2020-04-10 18:02:30.213842	3.213935662714353	256	1	19	512	0.1604401995977282	0.0149812734082397	0.7954119850187266	0.4096441947565543	0.5912921348314607	7.77434456928839	0.2668698937561604	0.0149812734082397	0.7954119850187266	0.4096441947565543	0.5912921348314607	7.77434456928839	0.2668698937561604	1768875731	500.0	0.0149812734082397	0.7954119850187266	0.4096441947565543	0.5912921348314607	7.77434456928839	0.2668698937561604	29	COMPLETE
30	0.5056179775280899	2020-04-10 18:02:30.239701	2020-04-10 18:03:50.208765	9.34518176698098	64	1	98	128	0.3698212329397669	0.12827715355805244	0.5056179775280899	0.2841760299625468	0.3698501872659176	17.785112359550563	0.25512343653063435	0.12827715355805244	0.5056179775280899	0.2841760299625468	0.3698501872659176	17.785112359550563	0.25512343653063435	2977284335	200.0	0.12827715355805244	0.5056179775280899	0.2841760299625468	0.3698501872659176	17.785112359550563	0.25512343653063435	30	COMPLETE
31	0.26825842696629215	2020-04-10 18:03:50.235510	2020-04-10 18:05:06.796833	7.016143792712247	128	2	13	256	0.6833108426280989	0.03698501872659176	0.26825842696629215	0.10533707865168539	0.15589887640449437	32.91338951310861	0.11669228835788947	0.03698501872659176	0.26825842696629215	0.10533707865168539	0.15589887640449437	32.91338951310861	0.11669228835788947	255740538	350.0	0.03698501872659176	0.26825842696629215	0.10533707865168539	0.15589887640449437	32.91338951310861	0.11669228835788947	31	COMPLETE
32	0.6175093632958801	2020-04-10 18:05:06.831610	2020-04-10 18:05:59.617663	7.609894095770225	128	1	85	512	0.2918744862806889	0.13857677902621723	0.6175093632958801	0.34831460674157305	0.45224719101123595	14.006554307116104	0.2930378319574826	0.13857677902621723	0.6175093632958801	0.34831460674157305	0.45224719101123595	14.006554307116104	0.2930378319574826	467092880	350.0	0.13857677902621723	0.6175093632958801	0.34831460674157305	0.45224719101123595	14.006554307116104	0.2930378319574826	32	COMPLETE
33	0.2631086142322097	2020-04-10 18:05:59.641839	2020-04-10 18:07:30.964661	9.057222729941566	64	2	98	256	0.6767239412999179	0.03089887640449438	0.2631086142322097	0.09925093632958802	0.1502808988764045	32.57724719101124	0.1122286482716778	0.03089887640449438	0.2631086142322097	0.09925093632958802	0.1502808988764045	32.57724719101124	0.1122286482716778	3113912636	350.0	0.03089887640449438	0.2631086142322097	0.09925093632958802	0.1502808988764045	32.57724719101124	0.1122286482716778	33	COMPLETE
34	0.2687265917602996	2020-04-10 18:07:30.991409	2020-04-10 18:08:55.738678	4.001992256848268	256	2	31	256	0.6878700664978517	0.032303370786516857	0.2687265917602996	0.10112359550561797	0.15683520599250936	33.140215355805246	0.11258044198097907	0.032303370786516857	0.2687265917602996	0.10112359550561797	0.15683520599250936	33.13998127340824	0.11258229243471031	4270682953	350.0	0.032303370786516857	0.2687265917602996	0.10112359550561797	0.15683520599250936	33.140449438202246	0.11257874573172541	34	COMPLETE
35	0.577247191011236	2020-04-10 18:08:55.765579	2020-04-10 18:09:32.838949	7.898838361676674	64	1	99	512	0.34412579244082925	0.14653558052434457	0.577247191011236	0.3548689138576779	0.4517790262172285	16.576779026217228	0.29475879944708355	0.14653558052434457	0.577247191011236	0.3548689138576779	0.4517790262172285	16.576779026217228	0.29475879944708355	3105452967	250.0	0.14653558052434457	0.577247191011236	0.3548689138576779	0.4517790262172285	16.576779026217228	0.29475879944708355	35	COMPLETE
36	0.6652621722846442	2020-04-10 18:09:32.865612	2020-04-10 18:10:26.761840	1.98135000849547	64	1	85	512	0.22403423048290755	0.08380149812734082	0.6652621722846442	0.32631086142322097	0.47191011235955055	10.837546816479401	0.2635029466580071	0.08380149812734082	0.6652621722846442	0.32631086142322097	0.47191011235955055	10.837546816479401	0.2635029466580071	2335025260	350.0	0.08380149812734082	0.6652621722846442	0.32631086142322097	0.47191011235955055	10.837546816479401	0.2635029466580071	36	COMPLETE
37	0.2640449438202247	2020-04-10 18:10:26.788965	2020-04-10 18:13:39.371045	7.945564996741998	256	2	92	128	0.6863577193528246	0.0299625468164794	0.2640449438202247	0.10018726591760299	0.15636704119850187	33.06273408239701	0.11099734022979234	0.0299625468164794	0.2640449438202247	0.10018726591760299	0.15636704119850187	33.06273408239701	0.11099734022979234	2343109084	400.0	0.0299625468164794	0.2640449438202247	0.10018726591760299	0.15636704119850187	33.06273408239701	0.11099734022979234	37	COMPLETE
38	0.2631086142322097	2020-04-10 18:13:39.397967	2020-04-10 18:15:39.784801	5.70332190796647	256	2	78	256	0.6882748183687932	0.03323970037453183	0.2631086142322097	0.09878277153558053	0.1544943820224719	33.13810861423221	0.11198135094254404	0.03323970037453183	0.2631086142322097	0.09925093632958802	0.1544943820224719	33.1376404494382	0.11200549495789469	564144995	450.0	0.03323970037453183	0.2631086142322097	0.09878277153558053	0.1544943820224719	33.13857677902622	0.11196293452207584	38	COMPLETE
39	0.26357677902621723	2020-04-10 18:15:39.805825	2020-04-10 18:17:34.068515	7.20315419729792	256	2	15	128	0.6853221750291489	0.032303370786516857	0.26357677902621723	0.10346441947565543	0.15917602996254682	33.010299625468164	0.11348267055441423	0.032303370786516857	0.26357677902621723	0.10346441947565543	0.15917602996254682	33.010299625468164	0.11348267055441423	1115152190	300.0	0.032303370786516857	0.26357677902621723	0.10346441947565543	0.15917602996254682	33.010299625468164	0.11348267055441423	39	COMPLETE
40	0.7008426966292135	2020-04-10 18:17:34.106991	2020-04-10 18:18:19.265982	3.8923958287247156	128	1	86	512	0.21529569362171608	0.10955056179775281	0.7008426966292135	0.3698501872659176	0.5224719101123596	10.40496254681648	0.2978985382909887	0.10955056179775281	0.7008426966292135	0.3698501872659176	0.5224719101123596	10.40496254681648	0.2978985382909887	2520628918	300.0	0.10955056179775281	0.7008426966292135	0.3698501872659176	0.5224719101123596	10.40496254681648	0.2978985382909887	40	COMPLETE
41	0.5730337078651685	2020-04-10 18:18:19.293549	2020-04-10 18:18:47.192578	9.266080972520012	128	1	87	512	0.31639497028314945	0.14232209737827714	0.5730337078651685	0.33192883895131087	0.42275280898876405	15.175093632958802	0.2862593345954781	0.14232209737827714	0.5730337078651685	0.33192883895131087	0.42275280898876405	15.175093632958802	0.2862593345954781	705994295	200.0	0.14232209737827714	0.5730337078651685	0.33192883895131087	0.42275280898876405	15.175093632958802	0.2862593345954781	41	COMPLETE
42	0.6947565543071161	2020-04-10 18:18:47.218445	2020-04-10 18:20:04.692181	3.913075850106822	128	1	59	128	0.21733948562384936	0.125	0.6947565543071161	0.3848314606741573	0.526685393258427	10.508426966292134	0.3093195676531153	0.125	0.6947565543071161	0.3848314606741573	0.526685393258427	10.508426966292134	0.3093195676531153	3367595728	200.0	0.125	0.6947565543071161	0.3848314606741573	0.526685393258427	10.508426966292134	0.3093195676531153	42	COMPLETE
43	0.6329588014981273	2020-04-10 18:20:04.718045	2020-04-10 18:20:46.343979	4.18527785934679	64	1	46	256	0.27064816095458155	0.1348314606741573	0.6329588014981273	0.3450374531835206	0.4616104868913858	13.051966292134832	0.29244099760618547	0.1348314606741573	0.6329588014981273	0.3450374531835206	0.4616104868913858	13.051966292134832	0.29244099760618547	2593578915	200.0	0.1348314606741573	0.6329588014981273	0.3450374531835206	0.4616104868913858	13.051966292134832	0.29244099760618547	43	COMPLETE
44	0.2696629213483146	2020-04-10 18:20:46.370100	2020-04-10 18:22:45.583666	2.682413886873217	64	2	42	128	0.6855656395793617	0.03136704119850187	0.2696629213483146	0.09831460674157304	0.15262172284644196	33.01357677902622	0.11110787687885976	0.03136704119850187	0.2696629213483146	0.09831460674157304	0.15262172284644196	33.01357677902622	0.11110787687885976	1329501147	300.0	0.03136704119850187	0.2696629213483146	0.09831460674157304	0.15262172284644196	33.01357677902622	0.11110787687885976	44	COMPLETE
45	0.6563670411985019	2020-04-10 18:22:45.609759	2020-04-10 18:25:47.165163	1.7430320331156302	64	1	75	128	0.2468066872699249	0.06273408239700375	0.6563670411985019	0.30711610486891383	0.45318352059925093	11.959737827715356	0.2443483202154155	0.06273408239700375	0.6563670411985019	0.30711610486891383	0.45318352059925093	11.959737827715356	0.2443483202154155	4213274690	400.0	0.06273408239700375	0.6563670411985019	0.30711610486891383	0.45318352059925093	11.959737827715356	0.2443483202154155	45	COMPLETE
46	0.6240636704119851	2020-04-10 18:25:47.211387	2020-04-10 18:27:38.652773	4.050972907540141	64	1	90	128	0.26772888170115733	0.1198501872659176	0.6240636704119851	0.33052434456928836	0.45646067415730335	12.89115168539326	0.2795321257947354	0.1198501872659176	0.6240636704119851	0.33052434456928836	0.45646067415730335	12.890917602996256	0.2795327575960769	2352188309	250.0	0.1198501872659176	0.6240636704119851	0.33052434456928836	0.45646067415730335	12.891385767790263	0.27953152558346106	46	COMPLETE
47	0.25608614232209737	2020-04-10 18:27:38.699732	2020-04-10 18:28:26.249419	4.455386004504712	128	2	98	512	0.6787629258070728	0.04400749063670412	0.25608614232209737	0.0997191011235955	0.14840823970037453	32.69733146067416	0.11732397115103592	0.04400749063670412	0.25608614232209737	0.0997191011235955	0.14840823970037453	32.69709737827716	0.11732582160476718	2574591058	300.0	0.04400749063670412	0.25608614232209737	0.0997191011235955	0.14840823970037453	32.697565543071164	0.11732227490178228	47	COMPLETE
48	0.2640449438202247	2020-04-10 18:28:26.296546	2020-04-10 18:30:23.484998	5.223268306578886	256	2	26	128	0.6845267930927892	0.030430711610486893	0.2640449438202247	0.09925093632958802	0.15168539325842698	32.9625468164794	0.11099894276408973	0.030430711610486893	0.2640449438202247	0.09925093632958802	0.15168539325842698	32.9625468164794	0.11099894276408973	4189778871	300.0	0.030430711610486893	0.2640449438202247	0.09925093632958802	0.15168539325842698	32.9625468164794	0.11099894276408973	48	COMPLETE
49	0.6722846441947565	2020-04-10 18:30:23.506117	2020-04-10 18:31:43.528842	7.817783927756282	256	1	91	256	0.23609518189129702	0.1404494382022472	0.6722846441947565	0.40402621722846443	0.5177902621722846	11.38061797752809	0.3186649688760622	0.1404494382022472	0.6722846441947565	0.40402621722846443	0.5177902621722846	11.38061797752809	0.3186649688760622	1937590590	300.0	0.1404494382022472	0.6722846441947565	0.40402621722846443	0.5177902621722846	11.38061797752809	0.3186649688760622	49	COMPLETE
50	0.2701310861423221	2020-04-10 18:31:43.555667	2020-04-10 18:32:44.134492	5.525092361074634	64	2	68	512	0.6825821543503064	0.042134831460674156	0.2701310861423221	0.10674157303370786	0.16292134831460675	32.8689138576779	0.11993657403618008	0.042134831460674156	0.2701310861423221	0.10674157303370786	0.16292134831460675	32.8689138576779	0.11993657403618008	2014003898	400.0	0.042134831460674156	0.2701310861423221	0.10674157303370786	0.16292134831460675	32.8689138576779	0.11993657403618008	50	COMPLETE
51	0.6226591760299626	2020-04-10 18:32:44.160959	2020-04-10 18:33:33.068965	4.795404023138281	64	1	6	256	0.27541038417170166	0.1441947565543071	0.6226591760299626	0.34129213483146065	0.45552434456928836	13.25936329588015	0.29751580934783955	0.1441947565543071	0.6226591760299626	0.34129213483146065	0.45552434456928836	13.25936329588015	0.29751580934783955	3170124963	250.0	0.1441947565543071	0.6226591760299626	0.34129213483146065	0.45552434456928836	13.25936329588015	0.29751580934783955	51	COMPLETE
52	0.7017790262172284	2020-04-10 18:33:33.097701	2020-04-10 18:35:36.287478	4.051262240353189	128	1	48	128	0.21632274593251027	0.10627340823970037	0.7017790262172284	0.3647003745318352	0.5173220973782772	10.45552434456929	0.2924207649004435	0.10627340823970037	0.7017790262172284	0.3647003745318352	0.5173220973782772	10.45552434456929	0.2924207649004435	1675084246	300.0	0.10627340823970037	0.7017790262172284	0.3647003745318352	0.5173220973782772	10.45552434456929	0.2924207649004435	52	COMPLETE
53	0.7092696629213483	2020-04-10 18:35:36.327286	2020-04-10 18:36:32.797189	3.042165275771616	128	1	46	256	0.2036131591621563	0.06273408239700375	0.7092696629213483	0.3637640449438202	0.5224719101123596	9.849250936329588	0.2683166540683913	0.06273408239700375	0.7092696629213483	0.3637640449438202	0.5224719101123596	9.849250936329588	0.2683166540683913	2761166923	250.0	0.06273408239700375	0.7092696629213483	0.3637640449438202	0.5224719101123596	9.849250936329588	0.2683166540683913	53	COMPLETE
54	0.6118913857677902	2020-04-10 18:36:32.824362	2020-04-10 18:37:18.021078	3.9194918792614355	64	1	71	256	0.27730447146518344	0.13155430711610486	0.6118913857677902	0.34176029962546817	0.4559925093632959	13.373595505617978	0.2869458623837623	0.13155430711610486	0.6118913857677902	0.34176029962546817	0.4559925093632959	13.373595505617978	0.2869458623837623	2233957417	200.0	0.13155430711610486	0.6118913857677902	0.34176029962546817	0.4559925093632959	13.373595505617978	0.2869458623837623	54	COMPLETE
55	0.2607677902621723	2020-04-10 18:37:18.047779	2020-04-10 18:38:02.248552	8.42348160924901	256	2	50	256	0.6778112221387135	0.03932584269662921	0.2607677902621723	0.10440074906367042	0.15636704119850187	32.642790262172284	0.11703468105891401	0.03932584269662921	0.2607677902621723	0.10440074906367042	0.15636704119850187	32.642790262172284	0.11703468105891401	896049658	200.0	0.03932584269662921	0.2607677902621723	0.10440074906367042	0.15636704119850187	32.642790262172284	0.11703468105891401	55	COMPLETE
56	0.7851123595505618	2020-04-10 18:38:02.291685	2020-04-10 18:39:26.959559	0.9368988866020431	128	1	62	256	0.17135741090844997	0.00046816479400749064	0.7851123595505618	0.4250936329588015	0.6039325842696629	8.303604868913858	0.26468684931474973	0.00046816479400749064	0.7855805243445693	0.4250936329588015	0.6039325842696629	8.303370786516854	0.2646890786709117	2131430102	350.0	0.00046816479400749064	0.7851123595505618	0.4250936329588015	0.6039325842696629	8.303838951310862	0.26468482262732984	56	COMPLETE
57	0.26779026217228463	2020-04-10 18:39:26.988180	2020-04-10 18:41:14.876035	3.8848519822002836	64	2	83	128	0.6817717586926529	0.03838951310861423	0.26779026217228463	0.10252808988764045	0.1544943820224719	32.824672284644194	0.11715865807410106	0.03838951310861423	0.26779026217228463	0.10252808988764045	0.1544943820224719	32.824438202247194	0.11715869028358121	2014365063	250.0	0.03838951310861423	0.26779026217228463	0.10252808988764045	0.1544943820224719	32.8249063670412	0.11715862623914974	57	COMPLETE
58	0.26919475655430714	2020-04-10 18:41:14.904578	2020-04-10 18:42:59.891915	3.4991079017568576	64	2	84	256	0.6831020726203179	0.04353932584269663	0.26919475655430714	0.11282771535580524	0.15683520599250936	32.90074906367041	0.12212805267658512	0.04353932584269663	0.26919475655430714	0.11282771535580524	0.15683520599250936	32.90074906367041	0.12212805267658512	3129888170	400.0	0.04353932584269663	0.26919475655430714	0.11282771535580524	0.15683520599250936	32.90074906367041	0.12212805267658512	58	COMPLETE
59	0.2654494382022472	2020-04-10 18:42:59.933751	2020-04-10 18:44:39.148471	3.4197555033576874	64	2	45	128	0.6868226199161457	0.03604868913857678	0.2654494382022472	0.0950374531835206	0.1451310861423221	33.09035580524345	0.11289171353975726	0.03604868913857678	0.2654494382022472	0.0950374531835206	0.1451310861423221	33.09035580524345	0.11289171353975726	4222259855	250.0	0.03604868913857678	0.2654494382022472	0.0950374531835206	0.1451310861423221	33.09035580524345	0.11289171353975726	59	COMPLETE
60	0.25046816479400746	2020-04-10 18:44:39.169463	2020-04-10 18:45:30.258715	9.140766662404188	64	2	11	256	0.6774355051350127	0.03136704119850187	0.25046816479400746	0.08614232209737828	0.14606741573033707	32.59691011235955	0.10809420656608912	0.03136704119850187	0.25046816479400746	0.08614232209737828	0.14606741573033707	32.59691011235955	0.10809420656608912	3940927382	250.0	0.03136704119850187	0.25046816479400746	0.08614232209737828	0.14606741573033707	32.59691011235955	0.10809420656608912	60	COMPLETE
61	0.6596441947565543	2020-04-10 18:45:30.286153	2020-04-10 18:47:17.045827	8.329795509197282	256	1	83	128	0.24826509545710676	0.1502808988764045	0.6596441947565543	0.38295880149812733	0.4934456928838951	11.9438202247191	0.3170605464112271	0.1502808988764045	0.6596441947565543	0.38295880149812733	0.4934456928838951	11.9438202247191	0.3170605464112271	3976349382	250.0	0.1502808988764045	0.6596441947565543	0.38295880149812733	0.4934456928838951	11.9438202247191	0.3170605464112271	61	COMPLETE
62	0.3506554307116105	2020-04-10 18:47:17.099268	2020-04-10 18:48:34.771513	1.4173723748675746	128	2	95	256	0.5719987062566428	0.05758426966292135	0.3506554307116105	0.14559925093632958	0.21816479400749064	27.48361423220974	0.1537050770692631	0.05758426966292135	0.3506554307116105	0.14559925093632958	0.21816479400749064	27.48361423220974	0.1537050770692631	3411049738	300.0	0.05758426966292135	0.3506554307116105	0.14559925093632958	0.21816479400749064	27.48361423220974	0.1537050770692631	62	COMPLETE
63	0.5688202247191011	2020-04-10 18:48:34.794430	2020-04-10 18:49:20.584917	9.316270618322358	64	1	10	512	0.36260681568770514	0.1399812734082397	0.5688202247191011	0.3403558052434457	0.44241573033707865	17.48923220973783	0.2823987813165655	0.1399812734082397	0.5688202247191011	0.3403558052434457	0.44241573033707865	17.48923220973783	0.2823987813165655	2821942206	350.0	0.1399812734082397	0.5688202247191011	0.3403558052434457	0.44241573033707865	17.48923220973783	0.2823987813165655	63	COMPLETE
64	0.26825842696629215	2020-04-10 18:49:20.626305	2020-04-10 18:50:34.090962	6.728403012093576	128	2	82	256	0.6854596961776234	0.039794007490636704	0.26825842696629215	0.10252808988764045	0.1544943820224719	33.01825842696629	0.11736637346252467	0.039794007490636704	0.26825842696629215	0.10252808988764045	0.1544943820224719	33.01825842696629	0.11736637346252467	2388841386	300.0	0.039794007490636704	0.26825842696629215	0.10252808988764045	0.1544943820224719	33.01825842696629	0.11736637346252467	64	COMPLETE
65	0.829119850187266	2020-04-10 18:50:34.134228	2020-04-10 18:51:34.652332	1.0810461097667579	256	1	86	512	0.15918551558412417	0.0009363295880149813	0.829119850187266	0.50187265917603	0.6760299625468165	7.708567415730337	0.2910325520245158	0.0009363295880149813	0.829119850187266	0.50187265917603	0.6760299625468165	7.708333333333333	0.29103440247824697	457069687	350.0	0.0009363295880149813	0.829119850187266	0.50187265917603	0.6760299625468165	7.7088014981273405	0.2910308557752621	65	COMPLETE
66	0.2542134831460674	2020-04-10 18:51:34.711483	2020-04-10 18:52:20.473356	4.800423066770024	128	2	73	256	0.6815334251220251	0.04073033707865169	0.2542134831460674	0.09691011235955056	0.1404494382022472	32.83426966292135	0.11413159839186594	0.04073033707865169	0.2542134831460674	0.09691011235955056	0.1404494382022472	32.83426966292135	0.11413159839186594	527951520	200.0	0.04073033707865169	0.2542134831460674	0.09691011235955056	0.1404494382022472	32.83426966292135	0.11413159839186594	66	COMPLETE
67	0.8478464419475655	2020-04-10 18:52:20.529252	2020-04-10 18:53:24.782209	2.398589954603401	256	1	19	256	0.13433122822983462	0.003745318352059925	0.8478464419475655	0.47659176029962547	0.6521535580524345	6.50561797752809	0.2871018618671804	0.003745318352059925	0.8478464419475655	0.47659176029962547	0.6521535580524345	6.50561797752809	0.2871018618671804	1504666753	300.0	0.003745318352059925	0.8478464419475655	0.47659176029962547	0.6521535580524345	6.50561797752809	0.2871018618671804	67	COMPLETE
68	0.24906367041198502	2020-04-10 18:53:24.814246	2020-04-10 18:55:38.599428	3.623978005950333	256	2	72	128	0.6920536550534505	0.02902621722846442	0.24906367041198502	0.08333333333333333	0.14372659176029962	33.33216292134831	0.10501301526503351	0.02902621722846442	0.24906367041198502	0.08333333333333333	0.14372659176029962	33.33192883895131	0.10501645765322475	380888851	300.0	0.02902621722846442	0.24906367041198502	0.08333333333333333	0.14372659176029962	33.33239700374532	0.10500995536441908	68	COMPLETE
69	0.26357677902621723	2020-04-10 18:55:38.621062	2020-04-10 18:57:25.592032	4.062641500218214	64	2	86	128	0.6851723500673942	0.03885767790262172	0.26357677902621723	0.10112359550561797	0.1549625468164794	32.99485018726592	0.11608481529056987	0.03885767790262172	0.26357677902621723	0.10112359550561797	0.1549625468164794	32.99485018726592	0.11608481529056987	2673695035	250.0	0.03885767790262172	0.26357677902621723	0.10112359550561797	0.1549625468164794	32.99485018726592	0.11608481529056987	69	COMPLETE
70	0.7186329588014981	2020-04-10 18:57:25.619408	2020-04-10 18:58:04.910366	6.155653149821917	256	1	17	256	0.2026620705268426	0.13810861423220974	0.7186329588014981	0.42228464419475653	0.5594569288389513	9.784644194756554	0.32761318130521444	0.13810861423220974	0.7186329588014981	0.42228464419475653	0.5594569288389513	9.784644194756554	0.32761318130521444	829688328	200.0	0.13810861423220974	0.7186329588014981	0.42228464419475653	0.5594569288389513	9.784644194756554	0.32761318130521444	70	COMPLETE
71	0.3497191011235955	2020-04-10 18:58:04.942438	2020-04-10 18:59:21.218075	1.5532347372720534	64	2	66	512	0.567835195273447	0.05664794007490637	0.3497191011235955	0.15215355805243447	0.21816479400749064	27.273408239700373	0.15327937413779813	0.05664794007490637	0.3497191011235955	0.15215355805243447	0.21816479400749064	27.273408239700373	0.15327937413779813	596533461	500.0	0.05664794007490637	0.3497191011235955	0.15215355805243447	0.21816479400749064	27.273408239700373	0.15327937413779813	71	COMPLETE
72	0.6980337078651685	2020-04-10 18:59:21.245057	2020-04-10 19:01:37.106425	3.84966527706241	128	1	75	128	0.2178216615616787	0.11657303370786516	0.6980337078651685	0.3862359550561798	0.5168539325842697	10.515449438202246	0.30133753410369574	0.11657303370786516	0.6980337078651685	0.3862359550561798	0.5168539325842697	10.515449438202246	0.30133753410369574	3553761803	300.0	0.11657303370786516	0.6980337078651685	0.3862359550561798	0.5168539325842697	10.515449438202246	0.30133753410369574	72	COMPLETE
73	0.6512172284644194	2020-04-10 19:01:37.143859	2020-04-10 19:02:21.432772	3.021853164208138	64	1	52	256	0.2443482622178097	0.0997191011235955	0.6512172284644194	0.2982209737827715	0.43773408239700373	11.833333333333334	0.2636395532909953	0.0997191011235955	0.6512172284644194	0.2982209737827715	0.43773408239700373	11.833333333333334	0.2636395532909953	2671609822	200.0	0.0997191011235955	0.6512172284644194	0.2982209737827715	0.43773408239700373	11.833333333333334	0.2636395532909953	73	COMPLETE
74	0.33754681647940077	2020-04-10 19:02:21.460240	2020-04-10 19:05:00.948422	1.6788370709714802	128	2	84	256	0.5829467035242276	0.060393258426966294	0.33754681647940077	0.14606741573033707	0.21348314606741572	28.017322097378276	0.15304582711386172	0.060393258426966294	0.33754681647940077	0.14606741573033707	0.21348314606741572	28.017322097378276	0.15304582711386172	27128680	600.0	0.060393258426966294	0.33754681647940077	0.14606741573033707	0.21348314606741572	28.017322097378276	0.15304582711386172	74	COMPLETE
75	0.26264044943820225	2020-04-10 19:05:00.975413	2020-04-10 19:06:36.824410	3.6429304969485052	128	2	36	128	0.6807971112360334	0.039794007490636704	0.26264044943820225	0.10346441947565543	0.15215355805243447	32.78370786516854	0.11736905789179052	0.039794007490636704	0.26264044943820225	0.10346441947565543	0.15215355805243447	32.78370786516854	0.11736905789179052	573209563	250.0	0.039794007490636704	0.26264044943820225	0.10346441947565543	0.15215355805243447	32.78370786516854	0.11736905789179052	75	COMPLETE
76	0.3618913857677903	2020-04-10 19:06:36.851662	2020-04-10 19:07:31.549058	0.8187853485739485	64	2	38	256	0.5701887892421391	0.10908239700374532	0.3618913857677903	0.20973782771535582	0.27808988764044945	27.32443820224719	0.20157730677167313	0.10908239700374532	0.3618913857677903	0.20973782771535582	0.27808988764044945	27.32443820224719	0.20157730677167313	1334803781	250.0	0.10908239700374532	0.3618913857677903	0.20973782771535582	0.27808988764044945	27.32443820224719	0.20157730677167313	76	COMPLETE
77	0.3553370786516854	2020-04-10 19:07:31.575815	2020-04-10 19:08:29.705193	1.1753036076535939	256	2	84	512	0.5825906549597836	0.060861423220973786	0.3553370786516854	0.14700374531835206	0.22144194756554308	27.964887640449437	0.15545505418878505	0.060861423220973786	0.3553370786516854	0.14700374531835206	0.22144194756554308	27.964887640449437	0.15545505418878505	4190342183	350.0	0.060861423220973786	0.3553370786516854	0.14700374531835206	0.22144194756554308	27.964887640449437	0.15545505418878505	77	COMPLETE
78	0.26685393258426965	2020-04-10 19:08:29.746969	2020-04-10 19:09:57.687557	6.994356326862333	128	2	5	256	0.6872136277436149	0.04307116104868914	0.26685393258426965	0.10627340823970037	0.1549625468164794	33.10323033707865	0.11870393160445004	0.04307116104868914	0.26685393258426965	0.10627340823970037	0.1549625468164794	33.10299625468165	0.1187507480838508	1347506703	400.0	0.04307116104868914	0.26685393258426965	0.10627340823970037	0.1549625468164794	33.10346441947566	0.11867272061818289	78	COMPLETE
79	0.6048689138576779	2020-04-10 19:09:57.729924	2020-04-10 19:10:21.516187	8.786154273772901	128	1	25	512	0.303486865055695	0.1441947565543071	0.6048689138576779	0.3553370786516854	0.4559925093632959	14.579588014981274	0.2955824222027337	0.1441947565543071	0.6048689138576779	0.3553370786516854	0.4559925093632959	14.579588014981274	0.2955824222027337	3823218434	200.0	0.1441947565543071	0.6048689138576779	0.3553370786516854	0.4559925093632959	14.579588014981274	0.2955824222027337	79	COMPLETE
80	0.2705992509363296	2020-04-10 19:10:21.543370	2020-04-10 19:11:59.324487	8.248550094713362	256	2	44	256	0.6870374661872045	0.039794007490636704	0.2705992509363296	0.10627340823970037	0.15823970037453183	33.09784644194757	0.11771049148262161	0.039794007490636704	0.2705992509363296	0.10627340823970037	0.15823970037453183	33.09784644194757	0.11771049148262161	2083858066	400.0	0.039794007490636704	0.2705992509363296	0.10627340823970037	0.15823970037453183	33.09784644194757	0.11771049148262161	80	COMPLETE
81	0.6198501872659176	2020-04-10 19:11:59.345047	2020-04-10 19:13:31.556977	6.963660136534247	128	1	24	128	0.2718164988101045	0.1404494382022472	0.6198501872659176	0.3595505617977528	0.4658239700374532	13.078183520599252	0.2994573304699842	0.1404494382022472	0.6198501872659176	0.3595505617977528	0.4658239700374532	13.078183520599252	0.2994573304699842	3736642196	250.0	0.1404494382022472	0.6198501872659176	0.3595505617977528	0.4658239700374532	13.078183520599252	0.2994573304699842	81	COMPLETE
82	0.6151685393258427	2020-04-10 19:13:31.594330	2020-04-10 19:14:44.013411	3.888858396988283	64	1	85	256	0.2783527719606872	0.11844569288389513	0.6151685393258427	0.3211610486891386	0.4442883895131086	13.40870786516854	0.27513953884168846	0.11844569288389513	0.6151685393258427	0.3211610486891386	0.4442883895131086	13.40870786516854	0.27513953884168846	955606143	300.0	0.11844569288389513	0.6151685393258427	0.3211610486891386	0.4442883895131086	13.40870786516854	0.27513953884168846	82	COMPLETE
83	0.25749063670411987	2020-04-10 19:14:44.034624	2020-04-10 19:15:40.057432	7.619533772600524	64	2	45	256	0.6789412456285557	0.032303370786516857	0.25749063670411987	0.09597378277153558	0.15589887640449437	32.672050561797754	0.11176357424629045	0.032303370786516857	0.25749063670411987	0.09597378277153558	0.15589887640449437	32.671816479400746	0.11176360298568849	352218024	250.0	0.032303370786516857	0.25749063670411987	0.09597378277153558	0.15589887640449437	32.672284644194754	0.11176354582270998	83	COMPLETE
84	0.2649812734082397	2020-04-10 19:15:40.094745	2020-04-10 19:17:52.624204	4.69907874666912	128	2	75	128	0.6853610099963007	0.033707865168539325	0.2649812734082397	0.10393258426966293	0.15870786516853932	33.01638576779026	0.1139432889855568	0.033707865168539325	0.2649812734082397	0.10393258426966293	0.15870786516853932	33.015917602996254	0.11394335796531445	3872581189	300.0	0.033707865168539325	0.2649812734082397	0.10393258426966293	0.15870786516853932	33.01685393258427	0.11394322083915231	84	COMPLETE
85	0.26779026217228463	2020-04-10 19:17:52.663600	2020-04-10 19:19:19.739988	7.225713247697285	64	2	85	512	0.6830544701109428	0.03745318352059925	0.26779026217228463	0.10627340823970037	0.1596441947565543	32.896067415730336	0.11656674546358561	0.03745318352059925	0.26779026217228463	0.10627340823970037	0.1596441947565543	32.896067415730336	0.11656674546358561	3403808465	550.0	0.03745318352059925	0.26779026217228463	0.10627340823970037	0.1596441947565543	32.896067415730336	0.11656674546358561	85	COMPLETE
86	0.2532771535580524	2020-04-10 19:19:19.764126	2020-04-10 19:20:10.265321	9.20071262086415	64	2	63	512	0.6860769657943091	0.03417602996254682	0.2532771535580524	0.09316479400749064	0.14700374531835206	33.039794007490634	0.11124124763115609	0.03417602996254682	0.2532771535580524	0.09316479400749064	0.14700374531835206	33.039794007490634	0.11124124763115609	2918890623	350.0	0.03417602996254682	0.2532771535580524	0.09316479400749064	0.14700374531835206	33.039794007490634	0.11124124763115609	86	COMPLETE
87	0.548689138576779	2020-04-10 19:20:10.291815	2020-04-10 19:21:01.279504	8.188667994382087	64	1	25	256	0.3458973992928123	0.13717228464419476	0.548689138576779	0.3188202247191011	0.4091760299625468	16.615168539325843	0.27672482229289685	0.13717228464419476	0.548689138576779	0.3188202247191011	0.4091760299625468	16.615168539325843	0.27672482229289685	2587418342	250.0	0.13717228464419476	0.548689138576779	0.3188202247191011	0.4091760299625468	16.615168539325843	0.27672482229289685	87	COMPLETE
88	0.8576779026217228	2020-04-10 19:21:01.318679	2020-04-10 19:22:17.729819	1.21389337394198	256	1	50	512	0.1401769421952829	0.00046816479400749064	0.8576779026217228	0.5411985018726592	0.7162921348314607	6.776685393258427	0.307462024645084	0.00046816479400749064	0.8576779026217228	0.5411985018726592	0.7162921348314607	6.776685393258427	0.307462024645084	2137474625	500.0	0.00046816479400749064	0.8576779026217228	0.5411985018726592	0.7162921348314607	6.776685393258427	0.307462024645084	88	COMPLETE
89	0.26217228464419473	2020-04-10 19:22:17.757455	2020-04-10 19:23:45.278777	3.5661458638935457	64	2	76	256	0.6763483142743606	0.031835205992509365	0.26217228464419473	0.10252808988764045	0.15823970037453183	32.55337078651685	0.11403749301809768	0.031835205992509365	0.26217228464419473	0.10252808988764045	0.15823970037453183	32.55337078651685	0.11403749301809768	3169038126	350.0	0.031835205992509365	0.26217228464419473	0.10252808988764045	0.15823970037453183	32.55337078651685	0.11403749301809768	89	COMPLETE
90	0.2696629213483146	2020-04-10 19:23:45.316398	2020-04-10 19:25:29.722391	9.511506803078412	64	2	24	256	0.6862220974056545	0.035580524344569285	0.2696629213483146	0.09925093632958802	0.15636704119850187	33.04611423220974	0.11423658018362337	0.03604868913857678	0.2696629213483146	0.09925093632958802	0.15636704119850187	33.04588014981273	0.11439263511495919	1938952860	450.0	0.035580524344569285	0.2696629213483146	0.09925093632958802	0.15636704119850187	33.04634831460674	0.11415855271795544	90	COMPLETE
91	0.26357677902621723	2020-04-10 19:25:29.749237	2020-04-10 19:26:07.208527	8.375059519536602	64	2	94	512	0.6780393014239908	0.04588014981273408	0.26357677902621723	0.11189138576779026	0.14794007490636704	32.65496254681648	0.12191985768465671	0.04588014981273408	0.26357677902621723	0.11189138576779026	0.14794007490636704	32.65496254681648	0.12191985768465671	2491019530	250.0	0.04588014981273408	0.26357677902621723	0.11189138576779026	0.14794007490636704	32.65496254681648	0.12191985768465671	91	COMPLETE
92	0.3398876404494382	2020-04-10 19:26:07.237807	2020-04-10 19:27:19.240507	0.5381531750116201	128	2	78	512	0.5922760932012164	0.07724719101123595	0.3398876404494382	0.17837078651685392	0.25	28.36563670411985	0.1725548609497578	0.07724719101123595	0.3398876404494382	0.17837078651685392	0.25	28.36563670411985	0.1725548609497578	2628431722	450.0	0.07724719101123595	0.3398876404494382	0.17837078651685392	0.25	28.36563670411985	0.1725548609497578	92	COMPLETE
93	0.27153558052434457	2020-04-10 19:27:19.285093	2020-04-10 19:28:46.295840	7.684530419643091	64	2	65	256	0.682387842553448	0.04728464419475655	0.27153558052434457	0.10674157303370786	0.15589887640449437	32.85814606741573	0.12247751195757069	0.04728464419475655	0.27153558052434457	0.10674157303370786	0.15589887640449437	32.85814606741573	0.12247751195757069	689089029	350.0	0.04728464419475655	0.27153558052434457	0.10674157303370786	0.15589887640449437	32.85814606741573	0.12247751195757069	93	COMPLETE
94	0.7574906367041199	2020-04-10 19:28:46.339621	2020-04-10 19:31:17.932468	0.6020091310469187	64	1	28	512	0.18788165707762042	0.027153558052434457	0.7574906367041199	0.37312734082397003	0.5529026217228464	9.095973782771535	0.25901281276604543	0.027153558052434457	0.7574906367041199	0.37312734082397003	0.5529026217228464	9.095973782771535	0.25901281276604543	3429482423		0.027153558052434457	0.7574906367041199	0.37312734082397003	0.5529026217228464	9.095973782771535	0.25901281276604543	94	COMPLETE
95	0.574438202247191	2020-04-10 19:31:17.958732	2020-04-10 19:31:50.888353	6.178200957194545	64	1	56	512	0.32797054869858794	0.14747191011235955	0.574438202247191	0.3267790262172285	0.41245318352059923	15.764513108614231	0.2852091994335011	0.14747191011235955	0.574438202247191	0.3267790262172285	0.41245318352059923	15.764513108614231	0.2852091994335011	1163825891	250.0	0.14747191011235955	0.574438202247191	0.3267790262172285	0.41245318352059923	15.764513108614231	0.2852091994335011	95	COMPLETE
96	0.250936329588015	2020-04-10 19:31:50.912043	2020-04-10 19:35:07.058581	2.1000075447634408	64	2	95	128	0.6769518759415558	0.03698501872659176	0.250936329588015	0.10674157303370786	0.15355805243445692	32.57865168539326	0.1157734548910551	0.03698501872659176	0.250936329588015	0.10674157303370786	0.15355805243445692	32.57865168539326	0.1157734548910551	3808908401	400.0	0.03698501872659176	0.250936329588015	0.10674157303370786	0.15355805243445692	32.57865168539326	0.1157734548910551	96	COMPLETE
97	0.2654494382022472	2020-04-10 19:35:07.099015	2020-04-10 19:37:22.004908	8.362669119877177	128	2	92	128	0.6860281536817788	0.03604868913857678	0.2654494382022472	0.09550561797752809	0.15777153558052434	33.051029962546814	0.11255659119282897	0.03604868913857678	0.2654494382022472	0.09550561797752809	0.15777153558052434	33.051029962546814	0.11255659119282897	556110035	300.0	0.03604868913857678	0.2654494382022472	0.09550561797752809	0.15777153558052434	33.051029962546814	0.11255659119282897	97	COMPLETE
98	0.6451310861423221	2020-04-10 19:37:22.076507	2020-04-10 19:38:43.836600	6.6844434950958735	128	1	99	128	0.2657326759861203	0.13670411985018727	0.6451310861423221	0.36704119850187267	0.47752808988764045	12.780430711610487	0.300037515249213	0.13670411985018727	0.6451310861423221	0.36704119850187267	0.47752808988764045	12.780430711610487	0.300037515249213	1041896001	200.0	0.13670411985018727	0.6451310861423221	0.36704119850187267	0.47752808988764045	12.780430711610487	0.300037515249213	98	COMPLETE
99	0.2598314606741573	2020-04-10 19:38:43.861385	2020-04-10 19:40:02.256269	6.743593992515262	128	2	5	128	0.6819147539843041	0.03417602996254682	0.2598314606741573	0.09878277153558053	0.1502808988764045	32.84176029962547	0.11276799175324372	0.03417602996254682	0.2598314606741573	0.09878277153558053	0.1502808988764045	32.84129213483146	0.11281484200833121	939881367	300.0	0.03417602996254682	0.2598314606741573	0.09878277153558053	0.1502808988764045	32.84222846441948	0.11273674739338133	99	COMPLETE
