number	value	datetime_start	datetime_complete	params_model.embedding_dim	params_model.scoring_fct_norm	params_negative_sampler.num_negs_per_pos	params_optimizer.lr	params_training.batch_size	user_attrs_avg.adjusted_mean_rank	user_attrs_avg.hits_at_1	user_attrs_avg.hits_at_10	user_attrs_avg.hits_at_3	user_attrs_avg.hits_at_5	user_attrs_avg.mean_rank	user_attrs_avg.mean_reciprocal_rank	user_attrs_best.hits_at_1	user_attrs_best.hits_at_10	user_attrs_best.hits_at_3	user_attrs_best.hits_at_5	user_attrs_best.mean_rank	user_attrs_best.mean_reciprocal_rank	user_attrs_random_seed	user_attrs_stopped_epoch	user_attrs_worst.hits_at_1	user_attrs_worst.hits_at_10	user_attrs_worst.hits_at_3	user_attrs_worst.hits_at_5	user_attrs_worst.mean_rank	user_attrs_worst.mean_reciprocal_rank	system_attrs__number	state
0	0.00017705382436260624	2020-04-02 20:19:02.335649	2020-04-02 20:32:56.793982	64	2	81	0.008815015721852002	128	1.002321600574278	0.0	0.00017705382436260624	0.0	0.0	20320.219281161473	0.0002461550984789216	0.0	0.00017705382436260624	0.0	0.0	20320.19228045326	0.00024615538104834453	379495723	150.0	0.0	0.00017705382436260624	0.0	0.0	20320.246281869688	0.00024615481600775307	0	COMPLETE
1	0.0030099150141643057	2020-04-02 20:32:56.850858	2020-04-02 20:41:20.101420	128	1	35	0.03587455410616913	256	0.9324984730647657	0.000708215297450425	0.0030099150141643057	0.002124645892351275	0.002478753541076487	18904.336579320112	0.0018533488750490641	0.000708215297450425	0.0030099150141643057	0.002124645892351275	0.002478753541076487	18904.328080736545	0.001853348950021823	2850843043	150.0	0.000708215297450425	0.0030099150141643057	0.002124645892351275	0.002478753541076487	18904.345077903683	0.0018533488000907487	1	COMPLETE
2	0.000708215297450425	2020-04-02 20:41:20.180492	2020-04-02 20:47:39.033126	256	1	62	0.0028363840200157976	512	0.9994947276257595	0.000708215297450425	0.000708215297450425	0.000708215297450425	0.000708215297450425	20263.205205382437	0.0009131641333703324	0.000708215297450425	0.000708215297450425	0.000708215297450425	0.000708215297450425	20263.188031161473	0.0009131643030599103	2595830406	150.0	0.000708215297450425	0.000708215297450425	0.000708215297450425	0.000708215297450425	20263.222379603398	0.0009131639637228232	2	COMPLETE
3	0.001593484419263456	2020-04-02 20:47:39.082955	2020-04-02 20:53:13.612433	64	1	30	0.049993898921947166	512	0.9825299034358663	0.000708215297450425	0.001593484419263456	0.00141643059490085	0.00141643059490085	19919.093218838527	0.0012478587064873696	0.000708215297450425	0.001593484419263456	0.00141643059490085	0.00141643059490085	19919.08410056657	0.001247858787529057	1913656733	150.0	0.000708215297450425	0.001593484419263456	0.00141643059490085	0.00141643059490085	19919.102337110482	0.0012478586254681177	3	COMPLETE
4	0.005311614730878187	2020-04-02 20:53:13.659272	2020-04-02 21:20:20.750816	128	1	47	0.02391032635627721	128	0.9122200786401836	0.000708215297450425	0.005311614730878187	0.004072237960339943	0.0047804532577903685	18493.152443342777	0.0028189849529506976	0.000708215297450425	0.005311614730878187	0.004072237960339943	0.0047804532577903685	18493.143944759206	0.0028189850293487873	2506017063	250.0	0.000708215297450425	0.005311614730878187	0.004072237960339943	0.0047804532577903685	18493.160941926344	0.0028189848765664263	4	COMPLETE
5	0.0005311614730878187	2020-04-02 21:20:20.811235	2020-04-02 21:26:03.458578	64	2	81	0.0012571747030790837	512	1.0093537708853115	0.00017705382436260624	0.0005311614730878187	0.00017705382436260624	0.0005311614730878187	20463.097999291786	0.0004982193882303528	0.00017705382436260624	0.0005311614730878187	0.00017705382436260624	0.0005311614730878187	20463.085162889518	0.0004982194751835418	4152581137	150.0	0.00017705382436260624	0.0005311614730878187	0.00017705382436260624	0.0005311614730878187	20463.11083569405	0.0004982193012965895	5	COMPLETE
6	0.0005311614730878187	2020-04-02 21:26:03.505676	2020-04-02 21:31:46.032127	128	2	25	0.02587066339297834	512	0.9814929742160157	0.0	0.0005311614730878187	0.00017705382436260624	0.0005311614730878187	19898.1075601983	0.0004003339452849263	0.0	0.0005311614730878187	0.00017705382436260624	0.0005311614730878187	19898.08321529745	0.0004003344633347009	1044200480	150.0	0.0	0.0005311614730878187	0.00017705382436260624	0.0005311614730878187	19898.13190509915	0.000400333427595966	6	COMPLETE
7	0.001593484419263456	2020-04-02 21:31:46.089722	2020-04-02 21:37:20.390620	64	1	36	0.054711943820162416	512	0.9628369086963704	0.000708215297450425	0.001593484419263456	0.00141643059490085	0.00141643059490085	19519.95901203966	0.0013278635322033145	0.000708215297450425	0.001593484419263456	0.00141643059490085	0.00141643059490085	19519.949362606232	0.001327863662434348	634227786	150.0	0.000708215297450425	0.001593484419263456	0.00141643059490085	0.00141643059490085	19519.96866147309	0.001327863402023434	7	COMPLETE
8	0.00424929178470255	2020-04-02 21:37:20.430829	2020-04-02 21:59:06.134217	256	1	91	0.018447382612321	128	0.9265738402426513	0.000708215297450425	0.00424929178470255	0.004072237960339943	0.004072237960339943	18784.24831798867	0.0026916799258121277	0.000708215297450425	0.00424929178470255	0.004072237960339943	0.004072237960339943	18784.231586402268	0.0026916800619327824	1759226634	200.0	0.000708215297450425	0.00424929178470255	0.004072237960339943	0.004072237960339943	18784.26504957507	0.002691679789715809	8	COMPLETE
9	0.000708215297450425	2020-04-02 21:59:06.180306	2020-04-02 22:13:54.096106	256	2	83	0.0380500985837556	128	0.9992018349444802	0.0005311614730878187	0.000708215297450425	0.000708215297450425	0.000708215297450425	20256.77567280453	0.000808172399224666	0.0005311614730878187	0.000708215297450425	0.000708215297450425	0.000708215297450425	20256.717599150143	0.0008081734593254779	4124068513	150.0	0.0005311614730878187	0.000708215297450425	0.000708215297450425	0.000708215297450425	20256.833746458924	0.0008081713402927186	9	COMPLETE
10	0.0008852691218130312	2020-04-02 22:13:54.150229	2020-04-02 22:27:27.081915	64	1	40	0.010401900814731255	128	0.9920443717350482	0.000708215297450425	0.0008852691218130312	0.000708215297450425	0.0008852691218130312	20111.700247875353	0.0009599673240848852	0.000708215297450425	0.0008852691218130312	0.000708215297450425	0.0008852691218130312	20111.69245750708	0.0009599673656626937	2771255794	150.0	0.000708215297450425	0.0008852691218130312	0.000708215297450425	0.0008852691218130312	20111.708038243625	0.0009599672825117249	10	COMPLETE
11	0.000708215297450425	2020-04-02 22:27:27.131833	2020-04-02 22:33:21.303122	256	2	19	0.027165705625086595	512	0.9869961007798911	0.0005311614730878187	0.000708215297450425	0.000708215297450425	0.000708215297450425	20009.609242209634	0.0007934213253395368	0.0005311614730878187	0.000708215297450425	0.000708215297450425	0.000708215297450425	20009.577195467424	0.0007934215983917309	1502698040	150.0	0.0005311614730878187	0.000708215297450425	0.000708215297450425	0.000708215297450425	20009.64128895184	0.0007934210523550193	11	COMPLETE
12	0.005842776203966006	2020-04-02 22:33:21.350636	2020-04-02 22:42:52.633483	256	1	70	0.09829734727463159	512	0.8954837773526172	0.000708215297450425	0.005842776203966006	0.005311614730878187	0.005311614730878187	18154.06887393768	0.0032884776749469605	0.000708215297450425	0.005842776203966006	0.005311614730878187	0.005311614730878187	18154.05276203966	0.0032884779182767183	3748869846	200.0	0.000708215297450425	0.005842776203966006	0.005311614730878187	0.005311614730878187	18154.084985835692	0.003288477431710396	12	COMPLETE
13	0.000708215297450425	2020-04-02 22:42:52.698089	2020-04-02 22:57:42.121827	256	2	92	0.0033184330144633853	128	1.0118472002772323	0.000708215297450425	0.000708215297450425	0.000708215297450425	0.000708215297450425	20513.357294617563	0.0009553663118095607	0.000708215297450425	0.000708215297450425	0.000708215297450425	0.000708215297450425	20513.331267705384	0.0009553665440179174	1087329659	150.0	0.000708215297450425	0.000708215297450425	0.000708215297450425	0.000708215297450425	20513.383321529745	0.0009553660796579366	13	COMPLETE
14	0.0010623229461756375	2020-04-02 22:57:42.199495	2020-04-02 23:05:58.602077	64	1	49	0.01236263447717072	256	0.9895671608644617	0.000708215297450425	0.0010623229461756375	0.0008852691218130312	0.0008852691218130312	20061.45414305949	0.0010486384689160691	0.000708215297450425	0.0010623229461756375	0.0008852691218130312	0.0008852691218130312	20061.445113314447	0.0010486385948002823	2203100992	150.0	0.000708215297450425	0.0010623229461756375	0.0008852691218130312	0.0008852691218130312	20061.46317280453	0.0010486383430998688	14	COMPLETE
15	0.0005311614730878187	2020-04-02 23:05:58.668300	2020-04-02 23:11:56.962783	128	2	80	0.004950116332505933	512	1.0113781541998725	0.0	0.0005311614730878187	0.0	0.00017705382436260624	20503.924398016996	0.00029565695129076756	0.0	0.0005311614730878187	0.0	0.00017705382436260624	20503.903151558072	0.0002956572080980599	1231710388	150.0	0.0	0.0005311614730878187	0.0	0.00017705382436260624	20503.94564447592	0.00029565669458727674	15	COMPLETE
16	0.0010623229461756375	2020-04-02 23:11:57.001961	2020-04-02 23:25:54.629569	128	2	37	0.0045174303443023525	128	1.0031220362994793	0.0	0.0010623229461756375	0.00017705382436260624	0.0003541076487252125	20336.80559490085	0.00048386400887910326	0.0	0.0010623229461756375	0.00017705382436260624	0.0003541076487252125	20336.787181303116	0.0004838642871853165	3944310651	150.0	0.0	0.0010623229461756375	0.00017705382436260624	0.0003541076487252125	20336.824008498585	0.0004838637307216327	16	COMPLETE
17	0.000708215297450425	2020-04-02 23:25:54.683990	2020-04-02 23:39:36.698163	128	1	44	0.0019788721765359647	128	0.9743746226750893	0.000708215297450425	0.000708215297450425	0.000708215297450425	0.000708215297450425	19753.33808427762	0.0009084533896937541	0.000708215297450425	0.000708215297450425	0.000708215297450425	0.000708215297450425	19753.32754957507	0.0009084535080735575	2159729928	150.0	0.000708215297450425	0.000708215297450425	0.000708215297450425	0.000708215297450425	19753.34861898017	0.0009084532713437123	17	COMPLETE
18	0.0003541076487252125	2020-04-02 23:39:36.748948	2020-04-02 23:48:09.955841	128	2	84	0.0043662377851187715	256	0.9988886704210023	0.0	0.0003541076487252125	0.0003541076487252125	0.0003541076487252125	20250.61287181303	0.0003766470190195738	0.0	0.0003541076487252125	0.0003541076487252125	0.0003541076487252125	20250.594015580737	0.0003766476796635276	1266469428	150.0	0.0	0.0003541076487252125	0.0003541076487252125	0.0003541076487252125	20250.631728045326	0.0003766463591673081	18	COMPLETE
19	0.000708215297450425	2020-04-02 23:48:10.004804	2020-04-03 00:03:03.821844	256	2	97	0.03359182141203753	128	0.9919456416617479	0.0	0.000708215297450425	0.0003541076487252125	0.0003541076487252125	20109.808073654393	0.00047445163757359237	0.0	0.000708215297450425	0.0003541076487252125	0.0003541076487252125	20109.7565509915	0.0004744584184778489	2888165508	150.0	0.0	0.000708215297450425	0.0003541076487252125	0.0003541076487252125	20109.85959631728	0.0004744448999649048	19	COMPLETE
20	0.00017705382436260624	2020-04-03 00:03:03.885243	2020-04-03 00:16:58.130118	64	2	67	0.014801231300059095	128	1.0118764566593106	0.0	0.00017705382436260624	0.00017705382436260624	0.00017705382436260624	20514.19086402266	0.00030149475870495235	0.0	0.00017705382436260624	0.00017705382436260624	0.00017705382436260624	20514.16519121813	0.0003014952120340103	2036307959	150.0	0.0	0.00017705382436260624	0.00017705382436260624	0.00017705382436260624	20514.216536827196	0.00030149430569560595	20	COMPLETE
21	0.0008852691218130312	2020-04-03 00:16:58.188502	2020-04-03 00:31:03.350188	128	2	66	0.0010325274820444507	128	1.014938412977471	0.000708215297450425	0.0008852691218130312	0.0008852691218130312	0.0008852691218130312	20576.37340651558	0.001002046532427376	0.000708215297450425	0.0008852691218130312	0.0008852691218130312	0.0008852691218130312	20576.35109773371	0.0010020467617336312	1699440083	150.0	0.000708215297450425	0.0008852691218130312	0.0008852691218130312	0.0008852691218130312	20576.39571529745	0.0010020463032366065	21	COMPLETE
22	0.0005311614730878187	2020-04-03 00:31:03.391492	2020-04-03 00:45:07.601358	128	2	92	0.0023432761797760235	128	1.000224131511125	0.0	0.0005311614730878187	0.0003541076487252125	0.0003541076487252125	20277.605435552407	0.0004148265123914394	0.0	0.0005311614730878187	0.0003541076487252125	0.0003541076487252125	20277.585339943344	0.00041482691840090754	1307816733	150.0	0.0	0.0005311614730878187	0.0003541076487252125	0.0003541076487252125	20277.625531161473	0.00041482610668944545	22	COMPLETE
23	0.08427762039660057	2020-04-03 00:45:07.652158	2020-04-03 03:00:00.495278	128	1	72	0.055169543314051696	128	0.5964480141013273	0.000708215297450425	0.08427762039660057	0.04320113314447592	0.06303116147308782	12089.820113314448	0.030573713270003713	0.000708215297450425	0.08427762039660057	0.04320113314447592	0.06303116147308782	12089.811437677054	0.03057371403960695	81663616		0.000708215297450425	0.08427762039660057	0.04320113314447592	0.06303116147308782	12089.828788951841	0.030573712501996104	23	COMPLETE
24	0.0003541076487252125	2020-04-03 03:00:00.564227	2020-04-03 03:13:57.116122	64	2	93	0.07721858968340516	128	0.9907001867893985	0.0	0.0003541076487252125	0.0	0.0	20084.90872875354	0.0002369822324967941	0.0	0.0003541076487252125	0.0	0.0	20084.879426345607	0.0002369825688283371	2486199650	150.0	0.0	0.0003541076487252125	0.0	0.0	20084.938031161473	0.00023698189628486044	24	COMPLETE
25	0.0008852691218130312	2020-04-03 03:13:57.167580	2020-04-03 03:28:38.313332	256	2	44	0.0019998039329750497	128	1.0112931351942787	0.000708215297450425	0.0008852691218130312	0.000708215297450425	0.000708215297450425	20502.191749291786	0.0009771683702819768	0.000708215297450425	0.0008852691218130312	0.000708215297450425	0.000708215297450425	20502.163420679888	0.0009771685856917378	1203975628	150.0	0.000708215297450425	0.0008852691218130312	0.000708215297450425	0.000708215297450425	20502.220077903683	0.0009771681549167368	25	COMPLETE
26	0.002124645892351275	2020-04-03 03:28:38.360049	2020-04-03 03:34:20.598817	128	1	55	0.05887681135610615	512	0.971336021445414	0.000708215297450425	0.002124645892351275	0.00141643059490085	0.00141643059490085	19691.990439093486	0.001381096654631492	0.000708215297450425	0.002124645892351275	0.00141643059490085	0.00141643059490085	19691.981940509915	0.0013810967879329698	1402112104	150.0	0.000708215297450425	0.002124645892351275	0.00141643059490085	0.00141643059490085	19691.998937677054	0.0013810965214089601	26	COMPLETE
27	0.0012393767705382436	2020-04-03 03:34:20.644891	2020-04-03 03:40:29.221481	256	1	48	0.0013606706588716081	512	0.9862240097525928	0.000708215297450425	0.0012393767705382436	0.000708215297450425	0.000708215297450425	19994.167935552407	0.0009881061147815223	0.000708215297450425	0.0012393767705382436	0.000708215297450425	0.000708215297450425	19994.153151558072	0.0009881134109318828	3476216788	150.0	0.000708215297450425	0.0012393767705382436	0.000708215297450425	0.000708215297450425	19994.18271954674	0.0009880988809273402	27	COMPLETE
28	0.0005311614730878187	2020-04-03 03:40:29.280458	2020-04-03 03:54:25.494205	64	2	91	0.0036879126864409373	128	1.0182017248810864	0.0	0.0005311614730878187	0.0	0.0003541076487252125	20642.354992917848	0.0003148023915869541	0.0	0.0005311614730878187	0.0	0.0003541076487252125	20642.33410056657	0.0003148025702427385	2200366123	150.0	0.0	0.0005311614730878187	0.0	0.0003541076487252125	20642.37588526912	0.00031480221298570556	28	COMPLETE
29	0.00141643059490085	2020-04-03 03:54:25.539826	2020-04-03 04:00:06.262279	128	1	39	0.0013146181935248132	512	1.0052024127949424	0.000708215297450425	0.00141643059490085	0.000708215297450425	0.0010623229461756375	20379.08764164306	0.0009941089993979744	0.000708215297450425	0.00141643059490085	0.000708215297450425	0.0010623229461756375	20379.07878895184	0.0009941092540470319	1046791656	150.0	0.000708215297450425	0.00141643059490085	0.000708215297450425	0.0010623229461756375	20379.096494334277	0.0009941087450087197	29	COMPLETE
30	0.001593484419263456	2020-04-03 04:00:06.314382	2020-04-03 04:13:39.572753	64	1	57	0.02686679156257881	128	0.9600032348956792	0.000708215297450425	0.001593484419263456	0.0010623229461756375	0.0010623229461756375	19462.227425637393	0.001186573205682329	0.000708215297450425	0.001593484419263456	0.0010623229461756375	0.0010623229461756375	19462.219369688384	0.001186573310809171	433452775	150.0	0.000708215297450425	0.001593484419263456	0.0010623229461756375	0.0010623229461756375	19462.235481586402	0.001186573100584332	30	COMPLETE
31	0.004072237960339943	2020-04-03 04:13:39.626930	2020-04-03 04:26:01.376787	128	1	25	0.01830914108397055	256	0.954085445495844	0.000708215297450425	0.004072237960339943	0.0028328611898017	0.0033640226628895184	19341.992917847027	0.0022583715985538583	0.000708215297450425	0.004072237960339943	0.0028328611898017	0.0033640226628895184	19341.982294617563	0.00225837177353204	4144463197	200.0	0.000708215297450425	0.004072237960339943	0.0028328611898017	0.0033640226628895184	19342.003541076487	0.0022583714236437073	31	COMPLETE
32	0.002301699716713881	2020-04-03 04:26:01.425249	2020-04-03 04:31:32.192394	64	1	11	0.05047405563285491	512	0.9394800914417367	0.000708215297450425	0.002301699716713881	0.0010623229461756375	0.001593484419263456	19045.629337818697	0.0013605974323095723	0.000708215297450425	0.002301699716713881	0.0010623229461756375	0.001593484419263456	19045.621458923513	0.0013605975513398207	3429239226	150.0	0.000708215297450425	0.002301699716713881	0.0010623229461756375	0.001593484419263456	19045.63721671388	0.0013605973133256264	32	COMPLETE
33	0.00141643059490085	2020-04-03 04:31:32.233717	2020-04-03 04:39:53.289094	128	2	4	0.009811997455456948	256	0.9650140620868903	0.000708215297450425	0.00141643059490085	0.0008852691218130312	0.0008852691218130312	19563.89199716714	0.00112671401728846	0.000708215297450425	0.00141643059490085	0.0008852691218130312	0.0008852691218130312	19563.880842776205	0.0011267140782915271	3643959089	150.0	0.000708215297450425	0.00141643059490085	0.0008852691218130312	0.0008852691218130312	19563.903151558072	0.0011267139562929748	33	COMPLETE
34	0.0012393767705382436	2020-04-03 04:39:53.337855	2020-04-03 04:45:29.305188	64	1	61	0.0649311855445134	512	0.9747904120030869	0.000708215297450425	0.0012393767705382436	0.0008852691218130312	0.0012393767705382436	19762.273371104817	0.0011106607684854804	0.000708215297450425	0.0012393767705382436	0.0008852691218130312	0.0012393767705382436	19762.264872521246	0.0011106624657052841	53570435	150.0	0.000708215297450425	0.0012393767705382436	0.0008852691218130312	0.0012393767705382436	19762.281869688384	0.0011106590781562974	34	COMPLETE
35	0.000708215297450425	2020-04-03 04:45:29.358130	2020-04-03 04:53:55.236487	128	2	16	0.018743065636406136	256	0.9945864107477288	0.000708215297450425	0.000708215297450425	0.000708215297450425	0.000708215297450425	20163.217776203965	0.0008900174737077233	0.000708215297450425	0.000708215297450425	0.000708215297450425	0.000708215297450425	20163.19723796034	0.0008900177123356396	878260322	150.0	0.000708215297450425	0.000708215297450425	0.000708215297450425	0.000708215297450425	20163.238314447593	0.0008900172351497325	35	COMPLETE
36	0.0012393767705382436	2020-04-03 04:53:55.283316	2020-04-03 05:07:38.688631	128	1	64	0.009307518594265906	128	0.9883959432865026	0.000708215297450425	0.0012393767705382436	0.0008852691218130312	0.0010623229461756375	20037.658905807366	0.0010828253179359475	0.000708215297450425	0.0012393767705382436	0.0008852691218130312	0.0010623229461756375	20037.65049575071	0.0010828256605673028	4128002403	150.0	0.000708215297450425	0.0012393767705382436	0.0008852691218130312	0.0010623229461756375	20037.667315864022	0.001082824975720155	36	COMPLETE
37	0.0005311614730878187	2020-04-03 05:07:38.763322	2020-04-03 05:21:27.683128	64	2	60	0.001191324228442396	128	0.9960781440412408	0.00017705382436260624	0.0005311614730878187	0.0003541076487252125	0.0005311614730878187	20193.90952549575	0.00046252907388382683	0.00017705382436260624	0.0005311614730878187	0.0003541076487252125	0.0005311614730878187	20193.893944759206	0.00046252921621829955	1848661120	150.0	0.00017705382436260624	0.0005311614730878187	0.0003541076487252125	0.0005311614730878187	20193.925106232295	0.0004625289315896443	37	COMPLETE
38	0.06214589235127479	2020-04-03 05:21:27.730160	2020-04-03 06:17:05.536578	256	1	17	0.032232218268159425	512	0.5692185689565892	0.000708215297450425	0.06214589235127479	0.024787535410764873	0.037004249291784704	11537.46671388102	0.025866794354887215	0.000708215297450425	0.06214589235127479	0.024787535410764873	0.037004249291784704	11537.454851274788	0.025866795123700215	319993703		0.000708215297450425	0.06214589235127479	0.024787535410764873	0.037004249291784704	11537.478576487252	0.02586679358744812	38	COMPLETE
39	0.00141643059490085	2020-04-03 06:17:05.582909	2020-04-03 06:31:30.145011	256	1	41	0.0028590595401064866	128	0.9757851620350411	0.000708215297450425	0.00141643059490085	0.00141643059490085	0.00141643059490085	19781.885800283286	0.0013192478410274306	0.000708215297450425	0.00141643059490085	0.00141643059490085	0.00141643059490085	19781.867917847027	0.0013192480888087614	4131754216	150.0	0.000708215297450425	0.00141643059490085	0.00141643059490085	0.00141643059490085	19781.903682719545	0.0013192475933459537	39	COMPLETE
40	0.000708215297450425	2020-04-03 06:31:30.200476	2020-04-03 06:37:14.439297	128	2	40	0.08562946136952634	512	0.9967886529168629	0.0	0.000708215297450425	0.0	0.00017705382436260624	20207.87216713881	0.0003669576627246942	0.0	0.000708215297450425	0.0	0.00017705382436260624	20207.85304532578	0.0003669583706929702	599806712	150.0	0.0	0.000708215297450425	0.0	0.00017705382436260624	20207.89128895184	0.0003669569555965532	40	COMPLETE
41	0.000708215297450425	2020-04-03 06:37:14.486517	2020-04-03 06:46:38.553416	256	2	93	0.0019108263740806803	256	1.0001376078237758	0.000708215297450425	0.000708215297450425	0.000708215297450425	0.000708215297450425	20275.884029745044	0.0008981409420358938	0.000708215297450425	0.000708215297450425	0.000708215297450425	0.000708215297450425	20275.857294617563	0.0008981416307869246	2522301407	150.0	0.000708215297450425	0.000708215297450425	0.000708215297450425	0.000708215297450425	20275.910764872522	0.0008981402539908385	41	COMPLETE
42	0.002124645892351275	2020-04-03 06:46:38.593713	2020-04-03 06:55:11.279628	256	1	7	0.0014407576973826063	256	0.9759426791644776	0.000708215297450425	0.002124645892351275	0.001593484419263456	0.0019475920679886685	19785.28815509915	0.001463505228513335	0.000708215297450425	0.002124645892351275	0.001593484419263456	0.0019475920679886685	19785.269298866857	0.00146350548777451	1968639125	150.0	0.000708215297450425	0.002124645892351275	0.001593484419263456	0.0019475920679886685	19785.307011331446	0.001463504969383719	42	COMPLETE
43	0.0012393767705382436	2020-04-03 06:55:11.318782	2020-04-03 07:03:39.550590	128	2	31	0.00672300955163256	256	1.0024859129147672	0.0	0.0012393767705382436	0.0003541076487252125	0.0003541076487252125	20323.681480169973	0.00048076652727763945	0.0	0.0012393767705382436	0.0003541076487252125	0.0003541076487252125	20323.66023371105	0.000480767098202057	348186484	150.0	0.0	0.0012393767705382436	0.0003541076487252125	0.0003541076487252125	20323.702726628897	0.000480765956855985	43	COMPLETE
44	0.0012393767705382436	2020-04-03 07:03:39.589682	2020-04-03 07:12:00.304444	128	1	30	0.001812643260057953	256	0.988544257098079	0.000708215297450425	0.0012393767705382436	0.0010623229461756375	0.0010623229461756375	20040.84534348442	0.0011109557856111547	0.000708215297450425	0.0012393767705382436	0.0010623229461756375	0.0010623229461756375	20040.83799575071	0.0011109559462635975	2880736518	150.0	0.000708215297450425	0.0012393767705382436	0.0010623229461756375	0.0010623229461756375	20040.85269121813	0.001110955625049607	44	COMPLETE
45	0.000708215297450425	2020-04-03 07:12:00.343803	2020-04-03 07:25:48.516022	128	2	9	0.001027961996761129	128	0.9997020623407997	0.000708215297450425	0.000708215297450425	0.000708215297450425	0.000708215297450425	20267.21635977337	0.0009088900879222245	0.000708215297450425	0.000708215297450425	0.000708215297450425	0.000708215297450425	20267.19794617564	0.0009088902325009089	2167801257	150.0	0.000708215297450425	0.000708215297450425	0.000708215297450425	0.000708215297450425	20267.234773371103	0.0009088899433700551	45	COMPLETE
46	0.0010623229461756375	2020-04-03 07:25:48.575994	2020-04-03 07:35:18.080859	256	2	99	0.0011739662319872083	256	0.9987699731886555	0.000708215297450425	0.0010623229461756375	0.000708215297450425	0.000708215297450425	20248.220697592067	0.0009350600734543818	0.000708215297450425	0.0010623229461756375	0.000708215297450425	0.000708215297450425	20248.1940509915	0.0009350603767786752	2275676360	150.0	0.000708215297450425	0.0010623229461756375	0.000708215297450425	0.000708215297450425	20248.247344192634	0.0009350597702449226	46	COMPLETE
47	0.0008852691218130312	2020-04-03 07:35:18.121683	2020-04-03 07:40:52.527426	64	1	36	0.020391946851846556	512	0.9944357978811859	0.000708215297450425	0.0008852691218130312	0.000708215297450425	0.0008852691218130312	20160.550548866857	0.0009357232371973817	0.000708215297450425	0.0008852691218130312	0.000708215297450425	0.0008852691218130312	20160.542492917848	0.0009357233107993756	1858141499	150.0	0.000708215297450425	0.0008852691218130312	0.000708215297450425	0.0008852691218130312	20160.558604815866	0.0009357231636111373	47	COMPLETE
48	0.00017705382436260624	2020-04-03 07:40:52.566603	2020-04-03 07:54:48.419939	64	2	84	0.001276540102864242	128	1.0077617913987869	0.00017705382436260624	0.00017705382436260624	0.00017705382436260624	0.00017705382436260624	20430.64775141643	0.00043849503706770634	0.00017705382436260624	0.00017705382436260624	0.00017705382436260624	0.00017705382436260624	20430.631728045326	0.00043849519202838864	330924755	150.0	0.00017705382436260624	0.00017705382436260624	0.00017705382436260624	0.00017705382436260624	20430.663774787536	0.00043849488214297184	48	COMPLETE
49	0.0017705382436260624	2020-04-03 07:54:48.469160	2020-04-03 08:08:21.651418	64	1	36	0.01153355755518655	128	0.9709281774662422	0.000708215297450425	0.0017705382436260624	0.0010623229461756375	0.0012393767705382436	19683.880931303116	0.0011923364964022637	0.000708215297450425	0.0017705382436260624	0.0010623229461756375	0.0012393767705382436	19683.873937677054	0.0011923365758396782	3368773398	150.0	0.000708215297450425	0.0017705382436260624	0.0010623229461756375	0.0012393767705382436	19683.88792492918	0.0011923364169843709	49	COMPLETE
50	0.0012393767705382436	2020-04-03 08:08:21.701586	2020-04-03 08:16:41.563490	128	1	20	0.00404939799803321	256	0.9918964035265966	0.000708215297450425	0.0012393767705382436	0.000708215297450425	0.000708215297450425	20109.014518413598	0.0009753671368829888	0.000708215297450425	0.0012393767705382436	0.000708215297450425	0.000708215297450425	20109.004603399433	0.0009753675499524899	1688658503	150.0	0.000708215297450425	0.0012393767705382436	0.000708215297450425	0.000708215297450425	20109.024433427763	0.000975366724162114	50	COMPLETE
51	0.16926345609065155	2020-04-03 08:16:41.619297	2020-04-03 10:28:14.485813	64	1	21	0.04870099797934761	128	0.49566709313285817	0.000708215297450425	0.16926345609065155	0.10871104815864023	0.1395184135977337	10046.36650141643	0.06379983841302155	0.000708215297450425	0.16926345609065155	0.10871104815864023	0.1395184135977337	10046.361898016998	0.06379983897648722	1093902084		0.000708215297450425	0.16926345609065155	0.10871104815864023	0.1395184135977337	10046.371104815864	0.063799837850742	51	COMPLETE
52	0.0010623229461756375	2020-04-03 10:28:14.560159	2020-04-03 10:36:51.379015	128	1	36	0.0013455247232723247	256	1.0039934587582626	0.000708215297450425	0.0010623229461756375	0.000708215297450425	0.000708215297450425	20354.393059490085	0.0009954300586360349	0.000708215297450425	0.0010623229461756375	0.000708215297450425	0.000708215297450425	20354.38385269122	0.0009954303148070724	1776897892	150.0	0.000708215297450425	0.0010623229461756375	0.000708215297450425	0.000708215297450425	20354.40226628895	0.0009954298027654827	52	COMPLETE
53	0.00141643059490085	2020-04-03 10:36:51.430987	2020-04-03 10:43:09.084141	256	2	56	0.008255358405347217	512	1.0065121110501043	0.0005311614730878187	0.00141643059490085	0.000708215297450425	0.0008852691218130312	20405.446706798866	0.0009367194972347057	0.0005311614730878187	0.00141643059490085	0.000708215297450425	0.0008852691218130312	20405.41802407932	0.0009367210582383693	815804425	150.0	0.0005311614730878187	0.00141643059490085	0.000708215297450425	0.0008852691218130312	20405.475389518415	0.0009367179406964351	53	COMPLETE
54	0.0010623229461756375	2020-04-03 10:43:09.134218	2020-04-03 10:51:20.395142	64	2	4	0.0016733281843539364	256	1.0144346234955015	0.000708215297450425	0.0010623229461756375	0.000708215297450425	0.000708215297450425	20566.038332152973	0.0009299867671394017	0.000708215297450425	0.0010623229461756375	0.000708215297450425	0.000708215297450425	20566.030630311616	0.0009299868489430046	1225625649	150.0	0.000708215297450425	0.0010623229461756375	0.000708215297450425	0.000708215297450425	20566.046033994335	0.0009299866853578835	54	COMPLETE
55	0.0	2020-04-03 10:51:20.444501	2020-04-03 11:05:09.787919	64	2	54	0.023955760880667594	128	1.0138202575719086	0.0	0.0	0.0	0.0	20553.656072946174	0.00022549314820859528	0.0	0.0	0.0	0.0	20553.633675637393	0.00022549327500515648	1152293893	150.0	0.0	0.0	0.0	0.0	20553.678470254956	0.0002254930214357959	55	COMPLETE
56	0.0005311614730878187	2020-04-03 11:05:09.834294	2020-04-03 11:19:07.665027	128	2	25	0.0010390153723726556	128	1.0001525616526696	0.00017705382436260624	0.0005311614730878187	0.00017705382436260624	0.0003541076487252125	20276.500973796035	0.00045898187813011736	0.00017705382436260624	0.0005311614730878187	0.00017705382436260624	0.0003541076487252125	20276.483533994335	0.0004589820926653633	3131877362	150.0	0.00017705382436260624	0.0005311614730878187	0.00017705382436260624	0.0003541076487252125	20276.518413597732	0.0004589816636881313	56	COMPLETE
57	0.0028328611898017	2020-04-03 11:19:07.720539	2020-04-03 11:27:52.980053	256	1	40	0.008582998222099522	256	0.9630861067220956	0.000708215297450425	0.0028328611898017	0.001593484419263456	0.002124645892351275	19524.739996458924	0.0015368080810396014	0.000708215297450425	0.0028328611898017	0.001593484419263456	0.002124645892351275	19524.725035410764	0.0015368081943268844	4262399916	150.0	0.000708215297450425	0.0028328611898017	0.001593484419263456	0.002124645892351275	19524.75495750708	0.001536807967773511	57	COMPLETE
58	0.0017705382436260624	2020-04-03 11:27:53.027127	2020-04-03 11:36:15.792107	128	1	61	0.001587378528205374	256	0.9861214392853968	0.000708215297450425	0.0017705382436260624	0.0008852691218130312	0.0008852691218130312	19991.911296033995	0.001100683237930339	0.000708215297450425	0.0017705382436260624	0.0008852691218130312	0.0008852691218130312	19991.903505665723	0.0011006837089875354	796795509	150.0	0.000708215297450425	0.0017705382436260624	0.0008852691218130312	0.0008852691218130312	19991.919086402268	0.001100682767742699	58	COMPLETE
59	0.0008852691218130312	2020-04-03 11:36:15.843797	2020-04-03 11:45:02.333094	256	2	15	0.0015480217883468332	256	0.9903054478819638	0.000708215297450425	0.0008852691218130312	0.000708215297450425	0.000708215297450425	20076.746281869688	0.0009034609827731887	0.000708215297450425	0.0008852691218130312	0.000708215297450425	0.000708215297450425	20076.71724504249	0.0009034613521927931	3556318428	150.0	0.000708215297450425	0.0008852691218130312	0.000708215297450425	0.000708215297450425	20076.775318696884	0.0009034606135637192	59	COMPLETE
60	0.000708215297450425	2020-04-03 11:45:02.393827	2020-04-03 11:53:35.395450	128	2	82	0.04195344167395254	256	1.007494644068348	0.0003541076487252125	0.000708215297450425	0.0003541076487252125	0.0005311614730878187	20425.02841713881	0.0006132165826321465	0.0003541076487252125	0.000708215297450425	0.0003541076487252125	0.0005311614730878187	20424.98742917847	0.0006132171387445845	2119959745	150.0	0.0003541076487252125	0.000708215297450425	0.0003541076487252125	0.0005311614730878187	20425.06940509915	0.0006132160267885349	60	COMPLETE
61	0.0	2020-04-03 11:53:35.458268	2020-04-03 12:02:07.989928	128	2	78	0.023508583602154992	256	1.0012448122979962	0.0	0.0	0.0	0.0	20298.753541076487	0.0002089508862677501	0.0	0.0	0.0	0.0	20298.71866147309	0.00020895116591637528	830045201	150.0	0.0	0.0	0.0	0.0	20298.788420679888	0.00020895060668231063	61	COMPLETE
62	0.0035410764872521247	2020-04-03 12:02:08.032609	2020-04-03 12:10:17.195390	128	1	2	0.002599209552062519	512	0.9752722225959212	0.000708215297450425	0.0035410764872521247	0.002124645892351275	0.0026558073654390935	19771.968130311616	0.001880638467577999	0.000708215297450425	0.0035410764872521247	0.002124645892351275	0.0026558073654390935	19771.960162889518	0.0018806385166249748	690758978	200.0	0.000708215297450425	0.0035410764872521247	0.002124645892351275	0.0026558073654390935	19771.97609773371	0.0018806384185368352	62	COMPLETE
63	0.0	2020-04-03 12:10:17.248812	2020-04-03 12:24:11.979555	64	2	78	0.051153954991306205	128	1.0128822441338317	0.0	0.0	0.0	0.0	20534.596405807366	0.0001874842806340273	0.0	0.0	0.0	0.0	20534.567103399433	0.00018748472284590303	432944830	150.0	0.0	0.0	0.0	0.0	20534.6257082153	0.00018748383870243715	63	COMPLETE
64	0.0008852691218130312	2020-04-03 12:24:12.028315	2020-04-03 12:29:59.707773	256	1	15	0.0030031908617512053	512	0.9671020546598957	0.000708215297450425	0.0008852691218130312	0.0008852691218130312	0.0008852691218130312	19605.820378895183	0.0010337091551420546	0.000708215297450425	0.0008852691218130312	0.0008852691218130312	0.0008852691218130312	19605.80400141643	0.0010337093251812654	1065222194	150.0	0.000708215297450425	0.0008852691218130312	0.0008852691218130312	0.0008852691218130312	19605.836756373938	0.0010337089851577452	64	COMPLETE
65	0.005488668555240793	2020-04-03 12:29:59.762344	2020-04-03 12:50:35.016033	128	1	68	0.04985389042388313	256	0.9094697977663211	0.000708215297450425	0.005488668555240793	0.0035410764872521247	0.0047804532577903685	18436.90297450425	0.002726522171904766	0.000708215297450425	0.005488668555240793	0.0035410764872521247	0.0047804532577903685	18436.893767705384	0.002726522302556133	214211870	300.0	0.000708215297450425	0.005488668555240793	0.0035410764872521247	0.0047804532577903685	18436.912181303116	0.0027265220412947015	65	COMPLETE
66	0.000708215297450425	2020-04-03 12:50:35.076295	2020-04-03 12:57:06.463139	256	2	73	0.007614125287748476	512	1.011638260873769	0.0005311614730878187	0.000708215297450425	0.000708215297450425	0.000708215297450425	20509.17855878187	0.0008460946213722132	0.0005311614730878187	0.000708215297450425	0.000708215297450425	0.000708215297450425	20509.14890226629	0.0008460950032388206	1740931244	150.0	0.0005311614730878187	0.000708215297450425	0.000708215297450425	0.000708215297450425	20509.20821529745	0.0008460942396656596	66	COMPLETE
67	0.0012393767705382436	2020-04-03 12:57:06.517651	2020-04-03 13:02:42.406607	64	2	12	0.003029279902654229	512	1.0139792766519404	0.0005311614730878187	0.0012393767705382436	0.0008852691218130312	0.0008852691218130312	20556.51460694051	0.0009495604659732385	0.0005311614730878187	0.0012393767705382436	0.0008852691218130312	0.0008852691218130312	20556.5007082153	0.0009495606395167996	2693757860	150.0	0.0005311614730878187	0.0012393767705382436	0.0008852691218130312	0.0008852691218130312	20556.528505665723	0.0009495602924855604	67	COMPLETE
68	0.0003541076487252125	2020-04-03 13:02:42.456982	2020-04-03 13:11:15.829601	128	2	77	0.01993971194569252	256	1.0193120197955938	0.00017705382436260624	0.0003541076487252125	0.0003541076487252125	0.0003541076487252125	20664.768148016996	0.00047974549970020586	0.00017705382436260624	0.0003541076487252125	0.0003541076487252125	0.0003541076487252125	20664.729992917848	0.00047974592755411507	1239982241	150.0	0.00017705382436260624	0.0003541076487252125	0.0003541076487252125	0.0003541076487252125	20664.806303116147	0.000479745072055306	68	COMPLETE
69	0.000708215297450425	2020-04-03 13:11:15.880295	2020-04-03 13:17:00.751181	128	2	40	0.010293302634429366	512	0.989350485997	0.0	0.000708215297450425	0.0003541076487252125	0.0003541076487252125	20057.421830736545	0.00042375157547040407	0.0	0.000708215297450425	0.0003541076487252125	0.0003541076487252125	20057.39854815864	0.0004237518615614674	2371306516	150.0	0.0	0.000708215297450425	0.0003541076487252125	0.0003541076487252125	20057.445113314447	0.00042375128948684236	69	COMPLETE
70	0.000708215297450425	2020-04-03 13:17:00.798449	2020-04-03 13:31:42.969406	256	2	58	0.0016299773239987385	128	0.9934943566464303	0.000708215297450425	0.000708215297450425	0.000708215297450425	0.000708215297450425	20141.40377124646	0.0009262744522971789	0.000708215297450425	0.000708215297450425	0.000708215297450425	0.000708215297450425	20141.37216713881	0.0009262751729235807	3363130018	150.0	0.000708215297450425	0.000708215297450425	0.000708215297450425	0.000708215297450425	20141.435375354107	0.0009262737321670051	70	COMPLETE
71	0.0008852691218130312	2020-04-03 13:31:43.018750	2020-04-03 13:38:10.080640	256	2	66	0.0022016968850582506	512	0.9968312097892009	0.000708215297450425	0.0008852691218130312	0.000708215297450425	0.000708215297450425	20209.155984419263	0.0009113620693079441	0.000708215297450425	0.0008852691218130312	0.000708215297450425	0.000708215297450425	20209.128718130312	0.0009113624201144735	2985775693	150.0	0.000708215297450425	0.0008852691218130312	0.000708215297450425	0.000708215297450425	20209.183250708214	0.0009113617187054046	71	COMPLETE
72	0.0	2020-04-03 13:38:10.130846	2020-04-03 13:52:05.327630	64	2	66	0.01230894659026813	128	0.9981369211084689	0.0	0.0	0.0	0.0	20235.534968130312	0.00021331093296379138	0.0	0.0	0.0	0.0	20235.509915014165	0.00021331126496395794	2201936335	150.0	0.0	0.0	0.0	0.0	20235.56002124646	0.00021331060110299784	72	COMPLETE
73	0.0	2020-04-03 13:52:05.370805	2020-04-03 14:00:29.091546	64	2	42	0.04460691271930981	256	1.006109617731647	0.0	0.0	0.0	0.0	20397.23866855524	0.0001904600630025136	0.0	0.0	0.0	0.0	20397.222379603398	0.00019046019415011974	3643211857	150.0	0.0	0.0	0.0	0.0	20397.25495750708	0.00019045993188516504	73	COMPLETE
74	0.0008852691218130312	2020-04-03 14:00:29.135224	2020-04-03 14:06:05.119123	64	2	13	0.02393274194178792	512	1.006253864786235	0.0	0.0008852691218130312	0.0005311614730878187	0.0008852691218130312	20399.94927407932	0.0004780570343565295	0.0	0.0008852691218130312	0.0005311614730878187	0.0008852691218130312	20399.93519830028	0.0004780577389781501	3945798009	150.0	0.0	0.0008852691218130312	0.0005311614730878187	0.0008852691218130312	20399.963349858357	0.0004780563310345962	74	COMPLETE
75	0.0005311614730878187	2020-04-03 14:06:05.170839	2020-04-03 14:11:49.499588	128	2	35	0.03545021125194214	512	0.9891403316010275	0.0	0.0005311614730878187	0.00017705382436260624	0.00017705382436260624	20053.10516997167	0.00030103541012754245	0.0	0.0005311614730878187	0.00017705382436260624	0.00017705382436260624	20053.08162181303	0.00030103656677759244	657929889	150.0	0.0	0.0005311614730878187	0.00017705382436260624	0.00017705382436260624	20053.128718130312	0.0003010342558372184	75	COMPLETE
76	0.00017705382436260624	2020-04-03 14:11:49.556943	2020-04-03 14:20:17.542918	64	2	71	0.019827974809615168	256	0.997915190547169	0.0	0.00017705382436260624	0.00017705382436260624	0.00017705382436260624	20231.04957507082	0.0002982035408666109	0.0	0.00017705382436260624	0.00017705382436260624	0.00017705382436260624	20231.024079320112	0.00029820375670079304	2280937374	150.0	0.0	0.00017705382436260624	0.00017705382436260624	0.00017705382436260624	20231.07507082153	0.00029820332509415703	76	COMPLETE
77	0.000708215297450425	2020-04-03 14:20:17.591925	2020-04-03 14:26:21.578656	256	2	39	0.010632913647494885	512	1.0046214702521161	0.0005311614730878187	0.000708215297450425	0.0005311614730878187	0.0005311614730878187	20366.878629603398	0.0007480280720747025	0.0005311614730878187	0.000708215297450425	0.0005311614730878187	0.0005311614730878187	20366.84791076487	0.0007480283954859451	447217113	150.0	0.0005311614730878187	0.000708215297450425	0.0005311614730878187	0.0005311614730878187	20366.909348441928	0.0007480277487446129	77	COMPLETE
78	0.002478753541076487	2020-04-03 14:26:21.626802	2020-04-03 14:32:07.522396	256	1	8	0.002825071290500053	512	0.9806936271783802	0.000708215297450425	0.002478753541076487	0.0019475920679886685	0.002124645892351275	19881.577018413598	0.0016129852734816544	0.000708215297450425	0.002478753541076487	0.0019475920679886685	0.002124645892351275	19881.55966713881	0.0016129855344299102	4126341642	150.0	0.000708215297450425	0.002478753541076487	0.0019475920679886685	0.002124645892351275	19881.594369688384	0.0016129850126441942	78	COMPLETE
79	0.000708215297450425	2020-04-03 14:32:07.572564	2020-04-03 14:46:57.298223	256	2	93	0.004184223902759255	128	1.0061990780224916	0.0005311614730878187	0.000708215297450425	0.0005311614730878187	0.0005311614730878187	20398.888633144477	0.0007473802858197917	0.0005311614730878187	0.000708215297450425	0.0005311614730878187	0.0005311614730878187	20398.842776203965	0.0007473808899325548	3300139415	150.0	0.0005311614730878187	0.000708215297450425	0.0005311614730878187	0.0005311614730878187	20398.934490084986	0.0007473796821408154	79	COMPLETE
80	0.00141643059490085	2020-04-03 14:46:57.346979	2020-04-03 15:01:40.290640	256	1	100	0.0029023181340253616	128	1.0049253384330157	0.000708215297450425	0.00141643059490085	0.000708215297450425	0.0008852691218130312	20373.319316572237	0.0010495765387054502	0.000708215297450425	0.00141643059490085	0.000708215297450425	0.0008852691218130312	20373.303470254956	0.0010495766633537478	3378063153	150.0	0.000708215297450425	0.00141643059490085	0.000708215297450425	0.0008852691218130312	20373.335162889518	0.001049576414081317	80	COMPLETE
81	0.0012393767705382436	2020-04-03 15:01:40.342102	2020-04-03 15:10:23.489279	256	1	34	0.003635955529469118	256	0.9718329534140119	0.000708215297450425	0.0012393767705382436	0.0012393767705382436	0.0012393767705382436	19702.466094192634	0.0012239394947300742	0.000708215297450425	0.0012393767705382436	0.0012393767705382436	0.0012393767705382436	19702.44883144476	0.00122393971501208	4234818017	150.0	0.000708215297450425	0.0012393767705382436	0.0012393767705382436	0.0012393767705382436	19702.48335694051	0.0012239392745233295	81	COMPLETE
82	0.007082152974504249	2020-04-03 15:10:23.542092	2020-04-03 15:39:18.588024	256	1	94	0.02366637145303303	128	0.8983396054421002	0.000708215297450425	0.007082152974504249	0.005488668555240793	0.006373937677053824	18211.68581798867	0.0036333348076706207	0.000708215297450425	0.007082152974504249	0.005488668555240793	0.006373937677053824	18211.668732294616	0.0036333362362110265	632840778	250.0	0.000708215297450425	0.007082152974504249	0.005488668555240793	0.006373937677053824	18211.70290368272	0.0036333333839114615	82	COMPLETE
83	0.000708215297450425	2020-04-03 15:39:18.651848	2020-04-03 15:53:09.678711	128	2	12	0.016151169261055535	128	0.9968571334058739	0.000708215297450425	0.000708215297450425	0.000708215297450425	0.000708215297450425	20209.617917847027	0.0009323348470527676	0.000708215297450425	0.000708215297450425	0.000708215297450425	0.000708215297450425	20209.59791076487	0.0009323351439022962	1226325577	150.0	0.000708215297450425	0.000708215297450425	0.000708215297450425	0.000708215297450425	20209.63792492918	0.000932334550343336	83	COMPLETE
84	0.0026558073654390935	2020-04-03 15:53:09.721050	2020-04-03 16:07:51.837471	256	2	48	0.08873497464401545	128	0.9822290373232244	0.000708215297450425	0.0026558073654390935	0.0017705382436260624	0.0026558073654390935	19913.05931303116	0.001680688048849651	0.000708215297450425	0.0026558073654390935	0.0017705382436260624	0.0026558073654390935	19913.029036827196	0.0016806905687596484	3005702287	150.0	0.000708215297450425	0.0026558073654390935	0.0017705382436260624	0.0026558073654390935	19913.08958923513	0.0016806855372623458	84	COMPLETE
85	0.0003541076487252125	2020-04-03 16:07:51.888232	2020-04-03 16:13:46.112681	128	2	70	0.020236093412419977	512	1.0292412760894363	0.00017705382436260624	0.0003541076487252125	0.00017705382436260624	0.00017705382436260624	20866.298424220964	0.00038616249376762234	0.00017705382436260624	0.0003541076487252125	0.00017705382436260624	0.00017705382436260624	20866.269652974504	0.00038616422704845305	151483121	150.0	0.00017705382436260624	0.0003541076487252125	0.00017705382436260624	0.00017705382436260624	20866.327195467424	0.00038616076626056615	85	COMPLETE
86	0.000708215297450425	2020-04-03 16:13:46.197915	2020-04-03 16:22:04.191155	64	2	14	0.0021067268394300937	256	1.0062676256464569	0.00017705382436260624	0.000708215297450425	0.0003541076487252125	0.0005311614730878187	20400.10667492918	0.0005273962077953445	0.00017705382436260624	0.000708215297450425	0.0003541076487252125	0.0005311614730878187	20400.09383852691	0.0005273964879152993	2997733709	150.0	0.00017705382436260624	0.000708215297450425	0.0003541076487252125	0.0005311614730878187	20400.119511331446	0.0005273959278282611	86	COMPLETE
87	0.0010623229461756375	2020-04-03 16:22:04.245360	2020-04-03 16:27:58.424887	256	2	19	0.03681216152428623	512	0.9898352472846629	0.0005311614730878187	0.0010623229461756375	0.000708215297450425	0.0008852691218130312	20067.153240084986	0.0008318521069874979	0.0005311614730878187	0.0010623229461756375	0.000708215297450425	0.0008852691218130312	20067.123760623228	0.000831852976584397	2594404581	150.0	0.0005311614730878187	0.0010623229461756375	0.000708215297450425	0.0008852691218130312	20067.18271954674	0.0008318512385154203	87	COMPLETE
88	0.0017705382436260624	2020-04-03 16:27:58.476181	2020-04-03 16:41:31.930735	64	1	37	0.0647541453514078	128	0.9255115464967474	0.000708215297450425	0.0017705382436260624	0.0017705382436260624	0.0017705382436260624	18762.383233002834	0.0014945083120841821	0.000708215297450425	0.0017705382436260624	0.0017705382436260624	0.0017705382436260624	18762.376239376772	0.0014945083694424806	2971749546	150.0	0.000708215297450425	0.0017705382436260624	0.0017705382436260624	0.0017705382436260624	18762.390226628897	0.0014945082547371828	88	COMPLETE
89	0.0010623229461756375	2020-04-03 16:41:31.980247	2020-04-03 16:49:52.242324	64	1	96	0.0017160346851298298	256	0.9876127944074067	0.000708215297450425	0.0010623229461756375	0.0008852691218130312	0.0008852691218130312	20022.276912181303	0.00100236929736804	0.000708215297450425	0.0010623229461756375	0.0008852691218130312	0.0008852691218130312	20022.269298866857	0.0010023694029995677	1481115970	150.0	0.000708215297450425	0.0010623229461756375	0.0008852691218130312	0.0008852691218130312	20022.28452549575	0.001002369191768172	89	COMPLETE
90	0.000708215297450425	2020-04-03 16:49:52.294963	2020-04-03 16:55:31.475267	64	1	92	0.019837904057104023	512	0.9822922404718859	0.000708215297450425	0.000708215297450425	0.000708215297450425	0.000708215297450425	19914.289217422098	0.000892251116521382	0.000708215297450425	0.000708215297450425	0.000708215297450425	0.000708215297450425	19914.280276203965	0.0008922512381410142	3971142931	150.0	0.000708215297450425	0.000708215297450425	0.000708215297450425	0.000708215297450425	19914.298158640227	0.0008922509949401086	90	COMPLETE
91	0.05701133144475921	2020-04-03 16:55:31.522012	2020-04-03 18:19:26.435448	256	1	19	0.014474012811674018	256	0.5772347037525166	0.000708215297450425	0.05701133144475921	0.018944759206798868	0.02868271954674221	11700.296742209632	0.020033950441882664	0.000708215297450425	0.05701133144475921	0.018944759206798868	0.02868271954674221	11700.28452549575	0.02003395801181968	1114414078		0.000708215297450425	0.05701133144475921	0.018944759206798868	0.02868271954674221	11700.308958923513	0.020033942930553775	91	COMPLETE
92	0.001593484419263456	2020-04-03 18:19:26.478441	2020-04-03 18:34:00.700327	256	1	76	0.0016132411531657685	128	0.9836553638962956	0.000708215297450425	0.001593484419263456	0.0010623229461756375	0.0012393767705382436	19942.06099504249	0.001212187657986227	0.000708215297450425	0.001593484419263456	0.0010623229461756375	0.0012393767705382436	19942.041961756375	0.0012121878170921637	2960234694	150.0	0.000708215297450425	0.001593484419263456	0.0010623229461756375	0.0012393767705382436	19942.08002832861	0.0012121874989115026	92	COMPLETE
93	0.0003541076487252125	2020-04-03 18:34:00.751314	2020-04-03 18:47:50.670185	64	2	55	0.04962823858121167	128	1.0192101329757095	0.00017705382436260624	0.0003541076487252125	0.0003541076487252125	0.0003541076487252125	20662.739111189803	0.000412694868168105	0.00017705382436260624	0.0003541076487252125	0.0003541076487252125	0.0003541076487252125	20662.716890934844	0.00041269520719636047	2693780339	150.0	0.00017705382436260624	0.0003541076487252125	0.0003541076487252125	0.0003541076487252125	20662.76133144476	0.00041269452941339606	93	COMPLETE
94	0.000708215297450425	2020-04-03 18:47:50.716233	2020-04-03 18:53:25.297716	64	1	36	0.0017266936384284905	512	0.9896606594307875	0.000708215297450425	0.000708215297450425	0.000708215297450425	0.000708215297450425	20063.77567280453	0.0009209041294976748	0.000708215297450425	0.000708215297450425	0.000708215297450425	0.000708215297450425	20063.76699716714	0.0009209041937402148	3140219971	150.0	0.000708215297450425	0.000708215297450425	0.000708215297450425	0.000708215297450425	20063.784348441928	0.0009209040652653779	94	COMPLETE
95	0.005134560906515581	2020-04-03 18:53:25.341969	2020-04-03 19:02:45.355221	256	1	62	0.04404188941885741	512	0.9299453271738913	0.000708215297450425	0.005134560906515581	0.004603399433427762	0.004957507082152974	18852.977337110482	0.0030725069742729436	0.000708215297450425	0.005134560906515581	0.004603399433427762	0.004957507082152974	18852.961225212464	0.0030725073758138214	3320329867	200.0	0.000708215297450425	0.005134560906515581	0.004603399433427762	0.004957507082152974	18852.9934490085	0.0030725065731097476	95	COMPLETE
96	0.0003541076487252125	2020-04-03 19:02:45.408752	2020-04-03 19:11:10.713842	64	2	49	0.0038108063396968496	256	1.0015685189884438	0.0	0.0003541076487252125	0.00017705382436260624	0.00017705382436260624	20304.823300283286	0.0002699725823032432	0.0	0.0003541076487252125	0.00017705382436260624	0.00017705382436260624	20304.807188385268	0.0002699728260365427	2203474575	150.0	0.0	0.0003541076487252125	0.00017705382436260624	0.00017705382436260624	20304.839412181303	0.00026997233867852603	96	COMPLETE
97	0.00017705382436260624	2020-04-03 19:11:10.756523	2020-04-03 19:20:20.482573	256	2	74	0.04529816402782603	256	1.005692117315013	0.00017705382436260624	0.00017705382436260624	0.00017705382436260624	0.00017705382436260624	20388.8059490085	0.0003789616577503529	0.00017705382436260624	0.00017705382436260624	0.00017705382436260624	0.00017705382436260624	20388.75336402266	0.00037896243145604265	669718813	150.0	0.00017705382436260624	0.00017705382436260624	0.00017705382436260624	0.00017705382436260624	20388.858533994335	0.00037896088451291047	97	COMPLETE
98	0.002301699716713881	2020-04-03 19:20:20.530085	2020-04-03 19:31:52.862976	64	1	4	0.003455124180530833	128	0.9557699388916822	0.000708215297450425	0.002301699716713881	0.00141643059490085	0.001593484419263456	19376.495750708214	0.0014098989866605204	0.000708215297450425	0.002301699716713881	0.00141643059490085	0.001593484419263456	19376.486720963174	0.00140989904859106	1455474800	150.0	0.000708215297450425	0.002301699716713881	0.00141643059490085	0.001593484419263456	19376.50478045326	0.0014098989247403482	98	COMPLETE
99	0.000708215297450425	2020-04-03 19:31:52.916462	2020-04-03 19:40:46.985843	256	1	59	0.00306351746043784	256	1.0069467924569742	0.000708215297450425	0.000708215297450425	0.000708215297450425	0.000708215297450425	20413.94157223796	0.0009007226423489303	0.000708215297450425	0.000708215297450425	0.000708215297450425	0.000708215297450425	20413.92404390935	0.0009007228689603318	2870151201	150.0	0.000708215297450425	0.000708215297450425	0.000708215297450425	0.000708215297450425	20413.95910056657	0.0009007224158201444	99	COMPLETE
